2026-08-26 14:14:00|8AA68EA66062E0828486888A8CE103F0491101834332A9E703000000000000000000000051030000000000000000000000000000000000000000000000000000|14887552|PE0SAT-11-JO21mr
2026-08-26 14:14:00|8AA68EA66062E0828486888A8CE103F048110182433238106F0011010000080000008882B285260000000000804100000000000000000000|14887552|PE0SAT-11-JO21mr
2026-08-26 14:14:00|8AA68EA66062E0828486888A8CE103F047110180456E6475726F736174|14887552|PE0SAT-11-JO21mr
2026-08-26 14:13:59|8AA68EA66062E0828486888A8CE103F0461101330305016200010A0000000000004C2C16446400010F010300447F3C23FE07D801023FB04A|14887552|PE0SAT-11-JO21mr
2026-08-26 14:13:59|8AA68EA66062E0828486888A8CE103F0451101330205015E00010501000040005F000110AC0FAB0FFFFFFFFFFFFFFFFFAD0FAE0F6000010F0100000000000000000000982B5A506200010F0100000000|14887552|PE0SAT-11-JO21mr
2026-08-26 14:13:58|8AA68EA66062E0828486888A8CE103F0441101330105014E00030D000000000000000000000000005900010DFEFFFFFFDA3E250009420000035B000108D93E23007605B9005D000106B43D00007000|14887552|PE0SAT-11-JO21mr
2026-08-26 14:13:58|8AA68EA66062E0828486888A8CE103F043110133000501460001120000000000000A0A0A0000020101C5E5EE9D4E00032C00000000000000000000000000000000000000000000000000000000000000|14887552|PE0SAT-11-JO21mr
2026-08-26 14:13:57|8AA68EA66062E0828486888A8CE103F042110133FF0501460001470000000800000072AF8BA162D5B7C042E4146CB9E99AC0A574100F3BF6B0409037893E9DC07D3EE13BD83D00000000000000000000|14887552|PE0SAT-11-JO21mr
2026-08-26 14:13:57|8AA68EA66062E0828486888A8CE103F041110133FE05014600017C48000002CF44FA430000000010000000F647E55551BD4E41A89FAA296FFC04C14E64CE02B0405541C49AA84175E3EA41C494FA4000|14887552|PE0SAT-11-JO21mr
2026-08-26 14:13:56|8AA68EA66062E0828486888A8CE103F040110133FD05013A00031D2F514E3CBFD9CE2C3BBFF1033FBE18E13E6490093D5628D0BD23C90D3D46000190AA44121CF100002070000000B0B48109F0268112|14887552|PE0SAT-11-JO21mr
2026-08-26 14:13:56|8AA68EA66062E0828486888A8CE103F03F110133FC05013900032A3F7B14AE47E17A743FFCA9F1D24D62603F000000000000000000000000000000000000000000000000063A0003249DF48E6A404ABE|14887552|PE0SAT-11-JO21mr
2026-08-26 14:13:55|8AA68EA66062E0828486888A8CE103F03E110133FB05013900015FAEBF7B14AE47E17A84BF631257B3E6FDB6B22F4230342D431CEBE2362A3F2F6EA301BC0552BF7B14AE47E17A643FFA7E6ABC749368|14887552|PE0SAT-11-JO21mr
2026-08-26 14:13:55|8AA68EA66062E0828486888A8CE103F03D110133FA05013900019428ED0DBE3089BFF797DD9387859ABFB81E85EB51B89E3F9A9999999999B9BFB81E85EB51B89E3F7B14AE47E17A843FB81E85EB51B8|14887552|PE0SAT-11-JO21mr
2026-08-26 14:13:54|8AA68EA66062E0828486888A8CE103F03C110133F90501390001C9CC0C58C0295C8FC2F5F86140D200DE02098AE7BF95F6065F984C653F03780B24287EE03F1995D4096822DC3F03098A1F63EEAABF8D|14887552|PE0SAT-11-JO21mr
2026-08-26 14:13:54|8AA68EA66062E0828486888A8CE103F03B110133F805012A00011D40295C8FC2F5C865C062B2B2FFF38AF2FFA55E2F00E500A80100000002390001DD9DF48E6A404ABE2F00000000004044C0CDCCCCCC|14887552|PE0SAT-11-JO21mr
2026-08-26 14:13:53|8AA68EA66062E0828486888A8CE103F03A110133F705012A000152285C8F62424062A1D634EF38DDBFAB60545227A0E3BF3AB4C876BE9FE4BF713D0AD7A3F0484000000000000000000AD7A3703DAA59|14887552|PE0SAT-11-JO21mr
2026-08-26 14:13:53|8AA68EA66062E0828486888A8CE103F039110133F605012A00018799999999D94A4015AE47E17A1402C033333333330B8040000000000000000000000000CDCCCCCCCC4C2D40B81E85EB51B80840C3F5|14887552|PE0SAT-11-JO21mr
2026-08-26 14:13:52|8AA68EA66062E0828486888A8CE103F038110133F505011D00010317000021000107010DFFFF0605002A0001AA9DF48E6A404ABE2F6F65C2FFB5D4F9FF6BBC5400AF16D208171190C2F5285CEF4A409A|14887552|PE0SAT-11-JO21mr
2026-08-26 14:13:51|8AA68EA66062E0828486888A8CE103F035110133F205010700010A010000010000013A0000080001164CBB6E006E00000D00000000010000010000015500000900001600000000000000000000000000|14887552|PE0SAT-11-JO21mr
2026-08-26 14:13:00|8AA68EA66062E0828486888A8CE103F0331101834332A9E703000000000000000000000051030000000000000000000000000000000000000000000000000000|14887552|PE0SAT-11-JO21mr
2026-08-26 14:13:00|8AA68EA66062E0828486888A8CE103F0321101824332FC0F6F00110100000800000088829C85260000000000804100000000000000000000|14887552|PE0SAT-11-JO21mr
2026-08-26 14:13:00|8AA68EA66062E0828486888A8CE103F031110180456E6475726F736174|14887552|PE0SAT-11-JO21mr
2026-08-26 14:12:59|8AA68EA66062E0828486888A8CE103F030110133F005016200010A0000000000001A2716446400010F010300D46C161CC5067501023F504B|14887552|PE0SAT-11-JO21mr
2026-08-26 14:12:59|8AA68EA66062E0828486888A8CE103F02F110133EF05015E00010501000040005F000110AB0FAB0FFFFFFFFFFFFFFFFFAD0FAC0F6000010F0103009425A60455024C00BC3E6C486200010F0100000000|14887552|PE0SAT-11-JO21mr
2026-08-26 14:12:58|8AA68EA66062E0828486888A8CE103F02E110133EE05014E00030D000000000000000000000000005900010DFEFFFFFFDA3E2B0093410000035B000108DA3E2A00E805B8005D000106B43D00007000|14887552|PE0SAT-11-JO21mr
2026-08-26 14:12:58|8AA68EA66062E0828486888A8CE103F02D110133ED05014600011200000000000008080800000201012250B50F4E00032C00000000000000000000000000000000000000000000000000000000000000|14887552|PE0SAT-11-JO21mr
2026-08-26 14:12:57|8AA68EA66062E0828486888A8CE103F02C110133EC05014600014700000008000000B586F32D1B93B6C031748711C6DC9BC0A6B001000486B240C579E23E167B183E2F29293E00000000000000000000|14887552|PE0SAT-11-JO21mr
2026-08-26 14:12:57|8AA68EA66062E0828486888A8CE103F02B110133EB05014600017C48000002CF44FA430000000010000000B9051AD6A5BA5041135A07CF7545F0C06902FCB036365441EAD3F3416278194103D1344100|14887552|PE0SAT-11-JO21mr
2026-08-26 14:12:56|8AA68EA66062E0828486888A8CE103F02A110133EA05013A00031D23C8CB44BFA3F0353BAAD8ED3EE211E13E69B7073DDB63DABDEDC31B3D46000190AA44121CF100002070000000B1B48109903C8012|14887552|PE0SAT-11-JO21mr
2026-08-26 14:12:56|8AA68EA66062E0828486888A8CE103F029110133E905013900032A3F7B14AE47E17A743FFA7E6ABC7493683F000000000000000000000000000000000000000000000000063A00032460F48E6A4088D2|14887552|PE0SAT-11-JO21mr
2026-08-26 14:12:55|8AA68EA66062E0828486888A8CE103F028110133E805013900035FB1BF7B14AE47E17A84BFA6FD4AB3062F95B24024303493CB7F48BF7D5D3FDF718A8EE4F26FBF2D431CEBE2367A3FFCA9F1D24D6260|14887552|PE0SAT-11-JO21mr
2026-08-26 14:12:54|8AA68EA66062E0828486888A8CE103F027110133E705013900039428ED0DBE3089BF9A999999999999BFB81E85EB51B89E3F295C8FC2F528BCBF7B14AE47E17AA43F7B14AE47E17A843FEC51B81E85EB|14887552|PE0SAT-11-JO21mr
2026-08-26 14:12:54|8AA68EA66062E0828486888A8CE103F026110133E60501390001C9C2155AC05C8FC2F52854624029ED0DBE3099E8BFC7BAB88D06F0663FEE7C3F355EBADD3F1995D4096822DC3FE27A14AE47E1AABF8D|14887552|PE0SAT-11-JO21mr
2026-08-26 14:12:54|8AA68EA66062E0828486888A8CE103F025110133E505012A00011D401F85EB51B89E65C0C4DAB6FF2F1EF2FFE0452A00A800A80100000002390001DD60F48E6A4088D2235C8FC2F5285C45C0F6285C8F|14887552|PE0SAT-11-JO21mr
2026-08-26 14:12:53|8AA68EA66062E0828486888A8CE103F024110133E405012A00015214AE47814140CE3B4ED1915CDABFAB60545227A0E3BFE3C798BB9690E5BFF6285C8FC2D547400000000000000000D7A3703D0A6759|14887560|PE0SAT-31-JO21mr
2026-08-26 14:12:53|8AA68EA66062E0828486888A8CE103F023110133E305012A00018733333333F34840C3F5285C8FC2E5BFC3F5285C8F048040000000000000000000000000295C8FC2F5283040A4703D0AD7A30A40E17A|14887560|PE0SAT-31-JO21mr
2026-08-26 14:12:53|8AA68EA66062E0828486888A8CE103F024110133E405012A00015214AE47814140CE3B4ED1915CDABFAB60545227A0E3BFE3C798BB9690E5BFF6285C8FC2D547400000000000000000D7A3703D0A6759|14887552|PE0SAT-11-JO21mr
2026-08-26 14:12:52|8AA68EA66062E0828486888A8CE103F022110133E205011D00010317000021000107010DFFFF0605002A0001AA60F48E6A4088D2233C1EBDFFEDBCF7FF637550007415AE08AD120AD7A3703D0A494033|14887552|PE0SAT-11-JO21mr
2026-08-26 14:12:52|8AA68EA66062E0828486888A8CE103F021110133E105011D0001385E03000070170000DF13000000000000010000007017000000000000000000000000000070170000030D000012030000BE0A000070|14887552|PE0SAT-11-JO21mr
2026-08-26 14:12:51|8AA68EA66062E0828486888A8CE103F020110133E00501090000090000000000000000001D000160D53E0000FA3E0000530000003A050000532F000000000000FA00000070170000C013000095000000|14887552|PE0SAT-11-JO21mr
2026-08-26 14:12:51|8AA68EA66062E0828486888A8CE103F01F110133DF05010700010A010000010000013F0000080001160FBB6E007600000D00000000010000010000015C00000900001600000000000000000000000000|14887552|PE0SAT-11-JO21mr
2026-08-26 14:12:50|8AA68EA66062E0828486888A8CE103F01E110133DE05010100010B05B661260001001000000006000116A4BA6E00C909000F00000000010000010000016102000700011612BB6E000103000E00000000|14887560|PE0SAT-31-JO21mr
2026-08-26 14:12:50|8AA68EA66062E0828486888A8CE103F01E110133DE05010100010B05B661260001001000000006000116A4BA6E00C909000F00000000010000010000016102000700011612BB6E000103000E00000000|14887552|PE0SAT-11-JO21mr
2026-08-26 14:11:58|8AA68EA66062E0828486888A8CE103F017110133DA05014600011200000000000009090900000201018D42140E4E00032C00000000000000000000000000000000000000000000000000000000000000|14887552|PE0SAT-11-JO21mr
2026-08-26 14:11:57|8AA68EA66062E0828486888A8CE103F016110133D9050146000147000000080000008F9443F8E936B5C0B888E97344A69CC0108B6371F300B440FC9FB33E4605D73D2BD1043E00000000000000000000|14887552|PE0SAT-11-JO21mr
2026-08-26 14:11:57|8AA68EA66062E0828486888A8CE103F015110133D805014600017C48000002CF44FA430000000010000000594E6BFC0403524144BFB839C079E4402C35218BF11453413FABC7415ECDEF408B08F84000|14887552|PE0SAT-11-JO21mr
2026-08-26 14:11:56|8AA68EA66062E0828486888A8CE103F014110133D705013A00031D175C624CBFC6E42E3BEFB2D23EE911E13EC53DCD3C8DF3D9BDB53C2A3D46000190AA44121CF100002070000000B2B4810930527F12|14887552|PE0SAT-11-JO21mr
2026-08-26 14:11:55|8AA68EA66062E0828486888A8CE103F012110133D505013900035FB1BF000000000000000058183FB39D3FFAB1D88D05346007CE1951DA6B3F7B14AE47E17A64BFAED85F764F1E663FFCA9F1D24D6250|14887552|PE0SAT-11-JO21mr
2026-08-26 14:11:55|8AA68EA66062E0828486888A8CE103F011110133D4050139000394999999999989BF07F0164850FC98BFB81E85EB51B89E3F295C8FC2F528BCBF7B14AE47E17AA43F0000000000000000EC51B81E85EB|14887552|PE0SAT-11-JO21mr
2026-08-26 14:11:54|8AA68EA66062E0828486888A8CE103F010110133D30501390003C947315CC0713D0AD7A3B86240780B24287E8CE9BFAED85F764F1E663FBD7493180456DA3F1995D4096822DC3FC0EC9E3C2CD4AABF9A|14887552|PE0SAT-11-JO21mr
2026-08-26 14:11:54|8AA68EA66062E0828486888A8CE103F00F110133D205012A00031D40C3F5285C8F7A65C07559BBFF73B1F1FF347A25006D00A80100000002390003DD23F48E6A40C6E617E17A14AE476146C0E17A14AE|14887552|PE0SAT-11-JO21mr
2026-08-26 14:11:53|8AA68EA66062E0828486888A8CE103F00E110133D105012A0001520000008040406D567DAEB662D7BFAB60545227A0E3BF0D71AC8BDB68E6BF8FC2F5285CCF46400000000000000000E17A14AE473159|14887552|PE0SAT-11-JO21mr
2026-08-26 14:11:53|8AA68EA66062E0828486888A8CE103F00D110133D005012A000187CCCCCCCC0C4740676666666666E63F0000000000FC7F400000000000000000000000003333333333B331406766666666660C400000|14887552|PE0SAT-11-JO21mr
2026-08-26 14:11:52|8AA68EA66062E0828486888A8CE103F00C110133CF05011D00010317000021000107010DFFFF0605002A0001AA23F48E6A40C6E6175925B8FFD2AEF5FFE2CF4B00201481082D14C3F5285C8F224740CD|14887552|PE0SAT-11-JO21mr
2026-08-26 14:11:52|8AA68EA66062E0828486888A8CE103F00B110133CE05011D0001385E03000070170000DF13000000000000010000007017000000000000000000000000000070170000000D0000440300002E0B000070|14887552|PE0SAT-11-JO21mr
2026-08-26 14:11:51|8AA68EA66062E0828486888A8CE103F00A110133CD0501090000090000000000000000001D000160D53E0000FA3E0000530000003A050000512F000000000000FA00000070170000C113000093000000|14887552|PE0SAT-11-JO21mr
2026-08-26 14:11:51|8AA68EA66062E0828486888A8CE103F009110133CC05010700010A010000010000013F000008000116D3BA6E009100000D00000000010000010000016400000900001600000000000000000000000000|14887552|PE0SAT-11-JO21mr
2026-08-26 14:11:50|8AA68EA66062E0828486888A8CE103F008110133CB05010100010B057A6126000100100000000600011667BA6E00C909000F000000000100000100000163020007000116D6BA6E008003000E00000000|14887552|PE0SAT-11-JO21mr
2026-08-26 14:11:00|8AA68EA66062E0828486888A8CE103F0071101834332A9E703000000000000000000000051030000000000000000000000000000000000000000000000000000|14887552|PE0SAT-11-JO21mr
2026-08-26 14:10:59|8AA68EA66062E0828486888A8CE103F004110133CA05016200010A0000000000004C2CB6446400010F01030082691C1B90066801023F504B|14887552|PE0SAT-11-JO21mr
2026-08-26 14:10:59|8AA68EA66062E0828486888A8CE103F003110133C905015E00010501000040005F000110AC0FAB0FFFFFFFFFFFFFFFFFAC0FAD0F6000010F010300742C2607C2026500BC3E0C496200010F0100000000|14887552|PE0SAT-11-JO21mr
2026-08-26 14:10:58|8AA68EA66062E0828486888A8CE103F002110133C805014E00030D000000000000000000000000005900010DFEFFFFFFD93E300091400000035B000108D93E32007E06B5005D000106A53D00007000|14887552|PE0SAT-11-JO21mr
2026-08-26 14:10:57|8AA68EA66062E0828486888A8CE103F000110133C605014600014700000008000000A2A9D5F5B0C2B3C0A40A3E7C1F419DC038087F2E9265B54052B3E63EFC7FFE3DFC999B3E00000000000000000000|14887552|PE0SAT-11-JO21mr
2026-08-26 14:10:57|8AA68EA66062E0828486888A8CE103F0FF110133C505014600017C48000002CF44FA430000000010000000980575054536534170EE8CD1CDB20241352003CA22DE514163187441ADE8BE40F1D4A74000|14887552|PE0SAT-11-JO21mr
2026-08-26 14:10:55|8AA68EA66062E0828486888A8CE103F0FC110133C205013900035FAEBF7B14AE47E17A84BFAC4BCDB27688F2B1919EA6332D431CEBE2362A3F0022FDF675E08CBFBB490C022B87963FFCA9F1D24D6250|14887552|PE0SAT-11-JO21mr
2026-08-26 14:10:55|8AA68EA66062E0828486888A8CE103F0FB110133C10501390003940A462575028ABFED0DBE30992A98BF7B14AE47E17A943F9A9999999999B9BF7B14AE47E17AA43F0000000000000000B81E85EB51B8|14887552|PE0SAT-11-JO21mr
2026-08-26 14:10:54|8AA68EA66062E0828486888A8CE103F0FA110133C00501390003C98F625EC09A999999992963401A51DA1B7C61EABFE19C11A5BDC1673FC0EC9E3C2CD4D63F9031772D211FDC3FC0EC9E3C2CD4AABFA7|14887552|PE0SAT-11-JO21mr
2026-08-26 14:10:53|8AA68EA66062E0828486888A8CE103F0F7110133BD05012A000387703D0AD72345400AD7A3703D0AFF3F90C2F5285CEF7F400000000000000000000000000000000000403340EC51B81E85EB0D40F628|14887552|PE0SAT-11-JO21mr
2026-08-26 14:10:52|8AA68EA66062E0828486888A8CE103F0F6110133BC05011D00010317000021000107010DFFFF0605002A0003AAE6F38E6A802B530B6980B3FFB4ACF3FF1CD14600B412490896157B14AE47E13A4540A4|14887552|PE0SAT-11-JO21mr
2026-08-26 14:10:52|8AA68EA66062E0828486888A8CE103F0F5110133BB05011D0001385E03000070170000DF13000000000000010000007017000000000000000000000000000070170000020D000031030000F00A000070|14887552|PE0SAT-11-JO21mr
2026-08-26 14:10:51|8AA68EA66062E0828486888A8CE103F0F4110133BA0501090000090000000000000000001D000160D53E0000FA3E0000720000002D070000502F000000000000FA00000070170000C113000093000000|14887552|PE0SAT-11-JO21mr
2026-08-26 14:10:51|8AA68EA66062E0828486888A8CE103F0F3110133B905010700010A01000001000001440000080001169BBA6E008C00000D00000000010000010000016D00000900001600000000000000000000000000|14887552|PE0SAT-11-JO21mr
2026-08-26 14:10:50|8AA68EA66062E0828486888A8CE103F0F2110133B805010100010B053E612600010010000000060001162BBA6E00C909000F00000000010000010000015E02000700011699BA6E009203000E00000000|14887552|PE0SAT-11-JO21mr
2026-08-26 14:08:56|8AA68EA66062E0828486888A8CE103F0D21101339E05013A00011D2FEBD55CBF721B363BEC51803E32F3E03EAE8B893C6123C9BD944F373D46000190AA44121CF100002070000000B1B4810910937C12|14887698|EA4TA-IN80ck
2026-08-26 14:08:55|8AA68EA66062E0828486888A8CE103F0D01101339C05013900015FAEBF0000000000000000D83A95B2FEBB92B129267B33462575029A086BBF3AB4C876BE9F7ABFC58F31772D217F3FFCA9F1D24D6260|14887698|EA4TA-IN80ck
2026-08-26 14:08:55|8AA68EA66062E0828486888A8CE103F0CF1101339B0501390001942575029A088BBFAED85F764F1E96BF7B14AE47E17A943F9A9999999999B9BF7B14AE47E17AA43F0000000000000000B81E85EB51B8|14887698|EA4TA-IN80ck
2026-08-26 14:08:54|8AA68EA66062E0828486888A8CE103F0CE1101339A0501390001C97A5461C085EB51B81E1564407CF2B0506B9AEBBFC7BAB88D06F0663F992A1895D409D03F9031772D211FDC3FABCFD556EC2FABBF46|14887698|EA4TA-IN80ck
2026-08-26 14:08:54|8AA68EA66062E0828486888A8CE103F0CD1101339905012A00011D4052B81E85EB2965C09CD3C9FF6C7BF0FF5EA41900A703790000000002390001DD74F38E6A404ABE2F15AE47E17AB448C015AE47E1|14887698|EA4TA-IN80ck
2026-08-26 14:08:53|8AA68EA66062E0828486888A8CE103F0CC1101339805012A00015247E17A943940024D840D4FAFCCBFAB60545227A0E3BF5CB1BFEC9E3CE8BFF6285C8FC27544400000000000000000D7A3703D0AC758|14887698|EA4TA-IN80ck
2026-08-26 14:08:53|8AA68EA66062E0828486888A8CE103F0CB1101339705012A0003873D0AD7A3504140666666666666104015AE47E17AD87F4000000000000000000000000085EB51B81E4536401F85EB51B81E10401F85|14887698|EA4TA-IN80ck
2026-08-26 14:08:52|8AA68EA66062E0828486888A8CE103F0CA1101339605011D00010317000021000107010DFFFF0605002A0003AA6BF38E6A404ABE2F0549ABFF58D6EFFFF1E03B009D0FBD07191885EB51B81E65414071|14887698|EA4TA-IN80ck
2026-08-26 14:08:52|8AA68EA66062E0828486888A8CE103F0C91101339505011D0001385E03000070170000DF13000000000000010000007017000000000000000000000000000070170000030D0000F7020000BE0A000070|14887698|EA4TA-IN80ck
2026-08-26 14:08:51|8AA68EA66062E0828486888A8CE103F0C8110133940501090000090000000000000000001D000160D53E0000FA3E00004C000000C9040000542F000000000000FA00000070170000C013000093000000|14887698|EA4TA-IN80ck
2026-08-26 14:08:51|8AA68EA66062E0828486888A8CE103F0C71101339305010700010A010000010000014400000800011622BA6E00A700000D00000000010000010000016D00000900001600000000000000000000000000|14887698|EA4TA-IN80ck
2026-08-26 14:08:50|8AA68EA66062E0828486888A8CE103F0C61101339205010100010B05C660260001001000000006000116B6B96E00C909000F00000000010000010000015902000700011625BA6E00C603000E00000000|14887698|EA4TA-IN80ck
2026-08-26 12:35:58|8AA68EA66062E0828486888A8CE103F0D5110133BB05014E00030D000000000000000000000000005900010DFEFFFFFFD83E3000ED3F0000035B000108D83E3300B206B3005D000106A53D00006B00|14887496|Plyachka-KN12rl
2026-08-26 12:35:57|8AA68EA66062E0828486888A8CE103F0D4110133BA05014600011200009A99E941040000000000000005A6723A4E00032C00000000000000000000000000000000000000000000000000000000000000|14887496|Plyachka-KN12rl
2026-08-26 12:35:57|8AA68EA66062E0828486888A8CE103F0D3110133B905014600014700000000000000E6AF2FF5016FACC00977014E559EACC07D0FFA3B3C41B6409688FF3FB5A4EA3EF38CD63F00000000000000000000|14887496|Plyachka-KN12rl
2026-08-26 12:35:57|8AA68EA66062E0828486888A8CE103F0D2110133B805014600017C48004802CF44FA4301000000000000005EE1B9FECEE8514116AC7C47AC9B4141DA42347B9E0B5141654F6B43E6B1FD417C9E484301|14887496|Plyachka-KN12rl
2026-08-26 12:35:56|8AA68EA66062E0828486888A8CE103F0D1110133B705013A00011D00C75853BFC3F3323B0F24B53E0014E13E07FE713C212BC0BD9C80243D46000190AA44121CF100002070000000B9828109686D2712|14887496|Plyachka-KN12rl
2026-08-26 12:35:55|8AA68EA66062E0828486888A8CE103F0D0110133B605013900012A3F7B14AE47E17A743FFA7E6ABC7493683F000000000000000000000000000000000000000000000000063A000124AADD8E6A40420F|14887496|Plyachka-KN12rl
2026-08-26 12:35:55|8AA68EA66062E0828486888A8CE103F0CF110133B505013900015FA9BF7B14AE47E17A84BFB1F60DB3D05D99B10F038F33E19C11A5BDC1673FACADD85F764F6EBFE19C11A5BDC1773FFCA9F1D24D6250|14887496|Plyachka-KN12rl
2026-08-26 12:35:54|8AA68EA66062E0828486888A8CE103F0CE110133B4050139000194D26F5F07CE89BFFA7E6ABC749398BF7B14AE47E17A843F0AD7A3703D0AB7BF7B14AE47E17AA43F00000000000000009A9999999999|14887496|Plyachka-KN12rl
2026-08-26 12:35:54|8AA68EA66062E0828486888A8CE103F0CD110133B30501390001C9A3B05EC0E17A14AE473963403FC6DCB5847CEABFC7BAB88D06F0663FF9C264AA6054D63F1995D4096822DC3F462575029A08ABBF20|14887496|Plyachka-KN12rl
2026-08-26 12:35:53|8AA68EA66062E0828486888A8CE103F0CC110133B205012A00011D40E17A14AE475965C03AE2CDFF2F1FCCFF1EA327009C00490100000002390001DDA4DD8E6A80CAE123CDCCCCCCCC6C47C0713D0AD7|14887496|Plyachka-KN12rl
2026-08-26 12:35:53|8AA68EA66062E0828486888A8CE103F0CB110133B105012A000152E17A142E4040AC1C5A643BDFD3BFE6AE25E4839EE3BF910F7A36AB3EE7BFC3F5285C8FC24540000000000000000000000000000059|14887496|Plyachka-KN12rl
2026-08-26 12:35:52|8AA68EA66062E0828486888A8CE103F0CA110133B005012A000187EB51B81EE54440CDCCCCCCCCCC3940F6285C8FC2ED7F40000000000000000000000000A4703D0AD7E3324048E17A14AE471440AE47|14887496|Plyachka-KN12rl
2026-08-26 12:35:52|8AA68EA66062E0828486888A8CE103F0C9110133AF05011D00010317000021000107010DFFFF0605002A0001AAA4DD8E6A80CAE12301EAB2FFF381F3FF3C26460086123C08C3157B14AE47E1FA444085|14887496|Plyachka-KN12rl
2026-08-26 12:35:51|8AA68EA66062E0828486888A8CE103F0C8110133AE05011D0001386B05000070170000DF13000000000000010000007017000000000000000000000000000070170000FF0C000051030000600B000070|14887496|Plyachka-KN12rl
2026-08-26 12:35:51|8AA68EA66062E0828486888A8CE103F0C7110133AD0501090000090000000000000000001D000160D53E0000033F00005B000000BB050000502F000000000000FA00000070170000BC13000094000000|14887496|Plyachka-KN12rl
2026-08-26 12:35:50|8AA68EA66062E0828486888A8CE103F0C5110133AB05010100010B05FA4A260001001000000006000116FFA36E00C909000F0000000001000001000001540200070001166DA46E009C03000E00000000|14887496|Plyachka-KN12rl
2026-08-26 12:35:50|8AA68EA66062E0828486888A8CE103F0C41101834332A9E703000000000000000000000051030000000000000000000000000000000000000000000000000000|14887496|Plyachka-KN12rl
2026-08-26 12:35:49|8AA68EA66062E0828486888A8CE103F0C311018243323BF96E00050100000800000088822F7E2600000000007E4100000000000000000000|14887496|Plyachka-KN12rl
2026-08-26 12:35:49|8AA68EA66062E0828486888A8CE103F0C2110180456E6475726F736174|14887496|Plyachka-KN12rl
2026-08-26 12:34:59|8AA68EA66062E0828486888A8CE103F0C1110133AA05016200010A000000000000E826BC436400010F0103003C7DA221CA07BF01D03E504B|14887496|Plyachka-KN12rl
2026-08-26 12:34:58|8AA68EA66062E0828486888A8CE103F0C0110133A905015E00010501000040005F000110AC0FAB0FFFFFFFFFFFFFFFFFAB0FAC0F6000010F0100000000000000000000D426AA506200010F0100000000|14887496|Plyachka-KN12rl
2026-08-26 12:34:58|8AA68EA66062E0828486888A8CE103F0BF110133A805014E00030D000000000000000000000000005900010DFEFFFFFFD83E3400CD3F0000035B000108D83E3800B706B1005D000106A53D00006B00|14887496|Plyachka-KN12rl
2026-08-26 12:34:57|8AA68EA66062E0828486888A8CE103F0BE110133A70501460001120000CDCC4C3E04000000000000005B787F764E00032C00000000000000000000000000000000000000000000000000000000000000|14887496|Plyachka-KN12rl
2026-08-26 12:34:57|8AA68EA66062E0828486888A8CE103F0BD110133A6050146000147000000080000003AD6AFBEEFDCAAC04603083E0A0BACC0313506B21BE7B640C823EE3FC085E23E860EC83F00000000000000000000|14887496|Plyachka-KN12rl
2026-08-26 12:34:57|8AA68EA66062E0828486888A8CE103F0BC110133A505014600017C48000002CF44FA430000000010000000CAB728879B56524123366CA8DB7C4241205F0542115850410B6168434B93054288EA444300|14887496|Plyachka-KN12rl
2026-08-26 12:34:56|8AA68EA66062E0828486888A8CE103F0BB110133A405013A00011D2F750659BF4EA43E3B851C983E23F4E03EDC228A3C6078CFBDEB9C113D46000190AA44121CF100002070000000ABB4810908832612|14887496|Plyachka-KN12rl
2026-08-26 12:34:55|8AA68EA66062E0828486888A8CE103F0BA110133A305013900012A3FFCA9F1D24D62703FFA7E6ABC7493683F000000000000000000000000000000000000000000000000063A0001246CDD8E6A404ABE|14887496|Plyachka-KN12rl
2026-08-26 12:34:55|8AA68EA66062E0828486888A8CE103F0B9110133A205013900015FAEBF7B14AE47E17A84BFBF246AB207AB70B22D7C9D334850FC1873D762BF462575029A086BBF623255302AA9733FFCA9F1D24D6250|14887496|Plyachka-KN12rl
2026-08-26 12:34:55|8AA68EA66062E0828486888A8CE103F0B8110133A1050139000194D26F5F07CE89BFE19C11A5BDC197BF7B14AE47E17A943F9A9999999999B9BF7B14AE47E17AA43F0000000000000000B81E85EB51B8|14887496|Plyachka-KN12rl
2026-08-26 12:34:54|8AA68EA66062E0828486888A8CE103F0B7110133A00501390001C9856360C03333333333AB6340C58F31772D21EBBFE19C11A5BDC1673FFA0FE9B7AF03D33F9031772D211FDC3FABCFD556EC2FABBF20|14887496|Plyachka-KN12rl
2026-08-26 12:34:53|8AA68EA66062E0828486888A8CE103F0B61101339F05012A00011D40B81E85EB514065C0972DD2FFB6CACBFF4FD124007A00490100000002390001DD6CDD8E6A404ABE2F67666666662648C0EC51B81E|14887496|Plyachka-KN12rl
2026-08-26 12:34:53|8AA68EA66062E0828486888A8CE103F0B51101339E05012A000152666666263E40BADA8AFD65F7D0BFE6AE25E4839EE3BFC7DCB5847CD0E7BF85EB51B81E05454000000000000000000000000000E058|14887496|Plyachka-KN12rl
2026-08-26 12:34:52|8AA68EA66062E0828486888A8CE103F0B41101339D05012A00018714AE47E1FA4240295C8FC2F5E83A40AE47E17A14E27F40000000000000000000000000CDCCCCCCCC8C3440AE47E17A14AE1440EC51|14887496|Plyachka-KN12rl
2026-08-26 12:34:52|8AA68EA66062E0828486888A8CE103F0B31101339C05011D00010317000021000107010DFFFF0605002A0001AA67DD8E6A40C6E6173CAAAEFF9E91F1FF34CA40000211FA070E17713D0AD7A31043407B|14887496|Plyachka-KN12rl
2026-08-26 12:34:51|8AA68EA66062E0828486888A8CE103F0B21101339B05011D0001385E03000070170000DF13000000000000010000007017000000000000000000000000000070170000020D0000140300008C0A000070|14887496|Plyachka-KN12rl
2026-08-26 12:34:51|8AA68EA66062E0828486888A8CE103F0B11101339A0501090000090000000000000000001D000160D53E0000FA3E00005A000000AA050000542F000000000000FA00000070170000C013000093000000|14887496|Plyachka-KN12rl
2026-08-26 12:34:51|8AA68EA66062E0828486888A8CE103F0B01101339905010700010A010000010000013C00000800011632A46E006600000E00000000010000010000015C00000900001600000000000000000000000000|14887496|Plyachka-KN12rl
2026-08-26 12:34:50|8AA68EA66062E0828486888A8CE103F0AF1101339805010100010B05BE4A260001001000000006000116C2A36E00C909000F00000000010000010000015202000700011630A46E009202000E00000000|14887496|Plyachka-KN12rl
2026-08-26 12:34:50|8AA68EA66062E0828486888A8CE103F0AE1101834332A9E703000000000000000000000051030000000000000000000000000000000000000000000000000000|14887496|Plyachka-KN12rl
2026-08-26 12:34:49|8AA68EA66062E0828486888A8CE103F0AD1101824332FFF86E0002010000080000008882197E2600000000007E4100000000000000000000|14887496|Plyachka-KN12rl
2026-08-26 12:34:49|8AA68EA66062E0828486888A8CE103F0AC110180456E6475726F736174|14887496|Plyachka-KN12rl
2026-08-26 08:18:59|8AA68EA66062E0828486888A8CE103F095110133AA05016200010A000000000000000000006400010F000000000000000000000000000000|14885344|Jim UHF-FM03kt
2026-08-26 08:18:53|8AA68EA66062E0828486888A8CE103F0891101339E05012A0001528FC2F50840403C4ED1915CFEE3BF40A4DFBE0E9CE3BF9C33A2B437F8DE3F6766666666A65D40000000000000000085EB51B81EB558|14885344|Jim UHF-FM03kt
2026-08-26 08:18:52|8AA68EA66062E0828486888A8CE103F0881101339D05012A000187703D0AD7634040295C8FC2F59853C00AD7A3703DF67F40000000000000000000000000EC51B81E856B31C085EB51B81E851540295C|14885344|Jim UHF-FM03kt
2026-08-26 08:18:52|8AA68EA66062E0828486888A8CE103F0871101339C05011D00010317000021000107010DFFFF0605002A0001AA6AA18E6A809FD5008AD15200F70A1F0041A538007A104E014AE7B81E85EB51784040A4|14885344|Jim UHF-FM03kt
2026-08-26 08:18:51|8AA68EA66062E0828486888A8CE103F0861101339B05011D0001381A04000070170000DF13000000000000010000007017000000000000ECFFFFFF0000000070170000030D0000F90200004D0A000070|14885344|Jim UHF-FM03kt
2026-08-26 08:18:51|8AA68EA66062E0828486888A8CE103F0851101339A0501090000090000000000000000001D000160713E0000953E00005A000000A1050000542F000000000000FA00000070170000BF13000093000000|14885344|Jim UHF-FM03kt
2026-08-26 08:18:50|8AA68EA66062E0828486888A8CE103F0841101339905010700010A01000001000001A9FF00080001166B686E000D00000D0000000001000001000001B7FF000900001600000000000000000000000000|14885344|Jim UHF-FM03kt
2026-08-26 08:18:50|8AA68EA66062E0828486888A8CE103F0831101339805010100010B05BE0E26000100100000000600011600686E000D00000F0000000001000001000001B20100070001166E686E000D00000D00000000|14885344|Jim UHF-FM03kt
2026-08-26 08:18:30|8AA68EA66062E0828486888A8CE103F0821101834332A9E703000000000000000000000051030000000000000000000000000000000000000000000000000000|14885344|Jim UHF-FM03kt
2026-08-26 08:18:30|8AA68EA66062E0828486888A8CE103F0811101824332FBBC6E002E010000080000008882ED682600000000007C4100000000000000000000|14885344|Jim UHF-FM03kt
2026-08-26 08:18:30|8AA68EA66062E0828486888A8CE103F080110180456E6475726F736174|14885344|Jim UHF-FM03kt
2026-08-26 08:17:59|8AA68EA66062E0828486888A8CE103F07F1101339705016200010A000000000000000000006400010F000000000000000000000000000000|14885344|Jim UHF-FM03kt
2026-08-26 08:17:58|8AA68EA66062E0828486888A8CE103F07E1101339605015E00010501000048005F0001109D0F9B0FFFFFFFFFFFFFFFFF9D0F990F6000010F0000000000000000000000000000006200010F0000000000|14885344|Jim UHF-FM03kt
2026-08-26 08:17:58|8AA68EA66062E0828486888A8CE103F07D1101339505014E00030D000000000000000000000000005900010DFEFFFFFF9D3E39FE26490000035B0001089D3E38FE2919C9005D000106513D8C008100|14885344|Jim UHF-FM03kt
2026-08-26 08:17:57|8AA68EA66062E0828486888A8CE103F07C110133940501460001120000000000001616160000020101EFAD2D4F4E00032C00000000000000000000000000000000000000000000000000000000000000|14885344|Jim UHF-FM03kt
2026-08-26 08:17:57|8AA68EA66062E0828486888A8CE103F07B1101339305014600014700000008000000282B219F02BC83C08E1BE8B95B4CB2C0AB7CD99762AEB7C0F1954C3D05BD863DC5D6833D00000000000000000000|14885344|Jim UHF-FM03kt
2026-08-26 08:17:56|8AA68EA66062E0828486888A8CE103F07A1101339205014600017C48000002CF44FA4300000000100000009E0116198A563241B2996BE855B354C1EE68439FF3F74E4107554F40E7F28E40E6F9874000|14885344|Jim UHF-FM03kt
2026-08-26 08:17:56|8AA68EA66062E0828486888A8CE103F0791101339105013A00011D0BB2E344BBE946A6B8CEA7B0BAA5FF7F3F5A8A3F3D002354BB12BF4D3C46000190AA44121CF100002070000000ACB48109A8383B11|14885344|Jim UHF-FM03kt
2026-08-26 08:17:55|8AA68EA66062E0828486888A8CE103F0781101339005013900012A3FFCA9F1D24D62503FFCA9F1D24D62503F000000000000000000000000000000000000000000000000063A00012432A18E6A803490|14885344|Jim UHF-FM03kt
2026-08-26 08:17:55|8AA68EA66062E0828486888A8CE103F0771101338F05013900015FB1BF7B14AE47E17A843F029803B4F9AA8EB3481CEA330612143FC6DCA5BF3AB4C876BE9F8A3F0BD7A3703D0A97BFFCA9F1D24D6250|14885344|Jim UHF-FM03kt
2026-08-26 08:17:54|8AA68EA66062E0828486888A8CE103F0761101338E0501390001945D4BC8073D8BBF79E9263108AC9CBFB81E85EB51B89E3F00000000000000007B14AE47E17A843FB81E85EB51B89E3FB81E85EB51B8|14885344|Jim UHF-FM03kt
2026-08-26 08:17:54|8AA68EA66062E0828486888A8CE103F0751101338D0501390001C9E17A94BFEC51B81E85EBC1BF1461C3D32B6569BF2D431CEBE2362ABF623255302AA953BF000000000000F03FBE30992A1895A4BFCD|14885344|Jim UHF-FM03kt
2026-08-26 08:17:53|8AA68EA66062E0828486888A8CE103F0731101338B05012A00015285EB51384140ADFA5C6DC5FEE4BF40A4DFBE0E9CE3BFFED478E92631DC3FA4703D0AD7F35C4000000000000000000000000000D058|14885344|Jim UHF-FM03kt
2026-08-26 08:17:52|8AA68EA66062E0828486888A8CE103F0721101338A05012A00018747E17A144E4240295C8FC2F55853C07B14AE47E1FE7F40000000000000000000000000D7A3703D0A5730C0EC51B81E85EB1540B81E|14885344|Jim UHF-FM03kt
2026-08-26 08:17:52|8AA68EA66062E0828486888A8CE103F0711101338905011D00010317000021000107010DFFFF0605002A0001AA2CA18E6A80950A3028B14E00F3A81E007B6B3E000612E5016FE8A4703D0AD7634240AE|14885344|Jim UHF-FM03kt
2026-08-26 08:17:51|8AA68EA66062E0828486888A8CE103F0701101338805011D0001385E03000070170000DF13000000000000010000007017000000000000000000000000000070170000050D000020030000410A000070|14885344|Jim UHF-FM03kt
2026-08-26 08:17:51|8AA68EA66062E0828486888A8CE103F06F110133870501090000090000000000000000001D0001607A3E00009E3E00005300000032050000552F000000000000FA00000070170000C013000093000000|14885344|Jim UHF-FM03kt
2026-08-26 08:17:50|8AA68EA66062E0828486888A8CE103F06E1101338605010700010A01000001000001AEFF000800011633686E000C00000C0000000001000001000001BFFF000900001600000000000000000000000000|14885344|Jim UHF-FM03kt
2026-08-26 08:17:50|8AA68EA66062E0828486888A8CE103F06D1101338505010100010B05820E260001001000000006000116C4676E000D00000F00000000010000010000011002000700011632686E000C00000E00000000|14885344|Jim UHF-FM03kt
2026-08-26 08:17:30|8AA68EA66062E0828486888A8CE103F06C1101834332A9E703000000000000000000000051030000000000000000000000000000000000000000000000000000|14885344|Jim UHF-FM03kt
2026-08-26 08:17:30|8AA68EA66062E0828486888A8CE103F06B1101824332BFBC6E0030010000080000008882D7682600000000007C4100000000000000000000|14885344|Jim UHF-FM03kt
2026-08-26 08:17:30|8AA68EA66062E0828486888A8CE103F06A110180456E6475726F736174|14885344|Jim UHF-FM03kt
2026-08-26 08:16:57|8AA68EA66062E0828486888A8CE103F06611013381050146000112000000000000191919000002010199843BC84E00032C00000000000000000000000000000000000000000000000000000000000000|14885344|Jim UHF-FM03kt
2026-08-26 08:16:57|8AA68EA66062E0828486888A8CE103F06511013380050146000147000000080000003AE98097943D7FC02E6EB05CEED2B3C04F88DE764F77B6C0C734463DD1765F3D404D893D00000000000000000000|14885344|Jim UHF-FM03kt
2026-08-26 08:16:56|8AA68EA66062E0828486888A8CE103F0641101337F05014600017C48000002CF44FA43000000001000000059878F2DEDDA32417641144A149553C10C51A43E06D650415F004340C18E7140B84A964000|14885344|Jim UHF-FM03kt
2026-08-26 08:16:56|8AA68EA66062E0828486888A8CE103F0631101337E05013A00011D00069D3C3DEDC0BDBB0C57D03D06657E3F2C8F42BF4ECEAA3DC63BBFBF46000190AA44121CF100002070000000B0B48109484E3A11|14885344|Jim UHF-FM03kt
2026-08-26 08:16:55|8AA68EA66062E0828486888A8CE103F0621101337D05013900012A3FFCA9F1D24D62503FFCA9F1D24D62503F000000000000000000000000000000000000000000000000063A000124F5A08E6AC0C62D|14885344|Jim UHF-FM03kt
2026-08-26 08:16:54|8AA68EA66062E0828486888A8CE103F05F1101337A0501390001C951B8BEBF5C8FC2F5285C27405A643BDF4F8DA73FE19C11A5BDC177BFB7D100DE0209BA3F5C2041F163CCEF3F89635DDC4603A8BF67|14885344|Jim UHF-FM03kt
2026-08-26 08:16:53|8AA68EA66062E0828486888A8CE103F05E1101337905012A00011DC048E17A14AE0736403175FEFFA246A0FFF58157006D03370200000102390001DDF5A08E6AC0C62D0048E17A14AE471540B81E85EB|14885344|Jim UHF-FM03kt
2026-08-26 08:16:52|8AA68EA66062E0828486888A8CE103F05B1101337605011D00010317000021000107010DFFFF0605002A0001AAEFA08E6A4088D223B0344A000B231E005AE843007D137A02AFE9AE47E17A144E4440D7|14885344|Jim UHF-FM03kt
2026-08-26 08:16:51|8AA68EA66062E0828486888A8CE103F05A1101337505011D0001385E03000070170000DF13000000000000010000007017000000000000000000000000000070170000030D000021030000410A000070|14885344|Jim UHF-FM03kt
2026-08-26 08:16:51|8AA68EA66062E0828486888A8CE103F059110133740501090000090000000000000000001D0001607A3E0000A83E00006A000000A4060000582F000000000000FA00000070170000C113000093000000|14885344|Jim UHF-FM03kt
2026-08-26 08:16:50|8AA68EA66062E0828486888A8CE103F0581101337305010700010A01000001000001A9FF0008000116F7676E000C00000D0000000001000001000001C1FF000900001600000000000000000000000000|14885344|Jim UHF-FM03kt
2026-08-26 08:16:50|8AA68EA66062E0828486888A8CE103F0571101337205010100010B05460E2600010010000000060001168C676E000D00000F00000000010000010000017F020007000116FA676E000D00000D00000000|14885344|Jim UHF-FM03kt
2026-08-26 08:16:30|8AA68EA66062E0828486888A8CE103F0561101834332A9E703000000000000000000000051030000000000000000000000000000000000000000000000000000|14885344|Jim UHF-FM03kt
2026-08-26 08:16:30|8AA68EA66062E0828486888A8CE103F055110182433283BC6E0029010000080000008882C1682600000000007C4100000000000000000000|14885344|Jim UHF-FM03kt
2026-08-26 07:38:59|8AA68EA66062E0828486888A8CE103F026110133B205016200010A000000000000E82606456400010F0103006897442A6B092F02D03EA04B|14882391|(¯`·._.·(¯`·._.· I LOVE BALI ·._.·´¯)·._.·´¯)-OI71og
2026-08-26 07:38:58|8AA68EA66062E0828486888A8CE103F024110133B005014E00030D000000000000000000000000005900010DFEFFFFFFD53EC2000C3B0000035B000108D53EC2004E0FA2005D000106973D00005600|14882391|(¯`·._.·(¯`·._.· I LOVE BALI ·._.·´¯)·._.·´¯)-OI71og
2026-08-26 07:38:58|8AA68EA66062E0828486888A8CE103F025110133B105015E00010501000044005F000110AC0FA80FFFFFFFFFFFFFFFFFAC0FAD0F6000010F0100000000000000000000062C4A516200010F0100000000|14882391|(¯`·._.·(¯`·._.· I LOVE BALI ·._.·´¯)·._.·´¯)-OI71og
2026-08-26 07:38:57|8AA68EA66062E0828486888A8CE103F022110133AE05014600014700000008000000957B9EFB165C93405FAD1AB9B52C9040CF07EFA29B5EBD402A20403D0424943DDDC91D3D00000000000000000000|14882391|(¯`·._.·(¯`·._.· I LOVE BALI ·._.·´¯)·._.·´¯)-OI71og
2026-08-26 07:38:57|8AA68EA66062E0828486888A8CE103F023110133AF0501460001120000000000001D1D1D00000201014E45AFBB4E00032C00000000000000000000000000000000000000000000000000000000000000|14882391|(¯`·._.·(¯`·._.· I LOVE BALI ·._.·´¯)·._.·´¯)-OI71og
2026-08-26 07:38:56|8AA68EA66062E0828486888A8CE103F021110133AD05014600017C48000002CF44FA43000000001000000052C1B4FCFC473FC1855749B843FD58419387CF9183A721C1C0AC3C40D9FD924069FF144000|14882391|(¯`·._.·(¯`·._.· I LOVE BALI ·._.·´¯)·._.·´¯)-OI71og
2026-08-26 07:38:56|8AA68EA66062E0828486888A8CE103F020110133AC05013A00031D23649F50BF90910D3B5621C1BE0A47E13EB803B1BC0331D2BD2084633D46000190AA44121CF100002070000000B1B4810908841711|14882391|(¯`·._.·(¯`·._.· I LOVE BALI ·._.·´¯)·._.·´¯)-OI71og
2026-08-26 07:38:55|8AA68EA66062E0828486888A8CE103F01E110133AA05013900035FAEBF7B14AE47E17A843F20FA60326D5F5FB2D5A6ACB3623255302AA953BF2D431CEBE2366A3F93CB7F48BF7D5DBFFCA9F1D24D6250|14882391|(¯`·._.·(¯`·._.· I LOVE BALI ·._.·´¯)·._.·´¯)-OI71og
2026-08-26 07:38:55|8AA68EA66062E0828486888A8CE103F01F110133AB05013900032A3FFA7E6ABC7493683FFCA9F1D24D62703F000000000000000000000000000000000000000000000000063A00032408988E6A4088D2|14882391|(¯`·._.·(¯`·._.· I LOVE BALI ·._.·´¯)·._.·´¯)-OI71og
2026-08-26 07:38:54|8AA68EA66062E0828486888A8CE103F01D110133A905013900019435CD3B4ED181BF63EE5A423EE899BF7B14AE47E17A94BF9A9999999999B9BFB81E85EB51B8AE3F0000000000000000B81E85EB51B8|14882391|(¯`·._.·(¯`·._.· I LOVE BALI ·._.·´¯)·._.·´¯)-OI71og
2026-08-26 07:38:54|8AA68EA66062E0828486888A8CE103F01C110133A80501390001C947815D409A99999999E962C03355302AA913EABF2F6EA301BC05623FDD4603780B24D8BF295C8FC2F528DC3F5B423EE8D9ACAABFA9|14882391|(¯`·._.·(¯`·._.· I LOVE BALI ·._.·´¯)·._.·´¯)-OI71og
2026-08-26 07:38:53|8AA68EA66062E0828486888A8CE103F01B110133A705012A00011D4033333333337364C0706C0900A79BA3FFD53386006B00F80100000002390001DD08988E6A4088D223D7A3703D0AD746C0E17A14AE|14882391|(¯`·._.·(¯`·._.· I LOVE BALI ·._.·´¯)·._.·´¯)-OI71og
2026-08-26 07:38:52|8AA68EA66062E0828486888A8CE103F018110133A405011D00010317000021000107010DFFFF0605002A0001AA08988E6A4088D223D1949BFF2570E2FF528BF6FF69FCF5025B1D5C8FC2F5285C15C03E|14882391|(¯`·._.·(¯`·._.· I LOVE BALI ·._.·´¯)·._.·´¯)-OI71og
2026-08-26 07:38:52|8AA68EA66062E0828486888A8CE103F019110133A505012A0001870AD7A3703D15C0AE47E17A14DE5A405C8FC2F528E47F400000000000000000000000003E0AD7A370FD3D407B14AE47E17A0E4085EB|14882391|(¯`·._.·(¯`·._.· I LOVE BALI ·._.·´¯)·._.·´¯)-OI71og
2026-08-26 07:38:51|8AA68EA66062E0828486888A8CE103F016110133A20501090000090000000000000000001D000160CC3E0000FA3E00005B000000BB050000532F000000000000FA00000070170000C013000092000000|14882391|(¯`·._.·(¯`·._.· I LOVE BALI ·._.·´¯)·._.·´¯)-OI71og
2026-08-26 07:38:51|8AA68EA66062E0828486888A8CE103F017110133A305011D0001385E03000070170000DF13000000000000010000007017000000000000000000000000000070170000000D00003C030000220B000070|14882391|(¯`·._.·(¯`·._.· I LOVE BALI ·._.·´¯)·._.·´¯)-OI71og
2026-08-26 07:38:39|8AA68EA66062E0828486888A8CE103F022110133AE05014600014700000008000000957B9EFB165C93405FAD1AB9B52C9040CF07EFA29B5EBD402A20403D0424943DDDC91D3D00000000000000000000|14882391|(¯`·._.·(¯`·._.· I LOVE BALI ·._.·´¯)·._.·´¯)-OI71og
2026-08-26 07:38:38|8AA68EA66062E0828486888A8CE103F021110133AD05014600017C48000002CF44FA43000000001000000052C1B4FCFC473FC1855749B843FD58419387CF9183A721C1C0AC3C40D9FD924069FF144000|14882391|(¯`·._.·(¯`·._.· I LOVE BALI ·._.·´¯)·._.·´¯)-OI71og
2026-08-26 07:38:38|8AA68EA66062E0828486888A8CE103F020110133AC05013A00031D23649F50BF90910D3B5621C1BE0A47E13EB803B1BC0331D2BD2084633D46000190AA44121CF100002070000000B1B4810908841711|14882391|(¯`·._.·(¯`·._.· I LOVE BALI ·._.·´¯)·._.·´¯)-OI71og
2026-08-26 07:38:37|8AA68EA66062E0828486888A8CE103F01F110133AB05013900032A3FFA7E6ABC7493683FFCA9F1D24D62703F000000000000000000000000000000000000000000000000063A00032408988E6A4088D2|14882391|(¯`·._.·(¯`·._.· I LOVE BALI ·._.·´¯)·._.·´¯)-OI71og
2026-08-26 07:38:36|8AA68EA66062E0828486888A8CE103F01C110133A80501390001C947815D409A99999999E962C03355302AA913EABF2F6EA301BC05623FDD4603780B24D8BF295C8FC2F528DC3F5B423EE8D9ACAABFA9|14882391|(¯`·._.·(¯`·._.· I LOVE BALI ·._.·´¯)·._.·´¯)-OI71og
2026-08-26 07:38:27|8AA68EA66062E0828486888A8CE103F0131101834332A9E703000000000000000000000051030000000000000000000000000000000000000000000000000000|14882391|(¯`·._.·(¯`·._.· I LOVE BALI ·._.·´¯)·._.·´¯)-OI71og
2026-08-26 07:38:27|8AA68EA66062E0828486888A8CE103F01211018243329BB36E00EC0000000800000088827E652600000000006F4100000000000000000000|14882391|(¯`·._.·(¯`·._.· I LOVE BALI ·._.·´¯)·._.·´¯)-OI71og
2026-08-26 07:38:27|8AA68EA66062E0828486888A8CE103F011110180456E6475726F736174|14882391|(¯`·._.·(¯`·._.· I LOVE BALI ·._.·´¯)·._.·´¯)-OI71og
2026-08-26 07:38:09|8AA68EA66062E0828486888A8CE103F0131101834332A9E703000000000000000000000051030000000000000000000000000000000000000000000000000000|14882391|(¯`·._.·(¯`·._.· I LOVE BALI ·._.·´¯)·._.·´¯)-OI71og
2026-08-26 07:38:09|8AA68EA66062E0828486888A8CE103F01211018243329BB36E00EC0000000800000088827E652600000000006F4100000000000000000000|14882391|(¯`·._.·(¯`·._.· I LOVE BALI ·._.·´¯)·._.·´¯)-OI71og
2026-08-26 07:38:09|8AA68EA66062E0828486888A8CE103F011110180456E6475726F736174|14882391|(¯`·._.·(¯`·._.· I LOVE BALI ·._.·´¯)·._.·´¯)-OI71og
2026-08-26 07:38:00|8AA68EA66062E0828486888A8CE103F0101101339F05016200010A000000000000000000006400010F0103000EB0BC3EF30A6603D03E2648|14882391|(¯`·._.·(¯`·._.· I LOVE BALI ·._.·´¯)·._.·´¯)-OI71og
2026-08-26 07:38:00|8AA68EA66062E0828486888A8CE103F00F1101339E05015E00010501000044005F000110AB0FA70FFFFFFFFFFFFFFFFFA80FAC0F6000010F0100000000000000000000D4265A506200010F0000000000|14882391|(¯`·._.·(¯`·._.· I LOVE BALI ·._.·´¯)·._.·´¯)-OI71og
2026-08-26 07:37:58|8AA68EA66062E0828486888A8CE103F00E1101339D05014E00030D000000000000000000000000005900010DFEFFFFFFD53EDC000C3B0000035B000108D53ED800B910A1005D000106A53D00005600|14882391|(¯`·._.·(¯`·._.· I LOVE BALI ·._.·´¯)·._.·´¯)-OI71og
2026-08-26 07:37:57|8AA68EA66062E0828486888A8CE103F00C1101339B05014600014700000008000000964317A042CF9040961F539560C297409436FD6EE523BD40ABE63F3DA700913D55C71F3D00000000000000000000|14882391|(¯`·._.·(¯`·._.· I LOVE BALI ·._.·´¯)·._.·´¯)-OI71og
2026-08-26 07:37:57|8AA68EA66062E0828486888A8CE103F00D1101339C0501460001120000000000001D1D1D0000020101417E11544E00032C00000000000000000000000000000000000000000000000000000000000000|14882391|(¯`·._.·(¯`·._.· I LOVE BALI ·._.·´¯)·._.·´¯)-OI71og
2026-08-26 07:37:56|8AA68EA66062E0828486888A8CE103F00A1101339905013A00031D17E7A449BF58B10A3B1CCADCBE0049E13E63D3F4BC7C4AD8BD2BA34A3D46000190AA44121CF100002070000000B2B48109A8991611|14882391|(¯`·._.·(¯`·._.· I LOVE BALI ·._.·´¯)·._.·´¯)-OI71og
2026-08-26 07:37:56|8AA68EA66062E0828486888A8CE103F00B1101339A05014600017C48000002CF44FA430000000010000000C94C8E5B862B40C17A6CF9AB10B258416551D1F11B5F2FC194F73E405ABB9240902E144000|14882391|(¯`·._.·(¯`·._.· I LOVE BALI ·._.·´¯)·._.·´¯)-OI71og
2026-08-26 07:37:55|8AA68EA66062E0828486888A8CE103F007110133960501390003941B9E5E29CB80BF705F07CE19519ABFB81E85EB51B89EBF295C8FC2F528BCBF9A9999999999A93F7B14AE47E17A84BFEC51B81E85EB|14882391|(¯`·._.·(¯`·._.· I LOVE BALI ·._.·´¯)·._.·´¯)-OI71og
2026-08-26 07:37:55|8AA68EA66062E0828486888A8CE103F0081101339705013900035FB1BF7B14AE47E17A843F5E3C873283FA33B2DF12E5B3C7BAB88D06F046BF7B14AE47E17A643FFCA9F1D24D6260BFFCA9F1D24D6250|14882391|(¯`·._.·(¯`·._.· I LOVE BALI ·._.·´¯)·._.·´¯)-OI71og
2026-08-26 07:37:55|8AA68EA66062E0828486888A8CE103F0091101339805013900032A3FFCA9F1D24D62703FFCA9F1D24D62703F000000000000000000000000000000000000000000000000063A000324CB978E6A40C6E6|14882391|(¯`·._.·(¯`·._.· I LOVE BALI ·._.·´¯)·._.·´¯)-OI71og
2026-08-26 07:37:54|8AA68EA66062E0828486888A8CE103F006110133950501390003C9145E5B40B81E85EB518062C0F8E461A1D634E9BF168C4AEA0434613FB84082E2C798DBBF295C8FC2F528DC3FF797DD938785AABF09|14882391|(¯`·._.·(¯`·._.· I LOVE BALI ·._.·´¯)·._.·´¯)-OI71og
2026-08-26 07:37:53|8AA68EA66062E0828486888A8CE103F0051101339405012A00011D407B14AE47E16264C0AE5A0700B7BBA3FF8F3087002E00F80100000002390001DDCB978E6A40C6E6171F85EB51B8DE45C0AE47E17A|14882391|(¯`·._.·(¯`·._.· I LOVE BALI ·._.·´¯)·._.·´¯)-OI71og
2026-08-26 07:37:53|8AA68EA66062E0828486888A8CE103F0041101339305012A000152703D0A5734C05EDC4603780BD83F5E4BC8073D9BE3BFE4141DC9E53FE6BF295C8FC2F52847400000000000000000713D0AD7A36058|14882391|(¯`·._.·(¯`·._.· I LOVE BALI ·._.·´¯)·._.·´¯)-OI71og
2026-08-26 07:37:52|8AA68EA66062E0828486888A8CE103F0021101339105011D00010317000021000107010DFFFF0605002A0001AACB978E6A40C6E6174AAB9CFF6DCCE1FFAB8DEFFF7FFA63021B1D67666666666622C048|14882391|(¯`·._.·(¯`·._.· I LOVE BALI ·._.·´¯)·._.·´¯)-OI71og
2026-08-26 07:37:52|8AA68EA66062E0828486888A8CE103F0031101339205012A000187E17A14AE4722C090C2F5285C0F5B400000000000F47F4000000000000000000000000090C2F5285CCF3C409A99999999990D40D7A3|14882391|(¯`·._.·(¯`·._.· I LOVE BALI ·._.·´¯)·._.·´¯)-OI71og
2026-08-26 07:37:51|8AA68EA66062E0828486888A8CE103F0011101339005011D0001385E03000070170000DF13000000000000010000007017000000000000000000000000000070170000020D0000FB020000410A000070|14882391|(¯`·._.·(¯`·._.· I LOVE BALI ·._.·´¯)·._.·´¯)-OI71og
2026-08-26 07:37:51|8AA68EA66062E0828486888A8CE103F0001101338F0501090000090000000000000000001D000160CC3E0000FA3E00005B000000BB050000512F000000000000FA00000070170000C013000093000000|14882391|(¯`·._.·(¯`·._.· I LOVE BALI ·._.·´¯)·._.·´¯)-OI71og
2026-08-26 07:37:50|8AA68EA66062E0828486888A8CE103F0FF1101338E05010700010A01000001000001BDFF0008000116DC5E6E004200000D00000000010000010000019DFF000900001600000000000000000000000000|14882391|(¯`·._.·(¯`·._.· I LOVE BALI ·._.·´¯)·._.·´¯)-OI71og
2026-08-26 07:37:50|8AA68EA66062E0828486888A8CE103F0FE1101338D05010100010B052205260001001000000006000116725E6E00C909000F00000000010000010000010B020007000116E05E6E008D01000E00000000|14882391|(¯`·._.·(¯`·._.· I LOVE BALI ·._.·´¯)·._.·´¯)-OI71og
2026-08-26 07:37:41|8AA68EA66062E0828486888A8CE103F0101101339F05016200010A000000000000000000006400010F0103000EB0BC3EF30A6603D03E2648|14882391|(¯`·._.·(¯`·._.· I LOVE BALI ·._.·´¯)·._.·´¯)-OI71og
2026-08-26 07:37:40|8AA68EA66062E0828486888A8CE103F00E1101339D05014E00030D000000000000000000000000005900010DFEFFFFFFD53EDC000C3B0000035B000108D53ED800B910A1005D000106A53D00005600|14882391|(¯`·._.·(¯`·._.· I LOVE BALI ·._.·´¯)·._.·´¯)-OI71og
2026-08-26 07:37:40|8AA68EA66062E0828486888A8CE103F00F1101339E05015E00010501000044005F000110AB0FA70FFFFFFFFFFFFFFFFFA80FAC0F6000010F0100000000000000000000D4265A506200010F0000000000|14882391|(¯`·._.·(¯`·._.· I LOVE BALI ·._.·´¯)·._.·´¯)-OI71og
2026-08-26 07:37:39|8AA68EA66062E0828486888A8CE103F00D1101339C0501460001120000000000001D1D1D0000020101417E11544E00032C00000000000000000000000000000000000000000000000000000000000000|14882391|(¯`·._.·(¯`·._.· I LOVE BALI ·._.·´¯)·._.·´¯)-OI71og
2026-08-26 07:37:39|8AA68EA66062E0828486888A8CE103F00C1101339B05014600014700000008000000964317A042CF9040961F539560C297409436FD6EE523BD40ABE63F3DA700913D55C71F3D00000000000000000000|14882391|(¯`·._.·(¯`·._.· I LOVE BALI ·._.·´¯)·._.·´¯)-OI71og
2026-08-26 07:37:38|8AA68EA66062E0828486888A8CE103F00B1101339A05014600017C48000002CF44FA430000000010000000C94C8E5B862B40C17A6CF9AB10B258416551D1F11B5F2FC194F73E405ABB9240902E144000|14882391|(¯`·._.·(¯`·._.· I LOVE BALI ·._.·´¯)·._.·´¯)-OI71og
2026-08-26 07:37:38|8AA68EA66062E0828486888A8CE103F00A1101339905013A00031D17E7A449BF58B10A3B1CCADCBE0049E13E63D3F4BC7C4AD8BD2BA34A3D46000190AA44121CF100002070000000B2B48109A8991611|14882391|(¯`·._.·(¯`·._.· I LOVE BALI ·._.·´¯)·._.·´¯)-OI71og
2026-08-26 07:37:37|8AA68EA66062E0828486888A8CE103F0091101339805013900032A3FFCA9F1D24D62703FFCA9F1D24D62703F000000000000000000000000000000000000000000000000063A000324CB978E6A40C6E6|14882391|(¯`·._.·(¯`·._.· I LOVE BALI ·._.·´¯)·._.·´¯)-OI71og
2026-08-26 07:37:36|8AA68EA66062E0828486888A8CE103F007110133960501390003941B9E5E29CB80BF705F07CE19519ABFB81E85EB51B89EBF295C8FC2F528BCBF9A9999999999A93F7B14AE47E17A84BFEC51B81E85EB|14882391|(¯`·._.·(¯`·._.· I LOVE BALI ·._.·´¯)·._.·´¯)-OI71og
2026-08-26 07:37:35|8AA68EA66062E0828486888A8CE103F0051101339405012A00011D407B14AE47E16264C0AE5A0700B7BBA3FF8F3087002E00F80100000002390001DDCB978E6A40C6E6171F85EB51B8DE45C0AE47E17A|14882391|(¯`·._.·(¯`·._.· I LOVE BALI ·._.·´¯)·._.·´¯)-OI71og
2026-08-26 07:37:34|8AA68EA66062E0828486888A8CE103F0031101339205012A000187E17A14AE4722C090C2F5285C0F5B400000000000F47F4000000000000000000000000090C2F5285CCF3C409A99999999990D40D7A3|14882391|(¯`·._.·(¯`·._.· I LOVE BALI ·._.·´¯)·._.·´¯)-OI71og
2026-08-26 07:37:33|8AA68EA66062E0828486888A8CE103F0011101339005011D0001385E03000070170000DF13000000000000010000007017000000000000000000000000000070170000020D0000FB020000410A000070|14882391|(¯`·._.·(¯`·._.· I LOVE BALI ·._.·´¯)·._.·´¯)-OI71og
2026-08-26 07:37:33|8AA68EA66062E0828486888A8CE103F0021101339105011D00010317000021000107010DFFFF0605002A0001AACB978E6A40C6E6174AAB9CFF6DCCE1FFAB8DEFFF7FFA63021B1D67666666666622C048|14882391|(¯`·._.·(¯`·._.· I LOVE BALI ·._.·´¯)·._.·´¯)-OI71og
2026-08-26 07:37:33|8AA68EA66062E0828486888A8CE103F0001101338F0501090000090000000000000000001D000160CC3E0000FA3E00005B000000BB050000512F000000000000FA00000070170000C013000093000000|14882391|(¯`·._.·(¯`·._.· I LOVE BALI ·._.·´¯)·._.·´¯)-OI71og
2026-08-26 07:37:32|8AA68EA66062E0828486888A8CE103F0FF1101338E05010700010A01000001000001BDFF0008000116DC5E6E004200000D00000000010000010000019DFF000900001600000000000000000000000000|14882391|(¯`·._.·(¯`·._.· I LOVE BALI ·._.·´¯)·._.·´¯)-OI71og
2026-08-26 07:37:00|8AA68EA66062E0828486888A8CE103F0F91101338B05015E00010501000044005F000110AC0FA90FFFFFFFFFFFFFFFFFAC0FAC0F6000010F0100000000000000000000342B6A4F6200010F0000000000|14882391|(¯`·._.·(¯`·._.· I LOVE BALI ·._.·´¯)·._.·´¯)-OI71og
2026-08-26 07:37:00|8AA68EA66062E0828486888A8CE103F0FA1101338C05016200010A000000000000000000006400010F010300A69F0E2EEE096102D03EA04B|14882391|(¯`·._.·(¯`·._.· I LOVE BALI ·._.·´¯)·._.·´¯)-OI71og
2026-08-26 07:36:58|8AA68EA66062E0828486888A8CE103F0F81101338A05014E00030D000000000000000000000000005900010DFEFFFFFFD23EDD000C3B0000035B000108D33EE5008211A0005D000106973D08005B00|14882391|(¯`·._.·(¯`·._.· I LOVE BALI ·._.·´¯)·._.·´¯)-OI71og
2026-08-26 07:36:41|8AA68EA66062E0828486888A8CE103F0FA1101338C05016200010A000000000000000000006400010F010300A69F0E2EEE096102D03EA04B|14882391|(¯`·._.·(¯`·._.· I LOVE BALI ·._.·´¯)·._.·´¯)-OI71og
2026-08-26 03:31:59|8AA68EA66062E0828486888A8CE103F0011101335D05016200010A000000000000000000006400010F010300D26EFC1C1D09EA02023FB43C|14884370|EA4TA-IN80ck
2026-08-26 03:31:58|8AA68EA66062E0828486888A8CE103F0001101335C05015E00010501000040005F000110AD0FAB0FFFFFFFFFFFFFFFFFAD0FAC0F6000010F0000000000000000000000000000006200010F0000000000|14884370|EA4TA-IN80ck
2026-08-26 03:31:58|8AA68EA66062E0828486888A8CE103F0FF1101335B05014E00030D000000000000000000000000005900010DFEFFFFFFDA3EFBFFE6470000035B000108DA3EFAFFDC02C7005D000106A53D00008100|14884370|EA4TA-IN80ck
2026-08-26 03:31:57|8AA68EA66062E0828486888A8CE103F0FE1101335A0501460001120000000000000F0F0F00000201019F80637C4E00032C00000000000000000000000000000000000000000000000000000000000000|14884370|EA4TA-IN80ck
2026-08-26 03:31:57|8AA68EA66062E0828486888A8CE103F0FD11013359050146000147000000080000000F5292619AEDB240DBBF4521DB7EA0C0D5DC3A56F9CBB5C03993B83DD614623DE704943D00000000000000000000|14884370|EA4TA-IN80ck
2026-08-26 03:31:56|8AA68EA66062E0828486888A8CE103F0FC1101335805014600017C48000002CF44FA430000000010000000ED00F23BF37D5341EC97262828FE19C1BF9E0486C68151410DB4C340D21A6A40ADD0A04000|14884370|EA4TA-IN80ck
2026-08-26 03:31:56|8AA68EA66062E0828486888A8CE103F0FB1101335705013A00011D007E34D73ED00D103B0E1B4B3FE56FE13E769C4C3D40D2D9BDDECEBBBC46000190AA44121CF100002070000000B7B48109A0603510|14884370|EA4TA-IN80ck
2026-08-26 03:31:55|8AA68EA66062E0828486888A8CE103F0FA1101335605013900012A3F7B14AE47E17A743FFCA9F1D24D62603F000000000000000000000000000000000000000000000000063A000124285E8E6A405DC6|14884370|EA4TA-IN80ck
2026-08-26 03:31:55|8AA68EA66062E0828486888A8CE103F0F91101335505013900015FB1BF0000000000000000445E7633CBAB93315802C5B3623255302AA9433F6007CE1951DA5BBFC58F31772D216F3FFA7E6ABC749378|14884370|EA4TA-IN80ck
2026-08-26 03:31:54|8AA68EA66062E0828486888A8CE103F0F81101335405013900019461C3D32B6589BF82734694F6069FBF9A9999999999A93F295C8FC2F528BCBF7B14AE47E17A94BF7B14AE47E17A843FEC51B81E85EB|14884370|EA4TA-IN80ck
2026-08-26 03:31:54|8AA68EA66062E0828486888A8CE103F0F7110133530501390001C928FC4640CDCCCCCCCC6460402E90A0F831E6DA3F2F6EA301BC05623F4FAF94658863E93F76711B0DE02DDC3F1C0DE02D90A0A8BF14|14884370|EA4TA-IN80ck
2026-08-26 03:31:53|8AA68EA66062E0828486888A8CE103F0F61101335205012A00011DC00AD7A3703D4A3640AB9C3E00AAC9ECFF000321009A037A0000000002390001DD285E8E6A405DC600C3F5285C8F8235405C8FC2F5|14884370|EA4TA-IN80ck
2026-08-26 03:31:53|8AA68EA66062E0828486888A8CE103F0F51101335105012A000152CCCCCC4C3E407D3F355EBA49E6BFD6E76A2BF697E3BF1BC05B2041F1D73F0AD7A3703DEA5B400000000000000000713D0AD7A30059|14884370|EA4TA-IN80ck
2026-08-26 03:31:52|8AA68EA66062E0828486888A8CE103F0F41101335005012A000387B81E85EB51454015AE47E17A1412C0D7A3703D0A078040000000000000000000000000B81E85EB51F832C03333333333330D40AE47|14884370|EA4TA-IN80ck
2026-08-26 03:31:52|8AA68EA66062E0828486888A8CE103F0F31101334F05011D00010317000021000107010DFFFF0605002A0003AA1F5E8E6AC0D8A700518D47000F871D00BBF146004E14BD0274EA295C8FC2F568454052|14884370|EA4TA-IN80ck
2026-08-26 03:31:51|8AA68EA66062E0828486888A8CE103F0F21101334E05011D0001385E03000070170000DF13000000000000010000007017000000000000000000000000000070170000040D0000F3020000280A000070|14884370|EA4TA-IN80ck
2026-08-26 03:31:51|8AA68EA66062E0828486888A8CE103F0F11101334D0501090000090000000000000000001D000160D53E0000033F0000530000003A050000562F000000000000FA00000070170000C013000093000000|14884370|EA4TA-IN80ck
2026-08-26 03:31:50|8AA68EA66062E0828486888A8CE103F0F01101334C05010700010A01000001000001A9FF00080001166C256E000F00000D0000000001000001000001BFFF000900001600000000000000000000000000|14884370|EA4TA-IN80ck
2026-08-26 03:31:50|8AA68EA66062E0828486888A8CE103F0EF1101334B05010100010B057ACB25000100100000000600011601256E00C909000F0000000001000001000001A00200070001166F256E000C00000E00000000|14884370|EA4TA-IN80ck
2026-08-26 03:30:59|8AA68EA66062E0828486888A8CE103F0EB1101334A05016200010A000000000000000000006400010F010300EA79EE209507B301D03EB649|14881224|DEX-X-JO20ul
2026-08-26 03:30:51|8AA68EA66062E0828486888A8CE103F0DB1101333A0501090000090000000000000000001D000160D53E0000FA3E00005B000000BB050000592F000000000000FA00000070170000B513000040010000|14881224|DEX-X-JO20ul
2026-08-26 03:30:50|8AA68EA66062E0828486888A8CE103F0DA1101333905010700010A01000001000001ABFF000800011634256E001100000D0000000001000001000001BCFF000900001600000000000000000000000000|14881224|DEX-X-JO20ul
2026-08-26 01:58:59|8AA68EA66062E0828486888A8CE103F0031101337605016200010A000000000000000000006400010F000000000000000000000000000000|14883381|Plyachka-KN12rl
2026-08-26 01:58:01|8AA68EA66062E0828486888A8CE103F0EE110180456E6475726F736174|14883381|Plyachka-KN12rl
2026-08-26 01:57:01|8AA68EA66062E0828486888A8CE103F0DA1101834332A9E703000000000000000000000051030000000000000000000000000000000000000000000000000000|14883381|Plyachka-KN12rl
2026-08-26 01:57:01|8AA68EA66062E0828486888A8CE103F0D91101824332AA636E00290100000800000088824548260000000000434100000000000000000000|14883381|Plyachka-KN12rl
2026-08-26 01:57:01|8AA68EA66062E0828486888A8CE103F0D8110180456E6475726F736174|14883381|Plyachka-KN12rl
2026-08-26 01:56:59|8AA68EA66062E0828486888A8CE103F0D71101335005016200010A000000000000000000006400010F010300FE74321E4707EA02D03E8C46|14883381|Plyachka-KN12rl
2026-08-26 01:56:58|8AA68EA66062E0828486888A8CE103F0D61101334F05015E00010501000040005F000110AD0FAC0FFFFFFFFFFFFFFFFFAC0FAD0F6000010F0000000000000000000000000000006200010F0000000000|14883381|Plyachka-KN12rl
2026-08-26 01:56:58|8AA68EA66062E0828486888A8CE103F0D51101334E05014E00030D000000000000000000000000005900010DFEFFFFFFDA3EFBFF09480000035B000108DA3EFCFFEB02C8005D000106A53D00008100|14883381|Plyachka-KN12rl
2026-08-26 01:56:57|8AA68EA66062E0828486888A8CE103F0D41101334D0501460001120000CD0C1E440000000000000000313199A34E00032C00000000000000000000000000000000000000000000000000000000000000|14883381|Plyachka-KN12rl
2026-08-26 01:56:57|8AA68EA66062E0828486888A8CE103F0D31101334C05014600014700000000000000A06417AEA1F3BC40E33CF37B51CF9B40AB29DC2C5FD78CC065BF8F3E8F461A3F1E98183F00000000000000000000|14883381|Plyachka-KN12rl
2026-08-26 01:56:56|8AA68EA66062E0828486888A8CE103F0D21101334B05014600017C48004802CF44FA430100000000000000079361DC2FEF214187A3759E14633041E2CD41C033CF59416263A2415A6246429A41394201|14883381|Plyachka-KN12rl
2026-08-26 01:56:56|8AA68EA66062E0828486888A8CE103F0D11101334A05013A00031D2F036BD13E1772043B4F8F4C3FE5A0E13E4FD7603DA375D1BDB89894BC46000190AA44121CF100002070000000B98281093866DE0F|14883381|Plyachka-KN12rl
2026-08-26 01:56:55|8AA68EA66062E0828486888A8CE103F0D01101334905013900012A3FFA7E6ABC7493683FFCA9F1D24D62603F000000000000000000000000000000000000000000000000063A000124E1478E6A404ABE|14883381|Plyachka-KN12rl
2026-08-26 01:56:55|8AA68EA66062E0828486888A8CE103F0CF1101334805013900015FAEBF000000000000000090868533F5255A31F0C5CCB32D431CEBE2362ABF462575029A086BBF6EA301BC0512843FFCA9F1D24D6270|14883381|Plyachka-KN12rl
2026-08-26 01:56:54|8AA68EA66062E0828486888A8CE103F0CE11013347050139000194B4C876BE9F7ABF448B6CE7FBA9A1BF9A9999999999A93F9A9999999999B9BF7B14AE47E17A94BF7B14AE47E17A843FB81E85EB51B8|14883381|Plyachka-KN12rl
2026-08-26 01:56:54|8AA68EA66062E0828486888A8CE103F0CD110133460501390001C9F548464085EB51B81E5D6040941804560E2DDA3FFCA9F1D24D62603FA779C7293A92E93F8738D6C56D34DC3F2C6519E25817A7BF3A|14883381|Plyachka-KN12rl
2026-08-26 01:56:53|8AA68EA66062E0828486888A8CE103F0CC1101334505012A00011DC0295C8FC2F5683640953243001484140030A725004301CF0000000002390001DDE1478E6A404ABE2FAE47E17A14EE3440295C8FC2|14883381|Plyachka-KN12rl
2026-08-26 01:56:53|8AA68EA66062E0828486888A8CE103F0CB1101334405012A000152D7A3703D40402FFF21FDF675E6BFF48E53742497E3BF3B014D840D4FD73F3333333333C35B400000000000000000B81E85EB510859|14883381|Plyachka-KN12rl
2026-08-26 01:56:52|8AA68EA66062E0828486888A8CE103F0CA1101334305012A00018747E17A146E4540C3F5285C8F4233403333333333078040000000000000000000000000295C8FC2F5E832C0B81E85EB51B8FE3F3E0A|14883381|Plyachka-KN12rl
2026-08-26 01:56:52|8AA68EA66062E0828486888A8CE103F0C91101334205011D00010317000021000107010DFFFF0605002A0001AAE1478E6A404ABE2FD74E4700BE681D00C33C47006214BF0288EA85EB51B81E854540AE|14883381|Plyachka-KN12rl
2026-08-26 01:56:51|8AA68EA66062E0828486888A8CE103F0C81101334105011D0001385E03000070170000DF13000000000000010000007017000000000000000000000000000070170000000D00002C030000F00A000070|14883381|Plyachka-KN12rl
2026-08-26 01:56:51|8AA68EA66062E0828486888A8CE103F0C7110133400501090000090000000000000000001D000160D53E0000FA3E0000530000003A050000532F000000000000FA00000070170000C113000093000000|14883381|Plyachka-KN12rl
2026-08-26 01:56:50|8AA68EA66062E0828486888A8CE103F0C61101333F05010700010A01000001000001AEFF0008000116420F6E001600000D0000000001000001000001C6FF000900001600000000000000000000000000|14883381|Plyachka-KN12rl
2026-08-26 01:56:50|8AA68EA66062E0828486888A8CE103F0C51101333E05010100010B0536B5250001001000000006000116D70E6E00C909000F0000000001000001000001A3020007000116450F6E000D00000E00000000|14883381|Plyachka-KN12rl
2026-08-25 19:50:30|8AA68EA66062E0828486888A8CE103F01E110180456E6475726F736174|14877105|(¯`·._.·(¯`·._.· I LOVE BALI ·._.·´¯)·._.·´¯)-OI71og
2026-08-25 19:50:30|8AA68EA66062E0828486888A8CE103F01F1101824332D90D6E00180100000800000088828B2A260000000000434100000000000000000000|14877105|(¯`·._.·(¯`·._.· I LOVE BALI ·._.·´¯)·._.·´¯)-OI71og
2026-08-25 19:50:30|8AA68EA66062E0828486888A8CE103F0201101834332A9E703000000000000000000000051030000000000000000000000000000000000000000000000000000|14877105|(¯`·._.·(¯`·._.· I LOVE BALI ·._.·´¯)·._.·´¯)-OI71og
2026-08-25 19:50:25|8AA68EA66062E0828486888A8CE103F01E110180456E6475726F736174|14877105|(¯`·._.·(¯`·._.· I LOVE BALI ·._.·´¯)·._.·´¯)-OI71og
2026-08-25 19:50:25|8AA68EA66062E0828486888A8CE103F0201101834332A9E703000000000000000000000051030000000000000000000000000000000000000000000000000000|14877105|(¯`·._.·(¯`·._.· I LOVE BALI ·._.·´¯)·._.·´¯)-OI71og
2026-08-25 19:49:58|8AA68EA66062E0828486888A8CE103F01D1101331305016200010A000000000000000000006400010F000000000000000000000000000000|14877105|(¯`·._.·(¯`·._.· I LOVE BALI ·._.·´¯)·._.·´¯)-OI71og
2026-08-25 19:49:58|8AA68EA66062E0828486888A8CE103F01C1101331205015E00010501000048005F000110860F850FFFFFFFFFFFFFFFFF860F840F6000010F0000000000000000000000000000006200010F0000000000|14877105|(¯`·._.·(¯`·._.· I LOVE BALI ·._.·´¯)·._.·´¯)-OI71og
2026-08-25 19:49:57|8AA68EA66062E0828486888A8CE103F01A110133100501460001120000000000001A1A1A0000020101D456BA914E00032C00000000000000000000000000000000000000000000000000000000000000|14877105|(¯`·._.·(¯`·._.· I LOVE BALI ·._.·´¯)·._.·´¯)-OI71og
2026-08-25 19:49:57|8AA68EA66062E0828486888A8CE103F01B1101331105014E00030D000000000000000000000000005900010DFEFFFFFF463E42FEE5460000035B000108453E43FE5A18BD005D0001060B3DA7007600|14877105|(¯`·._.·(¯`·._.· I LOVE BALI ·._.·´¯)·._.·´¯)-OI71og
2026-08-25 19:49:56|8AA68EA66062E0828486888A8CE103F0181101330E05014600017C48000002CF44FA430000000010000000229D1EB1997938C1BB030500728059415D146C1018101CC16A454F40875EAC406C7A414000|14877105|(¯`·._.·(¯`·._.· I LOVE BALI ·._.·´¯)·._.·´¯)-OI71og
2026-08-25 19:49:56|8AA68EA66062E0828486888A8CE103F0191101330F05014600014700000008000000FD35481F9B75984002D32AD4D0D360C0E508E37DD965BDC0AF853A3D3C4F9C3DF5F83F3D00000000000000000000|14877105|(¯`·._.·(¯`·._.· I LOVE BALI ·._.·´¯)·._.·´¯)-OI71og
2026-08-25 19:49:55|8AA68EA66062E0828486888A8CE103F0161101330C05013900012A3FFCA9F1D24D62503FFCA9F1D24D62603F000000000000000000000000000000000000000000000000063A000124DFF18D6A4088D2|14877105|(¯`·._.·(¯`·._.· I LOVE BALI ·._.·´¯)·._.·´¯)-OI71og
2026-08-25 19:49:55|8AA68EA66062E0828486888A8CE103F0171101330D05013A00011D230077C63A4954F2B95AC4ACB9EAFF7F3F3A3A8EBCEFD6EE3B418E0A3B46000190AA44121CF100002070000000B1B48109D0658E0E|14877105|(¯`·._.·(¯`·._.· I LOVE BALI ·._.·´¯)·._.·´¯)-OI71og
2026-08-25 19:49:54|8AA68EA66062E0828486888A8CE103F0141101330A050139000194A9F1D24D6270BF6519E25817B791BF7B14AE47E17A94BF7B14AE47E17A843F00000000000000007B14AE47E17A94BFB81E85EB51B8|14877105|(¯`·._.·(¯`·._.· I LOVE BALI ·._.·´¯)·._.·´¯)-OI71og
2026-08-25 19:49:54|8AA68EA66062E0828486888A8CE103F0151101330B05013900015FAEBF0000000000000000EEE94133808B57B25EF1143388855AD3BCE3743FBB490C022B8776BFC0EC9E3C2CD48ABFFCA9F1D24D6270|14877105|(¯`·._.·(¯`·._.· I LOVE BALI ·._.·´¯)·._.·´¯)-OI71og
2026-08-25 19:49:53|8AA68EA66062E0828486888A8CE103F013110133090501390001C99999A9BF7B14AE47E17AA4BFFA7E6ABC7493583FFCA9F1D24D6240BF623255302AA933BF000000000000F03F2F6EA301BC05A2BFFC|14877105|(¯`·._.·(¯`·._.· I LOVE BALI ·._.·´¯)·._.·´¯)-OI71og
2026-08-25 19:49:53|8AA68EA66062E0828486888A8CE103F0121101330805012A00011DC085EB51B81E852D4006B50D00DAA05D0097E37F000B02AD0000000102390001DDDFF18D6A4088D223C3F5285C8FC2C53F9A999999|14877105|(¯`·._.·(¯`·._.· I LOVE BALI ·._.·´¯)·._.·´¯)-OI71og
2026-08-25 19:49:52|8AA68EA66062E0828486888A8CE103F0101101330605012A00018714AE47E17A0CC0C3F5285C8FE259407B14AE47E1028040000000000000000000000000AE47E17A146E3EC015AE47E17A141140C3F5|14877105|(¯`·._.·(¯`·._.· I LOVE BALI ·._.·´¯)·._.·´¯)-OI71og
2026-08-25 19:49:52|8AA68EA66062E0828486888A8CE103F01B1101331105014E00030D000000000000000000000000005900010DFEFFFFFF463E42FEE5460000035B000108453E43FE5A18BD005D0001060B3DA7007600|14877105|(¯`·._.·(¯`·._.· I LOVE BALI ·._.·´¯)·._.·´¯)-OI71og
2026-08-25 19:49:52|8AA68EA66062E0828486888A8CE103F0111101330705012A000152285C8F422BC085EB51B81E85CBBFC520B0726891E3BF92ED7C3F355EE83F8FC2F5285C67614000000000000000005C8FC2F5285C58|14877105|(¯`·._.·(¯`·._.· I LOVE BALI ·._.·´¯)·._.·´¯)-OI71og
2026-08-25 19:49:51|8AA68EA66062E0828486888A8CE103F00E1101330405011D0001384503000070170000DF13000000000000010000007017000000000000000000000000000070170000030D0000EF020000280A000070|14877105|(¯`·._.·(¯`·._.· I LOVE BALI ·._.·´¯)·._.·´¯)-OI71og
2026-08-25 19:49:51|8AA68EA66062E0828486888A8CE103F0191101330F05014600014700000008000000FD35481F9B75984002D32AD4D0D360C0E508E37DD965BDC0AF853A3D3C4F9C3DF5F83F3D00000000000000000000|14877105|(¯`·._.·(¯`·._.· I LOVE BALI ·._.·´¯)·._.·´¯)-OI71og
2026-08-25 19:49:51|8AA68EA66062E0828486888A8CE103F0181101330E05014600017C48000002CF44FA430000000010000000229D1EB1997938C1BB030500728059415D146C1018101CC16A454F40875EAC406C7A414000|14877105|(¯`·._.·(¯`·._.· I LOVE BALI ·._.·´¯)·._.·´¯)-OI71og
2026-08-25 19:49:51|8AA68EA66062E0828486888A8CE103F00F1101330505011D00010317000021000107010DFFFF0605002A0001AADAF18D6A802B530B6079650004D11A0046D6F9FF5BFFDBFB96E2EC51B81E85EB09C0C3|14877105|(¯`·._.·(¯`·._.· I LOVE BALI ·._.·´¯)·._.·´¯)-OI71og
2026-08-25 19:49:50|8AA68EA66062E0828486888A8CE103F00D110133030501090000090000000000000000001D0001601E3E00004C3E0000620000001A060000512F000000000000FA00000070170000C013000092000000|14877105|(¯`·._.·(¯`·._.· I LOVE BALI ·._.·´¯)·._.·´¯)-OI71og
2026-08-25 19:49:50|8AA68EA66062E0828486888A8CE103F00C1101330205010700010A0100000100000197FF000800011694B96D000C00000D00000000010000010000016DFF000900001600000000000000000000000000|14877105|(¯`·._.·(¯`·._.· I LOVE BALI ·._.·´¯)·._.·´¯)-OI71og
2026-08-25 19:49:50|8AA68EA66062E0828486888A8CE103F0161101330C05013900012A3FFCA9F1D24D62503FFCA9F1D24D62603F000000000000000000000000000000000000000000000000063A000124DFF18D6A4088D2|14877105|(¯`·._.·(¯`·._.· I LOVE BALI ·._.·´¯)·._.·´¯)-OI71og
2026-08-25 19:49:49|8AA68EA66062E0828486888A8CE103F0151101330B05013900015FAEBF0000000000000000EEE94133808B57B25EF1143388855AD3BCE3743FBB490C022B8776BFC0EC9E3C2CD48ABFFCA9F1D24D6270|14877105|(¯`·._.·(¯`·._.· I LOVE BALI ·._.·´¯)·._.·´¯)-OI71og
2026-08-25 19:49:49|8AA68EA66062E0828486888A8CE103F00B1101330105010100010B05325F2500010010000000060001162AB96D000C00000E00000000010000010000010400000700011697B96D000D00000D00000000|14877105|(¯`·._.·(¯`·._.· I LOVE BALI ·._.·´¯)·._.·´¯)-OI71og
2026-08-25 19:49:49|8AA68EA66062E0828486888A8CE103F0141101330A050139000194A9F1D24D6270BF6519E25817B791BF7B14AE47E17A94BF7B14AE47E17A843F00000000000000007B14AE47E17A94BFB81E85EB51B8|14877105|(¯`·._.·(¯`·._.· I LOVE BALI ·._.·´¯)·._.·´¯)-OI71og
2026-08-25 19:49:48|8AA68EA66062E0828486888A8CE103F013110133090501390001C99999A9BF7B14AE47E17AA4BFFA7E6ABC7493583FFCA9F1D24D6240BF623255302AA933BF000000000000F03F2F6EA301BC05A2BFFC|14877105|(¯`·._.·(¯`·._.· I LOVE BALI ·._.·´¯)·._.·´¯)-OI71og
2026-08-25 19:49:47|8AA68EA66062E0828486888A8CE103F0101101330605012A00018714AE47E17A0CC0C3F5285C8FE259407B14AE47E1028040000000000000000000000000AE47E17A146E3EC015AE47E17A141140C3F5|14877105|(¯`·._.·(¯`·._.· I LOVE BALI ·._.·´¯)·._.·´¯)-OI71og
2026-08-25 19:49:46|8AA68EA66062E0828486888A8CE103F00E1101330405011D0001384503000070170000DF13000000000000010000007017000000000000000000000000000070170000030D0000EF020000280A000070|14877105|(¯`·._.·(¯`·._.· I LOVE BALI ·._.·´¯)·._.·´¯)-OI71og
2026-08-25 19:49:46|8AA68EA66062E0828486888A8CE103F00F1101330505011D00010317000021000107010DFFFF0605002A0001AADAF18D6A802B530B6079650004D11A0046D6F9FF5BFFDBFB96E2EC51B81E85EB09C0C3|14877105|(¯`·._.·(¯`·._.· I LOVE BALI ·._.·´¯)·._.·´¯)-OI71og
2026-08-25 19:49:45|8AA68EA66062E0828486888A8CE103F00D110133030501090000090000000000000000001D0001601E3E00004C3E0000620000001A060000512F000000000000FA00000070170000C013000092000000|14877105|(¯`·._.·(¯`·._.· I LOVE BALI ·._.·´¯)·._.·´¯)-OI71og
2026-08-25 19:49:45|8AA68EA66062E0828486888A8CE103F00C1101330205010700010A0100000100000197FF000800011694B96D000C00000D00000000010000010000016DFF000900001600000000000000000000000000|14877105|(¯`·._.·(¯`·._.· I LOVE BALI ·._.·´¯)·._.·´¯)-OI71og
2026-08-25 19:49:44|8AA68EA66062E0828486888A8CE103F00B1101330105010100010B05325F2500010010000000060001162AB96D000C00000E00000000010000010000010400000700011697B96D000D00000D00000000|14877105|(¯`·._.·(¯`·._.· I LOVE BALI ·._.·´¯)·._.·´¯)-OI71og
2026-08-25 19:49:30|8AA68EA66062E0828486888A8CE103F00911018243329D0D6E001A010000080000008882752A260000000000434100000000000000000000|14877105|(¯`·._.·(¯`·._.· I LOVE BALI ·._.·´¯)·._.·´¯)-OI71og
2026-08-25 19:49:30|8AA68EA66062E0828486888A8CE103F008110180456E6475726F736174|14877105|(¯`·._.·(¯`·._.· I LOVE BALI ·._.·´¯)·._.·´¯)-OI71og
2026-08-25 19:49:24|8AA68EA66062E0828486888A8CE103F008110180456E6475726F736174|14877105|(¯`·._.·(¯`·._.· I LOVE BALI ·._.·´¯)·._.·´¯)-OI71og
2026-08-25 19:48:58|8AA68EA66062E0828486888A8CE103F006110133FF05015E00010501000048005F0001108A0F860FFFFFFFFFFFFFFFFF890F8A0F6000010F0000000000000000000000000000006200010F0000000000|14877105|(¯`·._.·(¯`·._.· I LOVE BALI ·._.·´¯)·._.·´¯)-OI71og
2026-08-25 19:48:58|8AA68EA66062E0828486888A8CE103F0071101330005016200010A000000000000000000006400010F000000000000000000000000000000|14877105|(¯`·._.·(¯`·._.· I LOVE BALI ·._.·´¯)·._.·´¯)-OI71og
2026-08-25 19:48:57|8AA68EA66062E0828486888A8CE103F004110133FD050146000112000000000000161616000002010169891D274E00032C00000000000000000000000000000000000000000000000000000000000000|14877105|(¯`·._.·(¯`·._.· I LOVE BALI ·._.·´¯)·._.·´¯)-OI71og
2026-08-25 19:48:57|8AA68EA66062E0828486888A8CE103F005110133FE05014E00030D000000000000000000000000005900010DFEFFFFFF4D3E44FE24470000035B0001084E3E43FE5518BE005D000106193D83007000|14877105|(¯`·._.·(¯`·._.· I LOVE BALI ·._.·´¯)·._.·´¯)-OI71og
2026-08-25 19:48:56|8AA68EA66062E0828486888A8CE103F003110133FC05014600014700000008000000F50BBA27BB9096405C6964122CDD7640B7ECF13F3B77BDC01D36473D72C0A73DDEEC6C3D00000000000000000000|14877105|(¯`·._.·(¯`·._.· I LOVE BALI ·._.·´¯)·._.·´¯)-OI71og
2026-08-25 19:48:56|8AA68EA66062E0828486888A8CE103F002110133FB05014600017C48000002CF44FA430000000010000000CE3EBD024FDA39C16C29AF9F787959411FDD0DE81671BDC0563A524047F4B4404B2F714000|14877105|(¯`·._.·(¯`·._.· I LOVE BALI ·._.·´¯)·._.·´¯)-OI71og
2026-08-25 19:48:55|8AA68EA66062E0828486888A8CE103F000110133F905013900012A3FFCA9F1D24D62503FFCA9F1D24D62503F000000000000000000000000000000000000000000000000063A000124A2F18D6A80FFB8|14877105|(¯`·._.·(¯`·._.· I LOVE BALI ·._.·´¯)·._.·´¯)-OI71og
2026-08-25 19:48:54|8AA68EA66062E0828486888A8CE103F0FF110133F805013900015FAEBF0000000000000000E2DF713376D508B2AB4E4133C7BAB88D06F046BF462575029A087BBFC7BAB88D06F046BFFCA9F1D24D6270|14877105|(¯`·._.·(¯`·._.· I LOVE BALI ·._.·´¯)·._.·´¯)-OI71og
2026-08-25 19:48:53|8AA68EA66062E0828486888A8CE103F0071101330005016200010A000000000000000000006400010F000000000000000000000000000000|14877105|(¯`·._.·(¯`·._.· I LOVE BALI ·._.·´¯)·._.·´¯)-OI71og
2026-08-25 19:48:52|8AA68EA66062E0828486888A8CE103F004110133FD050146000112000000000000161616000002010169891D274E00032C00000000000000000000000000000000000000000000000000000000000000|14877105|(¯`·._.·(¯`·._.· I LOVE BALI ·._.·´¯)·._.·´¯)-OI71og
2026-08-25 19:48:51|8AA68EA66062E0828486888A8CE103F002110133FB05014600017C48000002CF44FA430000000010000000CE3EBD024FDA39C16C29AF9F787959411FDD0DE81671BDC0563A524047F4B4404B2F714000|14877105|(¯`·._.·(¯`·._.· I LOVE BALI ·._.·´¯)·._.·´¯)-OI71og
2026-08-25 19:48:50|8AA68EA66062E0828486888A8CE103F0F6110133EF05010700010A0100000100000197FF00080001165BB96D000C00000D000000000100000100000177FF000900001600000000000000000000000000|14877105|(¯`·._.·(¯`·._.· I LOVE BALI ·._.·´¯)·._.·´¯)-OI71og
2026-08-25 19:48:30|8AA68EA66062E0828486888A8CE103F0F2110180456E6475726F736174|14877105|(¯`·._.·(¯`·._.· I LOVE BALI ·._.·´¯)·._.·´¯)-OI71og
2026-08-25 19:48:30|8AA68EA66062E0828486888A8CE103F0F31101824332610D6E001A0100000800000088825F2A260000000000434100000000000000000000|14877105|(¯`·._.·(¯`·._.· I LOVE BALI ·._.·´¯)·._.·´¯)-OI71og
2026-08-25 19:48:30|8AA68EA66062E0828486888A8CE103F0F41101834332A9E703000000000000000000000051030000000000000000000000000000000000000000000000000000|14877105|(¯`·._.·(¯`·._.· I LOVE BALI ·._.·´¯)·._.·´¯)-OI71og
2026-08-25 19:48:25|8AA68EA66062E0828486888A8CE103F0F41101834332A9E703000000000000000000000051030000000000000000000000000000000000000000000000000000|14877105|(¯`·._.·(¯`·._.· I LOVE BALI ·._.·´¯)·._.·´¯)-OI71og
2026-08-25 19:48:24|8AA68EA66062E0828486888A8CE103F0F2110180456E6475726F736174|14877105|(¯`·._.·(¯`·._.· I LOVE BALI ·._.·´¯)·._.·´¯)-OI71og
2026-08-25 19:10:58|8AA68EA66062E0828486888A8CE103F0C31101332E05016200010A0000000000004C2CB6446400010F010300847BA221AF07BF01D03E504B|14881106|Jim UHF-FM03kt
2026-08-25 19:10:57|8AA68EA66062E0828486888A8CE103F0C11101332C05014E00030D000000000000000000000000005900010DFEFFFFFFD73E3A004F3D0000035B000108D73E3A00DD06AB005D000106A53D00006000|14881106|Jim UHF-FM03kt
2026-08-25 19:10:57|8AA68EA66062E0828486888A8CE103F0C01101332B0501460001120000000000001616160000020101D3C7478A4E00032C00000000000000000000000000000000000000000000000000000000000000|14881106|Jim UHF-FM03kt
2026-08-25 19:10:56|8AA68EA66062E0828486888A8CE103F0BF1101332A05014600014700000008000000D83B66B22CBCA6C010811ADE962DAC40A45CA611E0F7B74095A2333D396FB53DF379653D00000000000000000000|14881106|Jim UHF-FM03kt
2026-08-25 19:10:56|8AA68EA66062E0828486888A8CE103F0BE1101332905014600017C48000002CF44FA430000000010000000B369CAD33D273B418E117192DC5A54C17597EF18FC3C4E41EEC93C400FB1C740C8EA724000|14881106|Jim UHF-FM03kt
2026-08-25 19:10:55|8AA68EA66062E0828486888A8CE103F0BD1101332805013A00011D306E1C5DBF28C4293BFD557A3EA9A4E13E95D08A3C6BFFBBBDCC26283D46000190AA44121CF100002070000000B2B4810930B16A0E|14881106|Jim UHF-FM03kt
2026-08-25 19:10:52|8AA68EA66062E0828486888A8CE103F0B71101332205012A000152000000204040ECC039234A7BCBBFE3C798BB9690E3BF569FABADD85FE8BF6766666666464440000000000000000015AE47E17AC458|14881106|Jim UHF-FM03kt
2026-08-25 19:10:52|8AA68EA66062E0828486888A8CE103F0B61101332105012A0001877A14AE47614140CDCCCCCCCCDC51C052B81E85EBD97F40000000000000000000000000D7A3703D0A5732409A9999999999E9BF0000|14881106|Jim UHF-FM03kt
2026-08-25 19:10:50|8AA68EA66062E0828486888A8CE103F0B21101331D05010700010A01000001000001140000080001167CB06D007400000D00000000010000010000013400000900001600000000000000000000000000|14881106|Jim UHF-FM03kt
2026-08-25 19:10:49|8AA68EA66062E0828486888A8CE103F0B11101331C05010100010B050E5625000100100000000600011612B06D00C909000F0000000001000001000001420200070001167FB06D00AB02000E00000000|14881106|Jim UHF-FM03kt
2026-08-25 19:10:27|8AA68EA66062E0828486888A8CE103F0B01101834332A9E703000000000000000000000051030000000000000000000000000000000000000000000000000000|14881106|Jim UHF-FM03kt
2026-08-25 19:10:27|8AA68EA66062E0828486888A8CE103F0AF110182433279046E00F80000000800000088821B27260000000000424100000000000000000000|14881106|Jim UHF-FM03kt
2026-08-25 19:10:27|8AA68EA66062E0828486888A8CE103F0AE110180456E6475726F736174|14881106|Jim UHF-FM03kt
2026-08-25 19:09:58|8AA68EA66062E0828486888A8CE103F0AC1101331A05015E00010501000040005F000110AC0FA90FFFFFFFFFFFFFFFFFAB0FAC0F6000010F0100000000000000000000D426FA506200010F0100000000|14881106|Jim UHF-FM03kt
2026-08-25 19:09:57|8AA68EA66062E0828486888A8CE103F0AB1101331905014E00030D000000000000000000000000005900010DFEFFFFFFD73E4600863C0000035B000108D83E4700A307AA005D000106A53D00006000|14881106|Jim UHF-FM03kt
2026-08-25 19:09:57|8AA68EA66062E0828486888A8CE103F0AA110133180501460001120000000000001616160000020101ECC89D954E00032C00000000000000000000000000000000000000000000000000000000000000|14881106|Jim UHF-FM03kt
2026-08-25 19:09:56|8AA68EA66062E0828486888A8CE103F0A911013317050146000147000000080000004A92C6C350E7A5C02D5A706061E1A8407163A11CC20DB94041BB3E3D5934A33D2B68613D00000000000000000000|14881106|Jim UHF-FM03kt
2026-08-25 19:09:56|8AA68EA66062E0828486888A8CE103F0A81101331605014600017C48000002CF44FA430000000010000000C581A414F8C43D41C0565ADAB92155C142C0B054285D4B413ED83C409A1CB540FF0D624000|14881106|Jim UHF-FM03kt
2026-08-25 19:09:55|8AA68EA66062E0828486888A8CE103F0A71101331505013A00011D232EE360BFF2504F3B45323E3EA863E13EE89EDA3B8928D0BD98C8273D46000190AA44121CF100002070000000B2B48109D0C6690E|14881106|Jim UHF-FM03kt
2026-08-25 19:09:55|8AA68EA66062E0828486888A8CE103F0A61101331405013900012A3FFCA9F1D24D62703FFCA9F1D24D62703F000000000000000000000000000000000000000000000000063A00012481E88D6A4088D2|14881106|Jim UHF-FM03kt
2026-08-25 19:09:54|8AA68EA66062E0828486888A8CE103F0A51101331305013900015FAEBF7B14AE47E17A84BF8ACF3AB2D4DB3CB1824BDC326007CE1951DA6BBFB91E85EB51B88EBFD200DE02098A8F3FFCA9F1D24D6260|14881106|Jim UHF-FM03kt
2026-08-25 19:09:54|8AA68EA66062E0828486888A8CE103F0A411013312050139000194F0164850FC88BF772D211FF46C96BF7B14AE47E17A843F9A9999999999B9BF7B14AE47E17AA43F0000000000000000B81E85EB51B8|14881106|Jim UHF-FM03kt
2026-08-25 19:09:53|8AA68EA66062E0828486888A8CE103F0A3110133110501390001C985C362C085EB51B81EBD6440BF9F1A2FDD24ECBFE19C11A5BDC1673F1B9E5E29CB10C73F3A234A7B832FDC3FD50968226C78AABF8D|14881106|Jim UHF-FM03kt
2026-08-25 19:09:53|8AA68EA66062E0828486888A8CE103F0A21101331005012A00011D40E17A14AE472965C07D97E1FF35245800C71B4D007800C00200000002390001DD7CE88D6A00A7340B90C2F5285C6F49C0EC51B81E|14881106|Jim UHF-FM03kt
2026-08-25 19:09:52|8AA68EA66062E0828486888A8CE103F0A11101330F05012A000152E17A146E3D40DE9387855AD3C4BFE3C798BB9690E3BF81B74082E2C7E8BFB81E85EB51B843400000000000000000EC51B81E85AB58|14881106|Jim UHF-FM03kt
2026-08-25 19:09:52|8AA68EA66062E0828486888A8CE103F0A01101330E05012A00018747E17A14EE3E401F85EB51B89E51C015AE47E17AD07F4000000000000000000000000052B81E85EB5133400AD7A3703D0AEFBFAE47|14881106|Jim UHF-FM03kt
2026-08-25 19:09:51|8AA68EA66062E0828486888A8CE103F09E1101330C05011D0001385E03000070170000DF13000000000000010000007017000000000000000000000000000070170000020D0000F6020000410A000070|14881106|Jim UHF-FM03kt
2026-08-25 19:09:50|8AA68EA66062E0828486888A8CE103F09D1101330B0501090000090000000000000000001D000160D53E0000FA3E00005B000000BB050000532F000000000000FA00000070170000C013000093000000|14881106|Jim UHF-FM03kt
2026-08-25 19:09:49|8AA68EA66062E0828486888A8CE103F09B1101330905010100010B05D255250001001000000006000116D6AF6D00C909000F00000000010000010000014502000700011642B06D008902000E00000000|14881106|Jim UHF-FM03kt
2026-08-25 19:09:27|8AA68EA66062E0828486888A8CE103F09911018243323D046E00F80000000800000088820527260000000000424100000000000000000000|14881106|Jim UHF-FM03kt
2026-08-25 18:15:54|8AA68EA66062E0828486888A8CE103F00111013310050139000194BAB88D06F066BF12A5BDC1172693BF7B14AE47E17A84BF7B14AE47E17A843F00000000000000007B14AE47E17A84BF9A9999999999|14877100|(¯`·._.·(¯`·._.· I LOVE BALI ·._.·´¯)·._.·´¯)-OI71og
2026-08-25 18:15:54|8AA68EA66062E0828486888A8CE103F0021101331105013900015FA9BF000000000000000070981C33B1B3B9B1047E063395F6065F984C653F95F6065F984C75BFD42B6519E25877BFFCA9F1D24D6270|14877100|(¯`·._.·(¯`·._.· I LOVE BALI ·._.·´¯)·._.·´¯)-OI71og
2026-08-25 18:15:53|8AA68EA66062E0828486888A8CE103F0001101330F0501390001C9E17AA4BF7B14AE47E17A84BF623255302AA9533F2D431CEBE2363ABF2D431CEBE2361ABF000000000000F03FA089B0E1E995A2BFC7|14877100|(¯`·._.·(¯`·._.· I LOVE BALI ·._.·´¯)·._.·´¯)-OI71og
2026-08-25 18:15:53|8AA68EA66062E0828486888A8CE103F0FF1101330E05012A00011DC09A99999999992C4053C51000FD894C0041DFA2007103F90000000102390001DDD5DB8D6A80CAE123EC51B81E85EBC13F7B14AE47|14877100|(¯`·._.·(¯`·._.· I LOVE BALI ·._.·´¯)·._.·´¯)-OI71og
2026-08-25 18:15:52|8AA68EA66062E0828486888A8CE103F0FE1101330D05012A0001523D0AD76330C0676666666666C6BF016F8104C58FE3BF8AB0E1E995B2E83F85EB51B81E8561400000000000000000AE47E17A145E58|14877100|(¯`·._.·(¯`·._.· I LOVE BALI ·._.·´¯)·._.·´¯)-OI71og
2026-08-25 18:15:52|8AA68EA66062E0828486888A8CE103F0FD1101330C05012A00018733333333331AC00AD7A3703DAA5F40B81E85EB51088040000000000000000000000000AE47E17A142E3DC090C2F5285C8F0A40A470|14877100|(¯`·._.·(¯`·._.· I LOVE BALI ·._.·´¯)·._.·´¯)-OI71og
2026-08-25 18:15:51|8AA68EA66062E0828486888A8CE103F0FB1101330A05011D0001384503000070170000DF13000000000000010000007017000000000000000000000000000070170000030D000007030000A50A000070|14877100|(¯`·._.·(¯`·._.· I LOVE BALI ·._.·´¯)·._.·´¯)-OI71og
2026-08-25 18:15:51|8AA68EA66062E0828486888A8CE103F0FC1101330B05011D00010317000021000107010DFFFF0605002A0001AAD5DB8D6A80CAE123BB31650075CB1900B0BEF3FFABFD6BFBBDE25C8FC2F5285C1AC033|14877100|(¯`·._.·(¯`·._.· I LOVE BALI ·._.·´¯)·._.·´¯)-OI71og
2026-08-25 18:15:50|8AA68EA66062E0828486888A8CE103F0F91101330805010700010A0100000100000195FF0008000116A2A36D000C00000C000000000100000100000169FF000900001600000000000000000000000000|14877100|(¯`·._.·(¯`·._.· I LOVE BALI ·._.·´¯)·._.·´¯)-OI71og
2026-08-25 18:15:50|8AA68EA66062E0828486888A8CE103F0FA110133090501090000090000000000000000001D000160153E00003A3E00004B000000AA040000552F000000000000FA00000070170000C013000091000000|14877100|(¯`·._.·(¯`·._.· I LOVE BALI ·._.·´¯)·._.·´¯)-OI71og
2026-08-25 18:15:49|8AA68EA66062E0828486888A8CE103F0F81101330705010100010B052A4925000100100000000600011638A36D000C00000E000000000100000100000101000007000116A5A36D000D00000D00000000|14877100|(¯`·._.·(¯`·._.· I LOVE BALI ·._.·´¯)·._.·´¯)-OI71og
2026-08-25 18:15:49|8AA68EA66062E0828486888A8CE103F00111013310050139000194BAB88D06F066BF12A5BDC1172693BF7B14AE47E17A84BF7B14AE47E17A843F00000000000000007B14AE47E17A84BF9A9999999999|14877100|(¯`·._.·(¯`·._.· I LOVE BALI ·._.·´¯)·._.·´¯)-OI71og
2026-08-25 18:15:48|8AA68EA66062E0828486888A8CE103F0FF1101330E05012A00011DC09A99999999992C4053C51000FD894C0041DFA2007103F90000000102390001DDD5DB8D6A80CAE123EC51B81E85EBC13F7B14AE47|14877100|(¯`·._.·(¯`·._.· I LOVE BALI ·._.·´¯)·._.·´¯)-OI71og
2026-08-25 18:15:48|8AA68EA66062E0828486888A8CE103F0FF1101330E05012A00011DC09A99999999992C4053C51000FD894C0041DFA2007103F90000000102390001DDD5DB8D6A80CAE123EC51B81E85EBC13F7B14AE47|14877100|(¯`·._.·(¯`·._.· I LOVE BALI ·._.·´¯)·._.·´¯)-OI71og
2026-08-25 18:15:45|8AA68EA66062E0828486888A8CE103F0FA110133090501090000090000000000000000001D000160153E00003A3E00004B000000AA040000552F000000000000FA00000070170000C013000091000000|14877100|(¯`·._.·(¯`·._.· I LOVE BALI ·._.·´¯)·._.·´¯)-OI71og
2026-08-25 14:28:58|8AA68EA66062E0828486888A8CE103F0971101334005016200010A0000000000004C2CB6446400010F0103001C70161CF9067501D03E504B|14878886|EA4TA-IN80ck
2026-08-25 14:28:57|8AA68EA66062E0828486888A8CE103F0941101333D0501460001120000000000001414140000020101B790F58C4E00032C00000000000000000000000000000000000000000000000000000000000000|14878886|EA4TA-IN80ck
2026-08-25 14:28:06|8AA68EA66062E0828486888A8CE103F0841101834332A9E703000000000000000000000051030000000000000000000000000000000000000000000000000000|14878886|EA4TA-IN80ck
2026-08-25 14:28:06|8AA68EA66062E0828486888A8CE103F08311018243325DC26D0007010000080000008882EF0E260000000000FD4000000000000000000000|14878886|EA4TA-IN80ck
2026-08-25 14:28:06|8AA68EA66062E0828486888A8CE103F082110180456E6475726F736174|14878886|EA4TA-IN80ck
2026-08-25 14:27:58|8AA68EA66062E0828486888A8CE103F0811101332D05016200010A0000000000004C2CB6446400010F010300786EFC1CDF068101D03E504B|14878886|EA4TA-IN80ck
2026-08-25 14:27:58|8AA68EA66062E0828486888A8CE103F0801101332C05015E00010501000040005F000110AC0FA90FFFFFFFFFFFFFFFFFAC0FAC0F6000010F01030042270E0670025800F83E38456200010F0100000000|14878886|EA4TA-IN80ck
2026-08-25 14:27:57|8AA68EA66062E0828486888A8CE103F07F1101332B05014E00030D000000000000000000000000005900010DFEFFFFFFD93E3A0040400000035B000108D93E3A00D306B4005D000106A53D00007000|14878886|EA4TA-IN80ck
2026-08-25 14:27:57|8AA68EA66062E0828486888A8CE103F07E1101332A0501460001120000000000001515150000020101055342A34E00032C00000000000000000000000000000000000000000000000000000000000000|14878886|EA4TA-IN80ck
2026-08-25 14:27:56|8AA68EA66062E0828486888A8CE103F07D1101332905014600014700000008000000BF41733E8060B3C08D748C7020A897C02BFCD5774A2BB64043DDD73D52E24B3DC0285F3D00000000000000000000|14878886|EA4TA-IN80ck
2026-08-25 14:27:56|8AA68EA66062E0828486888A8CE103F07C1101332805014600017C48000002CF44FA430000000010000000CD3822AAA8E053413F10CEE74A1206C1058E61874E1F51413072EE40DCBB5C40F5F05E4000|14878886|EA4TA-IN80ck
2026-08-25 14:27:55|8AA68EA66062E0828486888A8CE103F07B1101332705013A00011D2FAA2556BFEFAA213B5280A63EC2CBE13E4DCEB53C93CEC7BD05FA3D3D46000190AA44121CF100002070000000B3B481094898670D|14878886|EA4TA-IN80ck
2026-08-25 14:27:55|8AA68EA66062E0828486888A8CE103F07A1101332605013900012A3FFCA9F1D24D62703FFA7E6ABC7493683F000000000000000000000000000000000000000000000000063A00012468A68D6A404ABE|14878886|EA4TA-IN80ck
2026-08-25 14:27:54|8AA68EA66062E0828486888A8CE103F0791101332505013900015FAEBF0000000000000000D01343B3080689B14341AA3379E9263108AC6CBF2D431CEBE2366A3F623255302AA973BFFCA9F1D24D6250|14878886|EA4TA-IN80ck
2026-08-25 14:27:54|8AA68EA66062E0828486888A8CE103F078110133240501390001943FA4DFBE0E8CBFBB490C022B8796BF7B14AE47E17A943F9A9999999999B9BF9A9999999999A93F0000000000000000B81E85EB51B8|14878886|EA4TA-IN80ck
2026-08-25 14:27:53|8AA68EA66062E0828486888A8CE103F077110133230501390001C999995FC03E0AD7A370656340F853E3A59BC4EABF7B14AE47E17A643F55302AA913D0D43FD34D62105839DC3FF797DD938785AABFE6|14878886|EA4TA-IN80ck
2026-08-25 14:27:53|8AA68EA66062E0828486888A8CE103F0761101332205012A00031D40E17A14AE476965C094E0C1FF5B5DF8FFB7731E00A003D90000000002390003DD5FA68D6A404ABE2F15AE47E17AF447C000000000|14878886|EA4TA-IN80ck
2026-08-25 14:27:52|8AA68EA66062E0828486888A8CE103F0751101332105012A0003528FC2F5E83C40363CBD529621D2BF780B24287E8CE3BF80D93D7958A8E7BF9A9999999939454000000000000000001F85EB51B8EE58|14878886|EA4TA-IN80ck
2026-08-25 14:27:52|8AA68EA66062E0828486888A8CE103F0741101332005012A00038785EB51B8FE434052B81E85EB51FCBFE17A14AE47E97F400000000000000000000000000000000000403440C3F5285C8FC20B40295C|14878886|EA4TA-IN80ck
2026-08-25 14:27:51|8AA68EA66062E0828486888A8CE103F0731101331F05011D00010317000021000107010DFFFF0605002A0003AA5FA68D6A404ABE2FF2ABB0FF80DAF3FFD2AC4300F311D5076116F6285C8FC21544401F|14878886|EA4TA-IN80ck
2026-08-25 14:27:51|8AA68EA66062E0828486888A8CE103F0721101331E05011D0001385E03000070170000DF13000000000000010000007017000000000000000000000000000070170000030D000000030000660A000070|14878886|EA4TA-IN80ck
2026-08-25 14:27:50|8AA68EA66062E0828486888A8CE103F0711101331D0501090000090000000000000000001D000160D53E0000033F00004400000048040000552F000000000000FA00000070170000C013000094000000|14878886|EA4TA-IN80ck
2026-08-25 14:27:50|8AA68EA66062E0828486888A8CE103F0701101331C05010700010A010000010000013F0000080001166A6E6D008800000D00000000010000010000016100000900001600000000000000000000000000|14878886|EA4TA-IN80ck
2026-08-25 14:27:49|8AA68EA66062E0828486888A8CE103F06F1101331B05010100010B05BA13250001001000000006000116016E6D00C909000F0000000001000001000001540200070001166D6E6D00FB02000E00000000|14878886|EA4TA-IN80ck
2026-08-25 14:27:06|8AA68EA66062E0828486888A8CE103F06E1101834332A9E703000000000000000000000051030000000000000000000000000000000000000000000000000000|14878886|EA4TA-IN80ck
2026-08-25 14:27:06|8AA68EA66062E0828486888A8CE103F06D110182433221C26D0005010000080000008882D90E260000000000FD4000000000000000000000|14878886|EA4TA-IN80ck
2026-08-25 14:27:05|8AA68EA66062E0828486888A8CE103F06C110180456E6475726F736174|14878886|EA4TA-IN80ck
2026-08-25 14:26:58|8AA68EA66062E0828486888A8CE103F06A1101331905015E00010501000040005F000110AC0FAB0FFFFFFFFFFFFFFFFFAC0FAD0F6000010F0103009425280555024C00BC3E32466200010F0100000000|14878886|EA4TA-IN80ck
2026-08-25 14:26:58|8AA68EA66062E0828486888A8CE103F06B1101331A05016200010A0000000000001A2716446400010F0103001C70E21DF9068D01D03E504B|14878886|EA4TA-IN80ck
2026-08-25 14:26:57|8AA68EA66062E0828486888A8CE103F0691101331805014E00030D000000000000000000000000005900010DFEFFFFFFD83E3900DD3F0000035B000108D83E3900CE06B2005D000106A53D00006B00|14878886|EA4TA-IN80ck
2026-08-25 14:26:57|8AA68EA66062E0828486888A8CE103F0681101331705014600011200000000000015151500000201017D3D2F5D4E00032C00000000000000000000000000000000000000000000000000000000000000|14878886|EA4TA-IN80ck
2026-08-25 14:26:56|8AA68EA66062E0828486888A8CE103F0671101331605014600014700000008000000C341DC704ACCB1C0EB644942587698C0404D916CB768B7406474D73D231C4A3D06AC5A3D00000000000000000000|14878886|EA4TA-IN80ck
2026-08-25 14:26:56|8AA68EA66062E0828486888A8CE103F0661101331505014600017C48000002CF44FA430000000010000000A9399DCD68F75441259ED3FBAC91F5C03EB3535C6E924F41D044ED4001515C4010F5524000|14878886|EA4TA-IN80ck
2026-08-25 14:26:55|8AA68EA66062E0828486888A8CE103F0651101331405013A00011D23D9575BBFC26A353BA21A893E929BE13EE3E89D3C8776C2BD81B9493D46000190AA44121CF100002070000000B5B48109E8AD660D|14878886|EA4TA-IN80ck
2026-08-25 14:26:55|8AA68EA66062E0828486888A8CE103F0641101331305013900012A3FFCA9F1D24D62703FFA7E6ABC7493683F000000000000000000000000000000000000000000000000063A0001242BA68D6A4088D2|14878886|EA4TA-IN80ck
2026-08-25 14:26:54|8AA68EA66062E0828486888A8CE103F0631101331205013900015FAEBF000000000000000068370EB32F7FBCB0CB887F336007CE1951DA7BBFFA7E6ABC7493583F4850FC1873D772BFFCA9F1D24D6260|14878886|EA4TA-IN80ck
2026-08-25 14:26:54|8AA68EA66062E0828486888A8CE103F06211013311050139000194787AA52C438CBFE4839ECDAACF95BF7B14AE47E17A943F0AD7A3703D0AB7BF9A9999999999A93F0000000000000000B81E85EB51B8|14878886|EA4TA-IN80ck
2026-08-25 14:26:53|8AA68EA66062E0828486888A8CE103F061110133100501390001C95CF760C0E17A14AE47E9634042CF66D5E76AEBBFC7BAB88D06F0663F6C9A779CA223D13FC386A757CA32DC3F5B423EE8D9ACAABF6D|14878886|EA4TA-IN80ck
2026-08-25 14:26:53|8AA68EA66062E0828486888A8CE103F0601101330F05012A00011D4033333333335365C00457C6FFD4FFF7FF5FFE1A006D03D90000000002390001DD2BA68D6A4088D22315AE47E17A9448C08FC2F528|14878886|EA4TA-IN80ck
2026-08-25 14:26:52|8AA68EA66062E0828486888A8CE103F05F1101330E05012A000152AE47E17A3A404182E2C798BBCEBF780B24287E8CE3BFDD4603780B24E8BFF6285C8FC295444000000000000000003333333333D358|14878886|EA4TA-IN80ck
2026-08-25 14:26:52|8AA68EA66062E0828486888A8CE103F05E1101330D05012A000387285C8FC2154240676666666666E6BFAE47E17A14DE7F400000000000000000000000003E0AD7A370BD3540E17A14AE47E10C400AD7|14878886|EA4TA-IN80ck
2026-08-25 14:26:51|8AA68EA66062E0828486888A8CE103F05D1101330C05011D00010317000021000107010DFFFF0605002A0003AA22A68D6A4088D223A390ACFF6F02F2FF5B2C3E0064109507A117EC51B81E852B4240F6|14878886|EA4TA-IN80ck
2026-08-25 14:26:51|8AA68EA66062E0828486888A8CE103F05C1101330B05011D0001385E03000070170000DF13000000000000010000007017000000000000000000000000000070170000040D0000F60200000F0A000070|14878886|EA4TA-IN80ck
2026-08-25 14:26:50|8AA68EA66062E0828486888A8CE103F05B1101330A0501090000090000000000000000001D000160D53E0000FA3E00004400000048040000512F000000000000FA00000070170000C013000093000000|14878886|EA4TA-IN80ck
2026-08-25 14:26:50|8AA68EA66062E0828486888A8CE103F05A1101330905010700010A01000001000001410000080001162E6E6D007600000D00000000010000010000016400000900001600000000000000000000000000|14878886|EA4TA-IN80ck
2026-08-25 14:26:49|8AA68EA66062E0828486888A8CE103F0591101330805010100010B057E13250001001000000006000116C46D6D00C909000F000000000100000100000159020007000116316E6D00BC02000E00000000|14878886|EA4TA-IN80ck
2026-08-25 14:26:06|8AA68EA66062E0828486888A8CE103F0581101834332A9E703000000000000000000000051030000000000000000000000000000000000000000000000000000|14878886|EA4TA-IN80ck
2026-08-25 14:26:05|8AA68EA66062E0828486888A8CE103F056110180456E6475726F736174|14878886|EA4TA-IN80ck
2026-08-25 14:25:58|8AA68EA66062E0828486888A8CE103F0551101330705016200010A0000000000001A2706456400010F0103000EB0B833F30AC402D03E1649|14878886|EA4TA-IN80ck
2026-08-25 14:25:57|8AA68EA66062E0828486888A8CE103F0531101330505014E00030D000000000000000000000000005900010DFEFFFFFFD83E4D009A3F0000035B000108D83E4F007D08B0005D000106A53D00006B00|14878886|EA4TA-IN80ck
2026-08-25 14:25:57|8AA68EA66062E0828486888A8CE103F0521101330405014600011200000000000017171700000201012D7BFF464E00032C00000000000000000000000000000000000000000000000000000000000000|14878886|EA4TA-IN80ck
2026-08-25 14:25:56|8AA68EA66062E0828486888A8CE103F0511101330305014600014700000008000000D72C30F56223B0C04FF10FC5871A99C0945041D6DD8BB8407315C63DBCE23D3D88CB533D00000000000000000000|14878886|EA4TA-IN80ck
2026-08-25 14:25:56|8AA68EA66062E0828486888A8CE103F0501101330205014600017C48000002CF44FA430000000010000000D5AD766CDAF55541671FE04FB0EABA40197ED9889AC24C41749BDB407B9A4340A77F564000|14878886|EA4TA-IN80ck
2026-08-25 14:25:52|8AA68EA66062E0828486888A8CE103F049110133FB05012A000152F5285C4F374054E3A59BC420C8BF780B24287E8CE3BFED9E3C2CD49AE8BFF6285C8FC2F54340000000000000000048E17A14AEB758|14878886|EA4TA-IN80ck
2026-08-25 14:25:51|8AA68EA66062E0828486888A8CE103F047110133F905011D00010317000021000107010DFFFF0605002A0001AAEEA58D6A8008F617065DA9FFAB7CF0FF0E413900000F58079B1848E17A14AE87404033|14878886|EA4TA-IN80ck
2026-08-25 12:54:49|8AA68EA66062E0828486888A8CE103F0711101333405010100010B05EEFD2400010010000000060001164C586D00C909000F000000000100000100000159020007000116B9586D004104000E00000000|14878013|Plyachka-KN12rl
2026-08-25 12:53:59|8AA68EA66062E0828486888A8CE103F0701101834332A9E703000000000000000000000051030000000000000000000000000000000000000000000000000000|14878013|Plyachka-KN12rl
2026-08-25 12:53:59|8AA68EA66062E0828486888A8CE103F06F110182433254AC6D0005010000080000008882DB06260000000000FB4000000000000000000000|14878013|Plyachka-KN12rl
2026-08-25 12:53:58|8AA68EA66062E0828486888A8CE103F06E110180456E6475726F736174|14878013|Plyachka-KN12rl
2026-08-25 12:53:58|8AA68EA66062E0828486888A8CE103F06D1101333305016200010A000000000000E826A6456400010F010300786E1A1DDF068101D03EA04B|14878013|Plyachka-KN12rl
2026-08-25 12:53:58|8AA68EA66062E0828486888A8CE103F06C1101333205015E00010501000040005F000110AC0FAB0FFFFFFFFFFFFFFFFFAD0FAC0F6000010F010300422C2008C2027200F83E22476200010F0100000000|14878013|Plyachka-KN12rl
2026-08-25 12:53:57|8AA68EA66062E0828486888A8CE103F06A110133300501460001120000CDCC804200000000000000007DC28FEF4E00032C00000000000000000000000000000000000000000000000000000000000000|14878013|Plyachka-KN12rl
2026-08-25 12:53:57|8AA68EA66062E0828486888A8CE103F06B1101333105014E00030D000000000000000000000000005900010DFEFFFFFFD93E350040400000035B000108D93E34008006B3005D000106A53D00006B00|14878013|Plyachka-KN12rl
2026-08-25 12:53:56|8AA68EA66062E0828486888A8CE103F0691101332F05014600014700000000000000AE1425E19DFEADC08D91C4ED7135AAC033072E6DD977B6404D23C83FF05DA63EE277DB3F00000000000000000000|14878013|Plyachka-KN12rl
2026-08-25 12:53:56|8AA68EA66062E0828486888A8CE103F0681101332E05014600017C48004802CF44FA430100000000000000A19CAF8B52AF5241426A202019283E4132CC6D2784D150413E20C04233188C41167ECB4201|14878013|Plyachka-KN12rl
2026-08-25 12:53:55|8AA68EA66062E0828486888A8CE103F0671101332D05013A00011D23C65151BF08FD433B9392BD3E03B6E13EC9ABA13CDE7ACDBD3486F63C46000190AA44121CF1000020700000009F8281090889110D|14878013|Plyachka-KN12rl
2026-08-25 12:53:55|8AA68EA66062E0828486888A8CE103F0661101332C05013900012A3F7B14AE47E17A743FFA7E6ABC7493683F000000000000000000000000000000000000000000000000063A00012460908D6A80CAE1|14878013|Plyachka-KN12rl
2026-08-25 12:53:54|8AA68EA66062E0828486888A8CE103F0651101332B05013900015FAEBF7B14AE47E17A94BFE8592FB17680D7B21693D2336007CE1951DA5BBFC7BAB88D06F0463FC7BAB88D06F046BFFCA9F1D24D6250|14878013|Plyachka-KN12rl
2026-08-25 12:53:54|8AA68EA66062E0828486888A8CE103F0641101332A05013900019496218E75718BBF81B74082E2C798BF7B14AE47E17A943F9A9999999999B9BFB81E85EB51B89E3F0000000000000000B81E85EB51B8|14878013|Plyachka-KN12rl
2026-08-25 12:53:53|8AA68EA66062E0828486888A8CE103F0621101332805012A00011D4015AE47E17A8465C0AADAC8FF58A9D2FF4FD32600A7001F0100000002390001DD5B908D6A80460A0C3E0AD7A3703D47C01F85EB51|14878013|Plyachka-KN12rl
2026-08-25 12:53:50|8AA68EA66062E0828486888A8CE103F05D110133230501090000090000000000000000001D000160D53E0000FA3E0000620000002B060000532F000000000000FA00000070170000C013000094000000|14878013|Plyachka-KN12rl
2026-08-25 12:53:50|8AA68EA66062E0828486888A8CE103F05C1101332205010700010A010000010000013C0000080001167A586D00A700000E00000000010000010000015F00000900001600000000000000000000000000|14878013|Plyachka-KN12rl
2026-08-25 12:53:49|8AA68EA66062E0828486888A8CE103F05B1101332105010100010B05B2FD24000100100000000600011610586D00C909000F0000000001000001000001590200070001167D586D00BC03000E00000000|14878013|Plyachka-KN12rl
2026-08-25 12:52:59|8AA68EA66062E0828486888A8CE103F05A1101834332A9E703000000000000000000000051030000000000000000000000000000000000000000000000000000|14878013|Plyachka-KN12rl
2026-08-25 12:52:58|8AA68EA66062E0828486888A8CE103F059110182433218AC6D0002010000080000008882C506260000000000FB4000000000000000000000|14878013|Plyachka-KN12rl
2026-08-25 12:52:58|8AA68EA66062E0828486888A8CE103F058110180456E6475726F736174|14878013|Plyachka-KN12rl
2026-08-25 12:52:58|8AA68EA66062E0828486888A8CE103F0571101332005016200010A000000000000E826B6446400010F010300E07E8421E407BF01D03E004B|14878013|Plyachka-KN12rl
2026-08-25 12:52:58|8AA68EA66062E0828486888A8CE103F0561101331F05015E00010501000040005F000110AB0FA90FFFFFFFFFFFFFFFFFAD0FAC0F6000010F0100000000000000000000D426AA506200010F0100000000|14878013|Plyachka-KN12rl
2026-08-25 12:52:57|8AA68EA66062E0828486888A8CE103F0551101331E05014E00030D000000000000000000000000005900010DFEFFFFFFD83E3200DD3F0000035B000108D83E34007306B2005D000106A53D00006B00|14878013|Plyachka-KN12rl
2026-08-25 12:52:57|8AA68EA66062E0828486888A8CE103F0541101331D0501460001120000CDCC8C40010000000000000052EDBF5F4E00032C00000000000000000000000000000000000000000000000000000000000000|14878013|Plyachka-KN12rl
2026-08-25 12:52:56|8AA68EA66062E0828486888A8CE103F0531101331C05014600014700000008000000AE1425E19DFEADC08D91C4ED7135AAC033072E6DD977B6404D23C83FF05DA63EE277DB3F00000000000000000000|14878013|Plyachka-KN12rl
2026-08-25 12:52:56|8AA68EA66062E0828486888A8CE103F0521101331B05014600017C48000802CF44FA430100000010000000A19CAF8B52AF5241426A202019283E4132CC6D2784D150413E20C04233188C41167ECB4201|14878013|Plyachka-KN12rl
2026-08-25 12:52:55|8AA68EA66062E0828486888A8CE103F0511101331A05013A00011D16274757BFDDBC393B53B5A03EE3B0E13EC6649D3C492DDCBD7D670F3D46000190AA44121CF10000207000000097B48109A89E100D|14878013|Plyachka-KN12rl
2026-08-25 12:52:55|8AA68EA66062E0828486888A8CE103F0501101331905013900012A3F7B14AE47E17A743FFA7E6ABC7493683F000000000000000000000000000000000000000000000000063A00012423908D6A80C00D|14878013|Plyachka-KN12rl
2026-08-25 12:52:54|8AA68EA66062E0828486888A8CE103F04F1101331805013900015FB1BF7B14AE47E17A84BF809D66B2B3DE95B2C4DFCF3393CB7F48BF7D4DBF4850FC1873D7623FACADD85F764F6EBFFCA9F1D24D6250|14878013|Plyachka-KN12rl
2026-08-25 12:52:54|8AA68EA66062E0828486888A8CE103F04E11013317050139000194787AA52C438CBF174850FC187397BF7B14AE47E17A943F295C8FC2F528BCBF7B14AE47E17AA43F0000000000000000EC51B81E85EB|14878013|Plyachka-KN12rl
2026-08-25 12:52:53|8AA68EA66062E0828486888A8CE103F04D110133160501390001C9510860C0713D0AD7A3806340D59AE61DA7E8EABFC7BAB88D06F0663FBBB88D06F016D43F4BEA04341136DC3F3AB4C876BE9FAABF6D|14878013|Plyachka-KN12rl
2026-08-25 12:52:53|8AA68EA66062E0828486888A8CE103F04C1101331505012A00011D400AD7A3703D6A65C0DA32CDFFDB50D2FF39AB2300A6001F0100000002390001DD23908D6A80C00D1600000000000048C0B81E85EB|14878013|Plyachka-KN12rl
2026-08-25 12:52:52|8AA68EA66062E0828486888A8CE103F04B1101331405012A0001525C8FC2B53E400DE02D90A0F8D1BFB459F5B9DA8AE3BF37AB3E575BB1E7BFAE47E17A142E454000000000000000003E0AD7A370ED58|14878013|Plyachka-KN12rl
2026-08-25 12:52:52|8AA68EA66062E0828486888A8CE103F04A1101331305012A0001875C8FC2F5E843403E0AD7A370FD3540CDCCCCCCCCE87F4000000000000000000000000015AE47E17AD43340EC51B81E85EB1340F628|14878013|Plyachka-KN12rl
2026-08-25 12:52:51|8AA68EA66062E0828486888A8CE103F0491101331205011D00010317000021000107010DFFFF0605002A0001AA1E908D6A001BB7008618B0FFC9B2F3FFD9F74200C211C8078D1615AE47E17AD443401F|14878013|Plyachka-KN12rl
2026-08-25 12:52:51|8AA68EA66062E0828486888A8CE103F0481101331105011D0001385E03000070170000DF13000000000000010000007017000000000000000000000000000070170000030D0000F80200004D0A000070|14878013|Plyachka-KN12rl
2026-08-25 12:52:50|8AA68EA66062E0828486888A8CE103F047110133100501090000090000000000000000001D000160D53E0000FA3E0000530000003A050000532F000000000000FA00000070170000C013000094000000|14878013|Plyachka-KN12rl
2026-08-25 12:52:50|8AA68EA66062E0828486888A8CE103F0461101330F05010700010A010000010000013F0000080001163D586D008000000E00000000010000010000015F00000900001600000000000000000000000000|14878013|Plyachka-KN12rl
2026-08-25 12:52:49|8AA68EA66062E0828486888A8CE103F0451101330E05010100010B0576FD240001001000000006000116D4576D00C909000F00000000010000010000015402000700011640586D009602000E00000000|14878013|Plyachka-KN12rl
2026-08-25 12:51:59|8AA68EA66062E0828486888A8CE103F0441101834332A9E703000000000000000000000051030000000000000000000000000000000000000000000000000000|14878013|Plyachka-KN12rl
2026-08-25 12:51:58|8AA68EA66062E0828486888A8CE103F042110180456E6475726F736174|14878013|Plyachka-KN12rl
2026-08-25 12:51:58|8AA68EA66062E0828486888A8CE103F0401101330C05015E00010501000040005F000110AD0FA90FFFFFFFFFFFFFFFFFAC0FA90F6000010F0100000000000000000000982BBA4F6200010F0100000000|14878013|Plyachka-KN12rl
2026-08-25 12:51:57|8AA68EA66062E0828486888A8CE103F03E1101330A0501460001120000000000000B0B0B0000020101B74F74BD4E00032C00000000000000000000000000000000000000000000000000000000000000|14878013|Plyachka-KN12rl
2026-08-25 12:51:57|8AA68EA66062E0828486888A8CE103F03F1101330B05014E00030D000000000000000000000000005900010DFEFFFFFFD83E3D00BC3F0000035B000108D83E3D000407B1005D000106A53D00006B00|14870713|Apomahon-KM18ub
2026-08-25 12:51:56|8AA68EA66062E0828486888A8CE103F03D11013309050146000147000000080000007EFFE00A7F24ABC0EF93E4B95257A9C007D50766A79CB740B5F78E3E0E05FB3DA197D63D00000000000000000000|14878013|Plyachka-KN12rl
2026-08-25 12:51:56|8AA68EA66062E0828486888A8CE103F03C1101330805014600017C48000002CF44FA430000000010000000371F8D9C21795341E826C35ACD804041A6C4A0D0F0164F41FDA792412AB50441EE52EF4000|14878013|Plyachka-KN12rl
2026-08-25 12:51:55|8AA68EA66062E0828486888A8CE103F03B1101330705013A00011D0B6B2C5CBFE379253B0945833ED9D7E13EE25E613C6845C2BD8265443D46000190AA44121CF100002070000000B4B4810948B40F0D|14878013|Plyachka-KN12rl
2026-08-25 12:51:55|8AA68EA66062E0828486888A8CE103F03A1101330605013900012A3FFCA9F1D24D62703FFA7E6ABC7493683F000000000000000000000000000000000000000000000000063A000124E68F8D6A4004FB|14878013|Plyachka-KN12rl
2026-08-25 12:51:54|8AA68EA66062E0828486888A8CE103F0391101330505013900015FAEBF0000000000000000037D01B3CCB183AE9D705C33AED85F764F1E66BF462575029A086B3F07F0164850FC78BFFCA9F1D24D6260|14878013|Plyachka-KN12rl
2026-08-25 12:51:54|8AA68EA66062E0828486888A8CE103F03811013304050139000194B0506B9A778CBF849ECDAACFD596BF7B14AE47E17A843F0AD7A3703D0AB7BF9A9999999999A93F0000000000000000B81E85EB51B8|14878013|Plyachka-KN12rl
2026-08-25 12:51:54|8AA68EA66062E0828486888A8CE103F03811013304050139000194B0506B9A778CBF849ECDAACFD596BF7B14AE47E17A843F0AD7A3703D0AB7BF9A9999999999A93F0000000000000000B81E85EB51B8|14870713|Apomahon-KM18ub
2026-08-25 12:51:53|8AA68EA66062E0828486888A8CE103F037110133030501390001C9F53061C0E17A14AE470164406844696FF085EBBF7B14AE47E17A643F0D71AC8BDB68D03F98FF907EFB3ADC3F7DD0B359F5B9AABFF3|14878013|Plyachka-KN12rl
2026-08-25 12:51:53|8AA68EA66062E0828486888A8CE103F0361101330205012A00011D40B81E85EB515065C02A2AD2FF19F0D1FFE88920006A001F0100000002390001DDE68F8D6A4004FB0B5C8FC2F528BC48C0295C8FC2|14878013|Plyachka-KN12rl
2026-08-25 12:51:53|8AA68EA66062E0828486888A8CE103F037110133030501390001C9F53061C0E17A14AE470164406844696FF085EBBF7B14AE47E17A643F0D71AC8BDB68D03F98FF907EFB3ADC3F7DD0B359F5B9AABFF3|14870713|Apomahon-KM18ub
2026-08-25 12:51:52|8AA68EA66062E0828486888A8CE103F0341101330005012A00018700000000004240CDCCCCCCCC0C3740F6285C8FC2DD7F40000000000000000000000000333333333373354052B81E85EB5114400AD7|14870713|Apomahon-KM18ub
2026-08-25 12:51:51|8AA68EA66062E0828486888A8CE103F033110133FF05011D00010317000021000107010DFFFF0605002A0001AAE68F8D6A4004FB0BE960ACFF9506F2FF4BED3D0054108E07AE17F6285C8FC215424000|14870713|Apomahon-KM18ub
2026-08-25 12:51:51|8AA68EA66062E0828486888A8CE103F032110133FE05011D0001385E03000070170000DF13000000000000010000007017000000000000000000000000000070170000040D0000F3020000410A000070|14870713|Apomahon-KM18ub
2026-08-25 12:51:50|8AA68EA66062E0828486888A8CE103F031110133FD0501090000090000000000000000001D000160D53E0000033F0000530000003A050000502F000000000000FA00000070170000C013000094000000|14870713|Apomahon-KM18ub
2026-08-25 12:51:50|8AA68EA66062E0828486888A8CE103F030110133FC05010700010A010000010000013C00000800011601586D006600000D00000000010000010000016400000900001600000000000000000000000000|14870713|Apomahon-KM18ub
2026-08-25 12:51:49|8AA68EA66062E0828486888A8CE103F02F110133FB05010100010B053AFD24000100100000000600011697576D00C909000F00000000010000010000015402000700011604586D001002000D00000000|14870713|Apomahon-KM18ub
2026-08-25 12:50:58|8AA68EA66062E0828486888A8CE103F02D1101824332A0AB6D00020100000800000088829906260000000000FB4000000000000000000000|14870713|Apomahon-KM18ub
2026-08-25 12:50:58|8AA68EA66062E0828486888A8CE103F02C110180456E6475726F736174|14870713|Apomahon-KM18ub
2026-08-25 12:50:58|8AA68EA66062E0828486888A8CE103F02B110133FA05016200010A0000000000001A2716446400010F01030038B84236750BEA02D03EC648|14870713|Apomahon-KM18ub
2026-08-25 12:49:58|8AA68EA66062E0828486888A8CE103F017110182433263AB6D00FB0000000800000088828306260000000000FB4000000000000000000000|14878013|Plyachka-KN12rl
2026-08-25 12:49:58|8AA68EA66062E0828486888A8CE103F016110180456E6475726F736174|14878013|Plyachka-KN12rl
2026-08-25 12:49:57|8AA68EA66062E0828486888A8CE103F014110133E505014E00030D000000000000000000000000005900010DFEFFFFFFD83E47006C3E0000035B000108D83E46009607AE005D000106A53D00006600|14878013|Plyachka-KN12rl
2026-08-25 12:49:51|8AA68EA66062E0828486888A8CE103F008110133D905011D00010317000021000107010DFFFF0605002A0001AA6B8F8D6A404ABE2FD55BA5FF5B8DEEFF42123200FC0CF306D5197B14AE47E17A3C4015|14878013|Plyachka-KN12rl
2026-08-25 08:37:52|8AA68EA66062E0828486888A8CE103F0221101332805012A00011DC0A4703D0AD7A33240F369F6FFBC8F9FFF4822600055019F0100000102390001DD5D548D6A007B9A179A9999999999B9BFB81E85EB|14875722|Jim UHF-FM03kt
2026-08-25 08:37:51|8AA68EA66062E0828486888A8CE103F0201101332605012A00018747E17A146E3B4085EB51B81E0555C01F85EB51B8EA7F40000000000000000000000000CDCCCCCCCCCC32C0713D0AD7A3701140F628|14875722|Jim UHF-FM03kt
2026-08-25 08:37:36|8AA68EA66062E0828486888A8CE103F01A1101834332A9E703000000000000000000000051030000000000000000000000000000000000000000000000000000|14875722|Jim UHF-FM03kt
2026-08-25 08:36:58|8AA68EA66062E0828486888A8CE103F0171101332005016200010A000000000000000000006400010F000000000000000000000000000000|14875722|Jim UHF-FM03kt
2026-08-25 08:36:57|8AA68EA66062E0828486888A8CE103F0161101331F05015E00010501000048005F000110940F930FFFFFFFFFFFFFFFFF940F930F6000010F0000000000000000000000000000006200010F0000000000|14875722|Jim UHF-FM03kt
2026-08-25 08:36:57|8AA68EA66062E0828486888A8CE103F0151101331E05014E00030D000000000000000000000000005900010DFEFFFFFF903E41FE26490000035B0001088F3E40FEA718C9005D000106433DB7018100|14875722|Jim UHF-FM03kt
2026-08-25 08:36:56|8AA68EA66062E0828486888A8CE103F0141101331D0501460001120000000000001515150000020101DB36EEDB4E00032C00000000000000000000000000000000000000000000000000000000000000|14875722|Jim UHF-FM03kt
2026-08-25 08:36:56|8AA68EA66062E0828486888A8CE103F0131101331C05014600014700000008000000DF1C1D7E9A7991C025CD846E9A6AAFC0AD8FFC450539B9C0D8654D3DDC028D3D4A15813D00000000000000000000|14875722|Jim UHF-FM03kt
2026-08-25 08:36:52|8AA68EA66062E0828486888A8CE103F00C1101331505012A00011DC0CDCCCCCCCC4C33402C44F7FFE7939FFFF91F5F0018019F0100000102390001DD20548D6A802B530B9A9999999999C9BF7B14AE47|14875722|Jim UHF-FM03kt
2026-08-25 08:36:51|8AA68EA66062E0828486888A8CE103F0091101331205011D00010317000021000107010DFFFF0605002A0001AA20548D6A802B530BC4DB5400F5B61D009E4B3600DD0FCC00DEE6AE47E17A146E3F4085|14875722|Jim UHF-FM03kt
2026-08-25 08:36:35|8AA68EA66062E0828486888A8CE103F002110180456E6475726F736174|14875722|Jim UHF-FM03kt
2026-08-25 08:35:36|8AA68EA66062E0828486888A8CE103F0EE1101834332A9E703000000000000000000000051030000000000000000000000000000000000000000000000000000|14875722|Jim UHF-FM03kt
2026-08-25 08:35:35|8AA68EA66062E0828486888A8CE103F0ED1101824332D46F6D002E0100000800000088825AF2250000000000F64000000000000000000000|14875722|Jim UHF-FM03kt
2026-08-25 08:35:35|8AA68EA66062E0828486888A8CE103F0EC110180456E6475726F736174|14875722|Jim UHF-FM03kt
2026-08-25 08:34:58|8AA68EA66062E0828486888A8CE103F0EB110133FA05016200010A000000000000000000006400010F000000000000000000000000000000|14875722|Jim UHF-FM03kt
2026-08-25 08:34:57|8AA68EA66062E0828486888A8CE103F0EA110133F905015E00010501000048005F0001109E0F9D0FFFFFFFFFFFFFFFFF9F0F9A0F6000010F0000000000000000000000000000006200010F0000000000|14875722|Jim UHF-FM03kt
2026-08-25 08:34:57|8AA68EA66062E0828486888A8CE103F0E9110133F805014E00030D000000000000000000000000005900010DFEFFFFFF9A3E78FDC8480000035B000108993E8DFDB923C9005D000106513D9E008100|14875722|Jim UHF-FM03kt
2026-08-25 08:34:56|8AA68EA66062E0828486888A8CE103F0E8110133F70501460001120000000000001717170000020101CAFFF39F4E00032C00000000000000000000000000000000000000000000000000000000000000|14875722|Jim UHF-FM03kt
2026-08-25 08:34:56|8AA68EA66062E0828486888A8CE103F0E7110133F6050146000147000000080000009E47FD18F7118DC07D580F639DFAB2C0BB230102BFFBB6C063CA4B3DE29D6B3D1D60923D00000000000000000000|14875722|Jim UHF-FM03kt
2026-08-25 08:34:55|8AA68EA66062E0828486888A8CE103F0E6110133F505014600017C48000002CF44FA4300000000100000009966DBEF8CE52841E0BAFC39F65B54C135148AC2564750411BE6494045577640C760964000|14875722|Jim UHF-FM03kt
2026-08-25 08:34:55|8AA68EA66062E0828486888A8CE103F0E5110133F405013A00011D0B308B8BB959A856B963031A3C1AFD7F3F964EFC3A9942CA3AAA340EBE46000190AA44121CF100002070000000B3B481092069240C|14875722|Jim UHF-FM03kt
2026-08-25 08:34:54|8AA68EA66062E0828486888A8CE103F0E4110133F305013900012A3FFCA9F1D24D62503FFCA9F1D24D62503F000000000000000000000000000000000000000000000000063A000124AB538D6A40E006|14875722|Jim UHF-FM03kt
2026-08-25 08:34:54|8AA68EA66062E0828486888A8CE103F0E3110133F205013900015FAEBFEC51B81E85EBC1BF04133DB515D329B56642953461C3D32B6519B2BFF8C264AA6054923F4C37894160E5A0BFFCA9F1D24D6250|14875722|Jim UHF-FM03kt
2026-08-25 08:34:53|8AA68EA66062E0828486888A8CE103F0E2110133F1050139000194A089B0E1E985BF7CF2B0506B9AA7BF00000000000000000000000000000000EC51B81E85EBC1BF0000000000000000B81E85EB51B8|14875722|Jim UHF-FM03kt
2026-08-25 08:34:52|8AA68EA66062E0828486888A8CE103F0E0110133EF05012A00011DC0B81E85EB51B834400A24F9FF3D9D9FFF546A5D00A7009F0100000102390001DDAB538D6A40E0060BB81E85EB51B89EBF7B14AE47|14875722|Jim UHF-FM03kt
2026-08-25 02:10:06|8AA68EA66062E0828486888A8CE103F0FA1101834332A9E703000000000000000000000051030000000000000000000000000000000000000000000000000000|14874005|SA2KNG Omni UHF/VHF-KP03cu
2026-08-25 02:10:06|8AA68EA66062E0828486888A8CE103F0F9110182433292156D002701000008000000888266D1250000000000C14000000000000000000000|14874005|SA2KNG Omni UHF/VHF-KP03cu
2026-08-25 02:10:06|8AA68EA66062E0828486888A8CE103F0F8110180456E6475726F736174|14874005|SA2KNG Omni UHF/VHF-KP03cu
2026-08-25 02:09:58|8AA68EA66062E0828486888A8CE103F0F71101336705016200010A000000000000000000006400010F01030058C5C23313078D01D03E104A|14874005|SA2KNG Omni UHF/VHF-KP03cu
2026-08-25 02:09:57|8AA68EA66062E0828486888A8CE103F0F61101336605015E00010501000040005F000110AC0FAB0FFFFFFFFFFFFFFFFFAD0FAD0F6000010F0000000000000000000000000000006200010F0000000000|14874005|SA2KNG Omni UHF/VHF-KP03cu
2026-08-25 02:09:57|8AA68EA66062E0828486888A8CE103F0F51101336505014E00030D000000000000000000000000005900010DFEFFFFFFDA3E000001470000035B000108DA3EFFFF2003C5005D000106A53D00008100|14874005|SA2KNG Omni UHF/VHF-KP03cu
2026-08-25 02:09:56|8AA68EA66062E0828486888A8CE103F0F41101336405014600011200009A99A1430000000000000000DBD34CCB4E00032C00000000000000000000000000000000000000000000000000000000000000|14874005|SA2KNG Omni UHF/VHF-KP03cu
2026-08-25 02:09:56|8AA68EA66062E0828486888A8CE103F0F31101336305014600014700000000000000F6180773144BBD402F156EC5329791402C06EC082FD492C0F69E913E6F4F703F3173DE3E00000000000000000000|14874005|SA2KNG Omni UHF/VHF-KP03cu
2026-08-25 02:09:55|8AA68EA66062E0828486888A8CE103F0F21101336205014600017C48804802CF44FA430100000000000000E48CA5FB733D2C41E3598BB61C4330413D5CADE992AB5941A98DE142FF80974369B4EF4201|14874005|SA2KNG Omni UHF/VHF-KP03cu
2026-08-25 02:09:55|8AA68EA66062E0828486888A8CE103F0F11101336105013A00011D004983163EAB5E1F3B36AC623F80BCE13E4A76553DBE71CABD43A493BC46000190AA44121CF100002070000000A0828109F8EDC30A|14874005|SA2KNG Omni UHF/VHF-KP03cu
2026-08-25 02:09:54|8AA68EA66062E0828486888A8CE103F0EF1101335F05013900015FAEBF7B14AE47E17A84BF35092434DA5C4A32284107B37B14AE47E17A64BF76711B0DE02D80BF2F6EA301BC05723FFCA9F1D24D6270|14874005|SA2KNG Omni UHF/VHF-KP03cu
2026-08-25 02:09:53|8AA68EA66062E0828486888A8CE103F0EE1101335E050139000194DBD781734684BF76029A081B9E9EBF9A9999999999A93F9A9999999999B9BF7B14AE47E17A94BF0000000000000000B81E85EB51B8|14874005|SA2KNG Omni UHF/VHF-KP03cu
2026-08-25 02:09:53|8AA68EA66062E0828486888A8CE103F0ED1101335D0501390001C914AE2E40295C8FC2F500604038894160E5D0C23F623255302AA9633FDB1B7C613255EC3F0F9C33A2B437DC3FBC270F0BB5A6A9BFF5|14874005|SA2KNG Omni UHF/VHF-KP03cu
2026-08-25 02:09:52|8AA68EA66062E0828486888A8CE103F0EC1101335C05012A00011DC0E17A14AE47613B401FB95400661F0F00DE813B0082006A0100000002390001DD6FF98C6A40420F00CDCCCCCCCCCC1C40AE47E17A|14874005|SA2KNG Omni UHF/VHF-KP03cu
2026-08-25 02:09:52|8AA68EA66062E0828486888A8CE103F0EB1101335B05012A000152703D0A1744408F53742497FFE8BFDFE00B93A982E3BF05C58F31772DC13FCDCCCCCCCC5C5840000000000000000015AE47E17A345A|14874005|SA2KNG Omni UHF/VHF-KP03cu
2026-08-25 02:09:51|8AA68EA66062E0828486888A8CE103F0EA1101335A05012A0001877A14AE47E14D40C3F5285C8F02364015AE47E17A1E804000000000000000000000000085EB51B81E0528C0F6285C8FC2F5F83FD7A3|14874005|SA2KNG Omni UHF/VHF-KP03cu
2026-08-25 02:09:51|8AA68EA66062E0828486888A8CE103F0E91101335905011D00010317000021000107010DFFFF0605002A0003AA66F98C6A40420F00D4382E00C13C1800F20C5B00AB19BA04C1F17B14AE47E13A4E4048|14874005|SA2KNG Omni UHF/VHF-KP03cu
2026-08-25 02:09:50|8AA68EA66062E0828486888A8CE103F0E81101335805011D0001385E03000070170000DF13000000000000010000007017000000000000000000000000000070170000020D000058030000860B000070|14874005|SA2KNG Omni UHF/VHF-KP03cu
2026-08-25 02:09:50|8AA68EA66062E0828486888A8CE103F0E7110133570501090000090000000000000000001D000160D53E0000FA3E00005B000000BB050000542F000000000000FA00000070170000C113000093000000|14874005|SA2KNG Omni UHF/VHF-KP03cu
2026-08-25 02:09:49|8AA68EA66062E0828486888A8CE103F0E61101335605010700010A01000001000001C2FF000800011624C26C001200000D0000000001000001000001C6FF000900001600000000000000000000000000|14874005|SA2KNG Omni UHF/VHF-KP03cu
2026-08-25 02:09:49|8AA68EA66062E0828486888A8CE103F0E51101335505010100010B05C266240001001000000006000116BBC16C00C909000F00000000010000010000019E02000700011627C26C000C00000D00000000|14874005|SA2KNG Omni UHF/VHF-KP03cu
2026-08-25 02:09:06|8AA68EA66062E0828486888A8CE103F0E41101834332A9E703000000000000000000000051030000000000000000000000000000000000000000000000000000|14874005|SA2KNG Omni UHF/VHF-KP03cu
2026-08-25 02:09:06|8AA68EA66062E0828486888A8CE103F0E3110182433256156D002201000008000000888250D1250000000000C14000000000000000000000|14874005|SA2KNG Omni UHF/VHF-KP03cu
2026-08-25 02:09:06|8AA68EA66062E0828486888A8CE103F0E2110180456E6475726F736174|14874005|SA2KNG Omni UHF/VHF-KP03cu
2026-08-25 02:08:51|8AA68EA66062E0828486888A8CE103F0D41101334705012A00018785EB51B8BE4F40C3F5285C8F8238408FC2F5285C238040000000000000000000000000AE47E17A142E25C0B81E85EB51B8F63F9A99|14874005|SA2KNG Omni UHF/VHF-KP03cu
2026-08-25 02:08:49|8AA68EA66062E0828486888A8CE103F0D01101334305010700010A01000001000001CCFF0008000116E8C16C001200000D0000000001000001000001CDFF000900001600000000000000000000000000|14874005|SA2KNG Omni UHF/VHF-KP03cu
2026-08-25 02:08:06|8AA68EA66062E0828486888A8CE103F0CE1101834332A9E703000000000000000000000051030000000000000000000000000000000000000000000000000000|14874005|SA2KNG Omni UHF/VHF-KP03cu
2026-08-25 02:08:06|8AA68EA66062E0828486888A8CE103F0CD11018243321A156D00220100000800000088823AD1250000000000C14000000000000000000000|14874005|SA2KNG Omni UHF/VHF-KP03cu
2026-08-25 02:08:05|8AA68EA66062E0828486888A8CE103F0CC110180456E6475726F736174|14874005|SA2KNG Omni UHF/VHF-KP03cu
2026-08-25 02:07:58|8AA68EA66062E0828486888A8CE103F0CB1101334105016200010A000000000000000000006400010F0103005A73401F2D072302D03EC648|14874005|SA2KNG Omni UHF/VHF-KP03cu
2026-08-25 02:07:57|8AA68EA66062E0828486888A8CE103F0CA1101334005015E00010501000040005F000110AC0FA90FFFFFFFFFFFFFFFFFAB0FAD0F6000010F0000000000000000000000000000006200010F0000000000|14874005|SA2KNG Omni UHF/VHF-KP03cu
2026-08-25 02:07:57|8AA68EA66062E0828486888A8CE103F0C91101333F05014E00030D000000000000000000000000005900010DFEFFFFFFDA3EFEFFB3460000035B000108DA3EFEFF1703C4005D000106973D00008100|14874005|SA2KNG Omni UHF/VHF-KP03cu
2026-08-25 02:07:56|8AA68EA66062E0828486888A8CE103F0C81101333E050146000112000033334B43000000000000000060F296414E00032C00000000000000000000000000000000000000000000000000000000000000|14874005|SA2KNG Omni UHF/VHF-KP03cu
2026-08-25 02:07:56|8AA68EA66062E0828486888A8CE103F0C71101333D05014600014700000000000000F6180773144BBD402F156EC5329791402C06EC082FD492C0F69E913E6F4F703F3173DE3E00000000000000000000|14874005|SA2KNG Omni UHF/VHF-KP03cu
2026-08-25 02:07:55|8AA68EA66062E0828486888A8CE103F0C61101333C05014600017C48804802CF44FA430100000000000000E48CA5FB733D2C41E3598BB61C4330413D5CADE992AB5941A98DE142FF80974369B4EF4201|14874005|SA2KNG Omni UHF/VHF-KP03cu
2026-08-25 02:07:55|8AA68EA66062E0828486888A8CE103F0C51101333B05013A00011D007D4B023D0452143B6EA1653F57BCE13E23F7513D0D1BD0BD49CB91BC46000190AA44121CF100002070000000A78281093819C20A|14874005|SA2KNG Omni UHF/VHF-KP03cu
2026-08-25 02:07:54|8AA68EA66062E0828486888A8CE103F0C31101333905013900015FB1BF7B14AE47E17A84BF455F24341FC6F32FE2D0C03279E9263108AC6CBF462575029A086B3F2D431CEBE2361A3FFCA9F1D24D6260|14874005|SA2KNG Omni UHF/VHF-KP03cu
2026-08-25 02:07:53|8AA68EA66062E0828486888A8CE103F0C211013338050139000194A301BC051284BF0C93A98251499DBF9A9999999999A93F9A9999999999B9BF7B14AE47E17A84BF0000000000000000EC51B81E85EB|14874005|SA2KNG Omni UHF/VHF-KP03cu
2026-08-25 02:07:53|8AA68EA66062E0828486888A8CE103F0C1110133370501390001C96666064048E17A14AEE75F407DD0B359F5B99A3F4850FC1873D7623F6C09F9A067B3EC3FE4141DC9E53FDC3F0BB5A679C729AABF6E|14874005|SA2KNG Omni UHF/VHF-KP03cu
2026-08-25 02:07:52|8AA68EA66062E0828486888A8CE103F0C01101333605012A00011DC07B14AE47E13A404008FF590007F80F009E81470082006A0100000002390001DDF4F88C6A4088D22348E17A14AE47F13F67666666|14874005|SA2KNG Omni UHF/VHF-KP03cu
2026-08-25 02:07:52|8AA68EA66062E0828486888A8CE103F0BF1101333505012A000152CCCCCC4C4540D42B6519E258E9BFDFE00B93A982E3BFE63FA4DFBE0E9C3F85EB51B81ED556400000000000000000B81E85EB51585B|14874005|SA2KNG Omni UHF/VHF-KP03cu
2026-08-25 02:07:51|8AA68EA66062E0828486888A8CE103F0BE1101333405012A00018751B81E85CB5040AE47E17A14AE3B4048E17A14AE278040000000000000000000000000E17A14AE476122C0A4703D0AD7A3F43FCDCC|14874005|SA2KNG Omni UHF/VHF-KP03cu
2026-08-25 02:07:51|8AA68EA66062E0828486888A8CE103F0BD1101333305011D00010317000021000107010DFFFF0605002A0001AAF4F88C6A4088D223D384220065F5150034A16000191B8C0518F5A4703D0AD7D35040EC|14874005|SA2KNG Omni UHF/VHF-KP03cu
2026-08-25 02:07:50|8AA68EA66062E0828486888A8CE103F0BC1101333205011D0001385E03000070170000DF13000000000000010000007017000000000000000000000000000070170000FF0C000083030000EA0B000070|14874005|SA2KNG Omni UHF/VHF-KP03cu
2026-08-25 02:07:50|8AA68EA66062E0828486888A8CE103F0BB110133310501090000090000000000000000001D000160D53E0000033F00004400000048040000532F000000000000FA00000070170000C113000093000000|14874005|SA2KNG Omni UHF/VHF-KP03cu
2026-08-25 02:07:49|8AA68EA66062E0828486888A8CE103F0BA1101333005010700010A01000001000001CEFF0008000116ABC16C001200000D0000000001000001000001CDFF000900001600000000000000000000000000|14874005|SA2KNG Omni UHF/VHF-KP03cu
2026-08-25 02:07:49|8AA68EA66062E0828486888A8CE103F0B91101332F05010100010B054A6624000100100000000600011642C16C00C909000F00000000010000010000019E020007000116AEC16C000E00000E00000000|14874005|SA2KNG Omni UHF/VHF-KP03cu
2026-08-24 19:29:31|8AA68EA66062E0828486888A8CE103F055110180456E6475726F736174|14870935|Jim UHF-FM03kt
2026-08-24 19:28:57|8AA68EA66062E0828486888A8CE103F054110133A405016200010A0000000000004C2C56456400010F010300266B341CAA067501D03EA04B|14870935|Jim UHF-FM03kt
2026-08-24 19:28:57|8AA68EA66062E0828486888A8CE103F052110133A205014E00030D000000000000000000000000005900010DFEFFFFFFD73E35006C3E0000035B000108D73E35008F06AE005D000106A53D00006000|14870935|Jim UHF-FM03kt
2026-08-24 19:28:55|8AA68EA66062E0828486888A8CE103F050110133A005014600014700000008000000E0465D8686B7A4C092059CDF0037AF40D2DB32A56A7AB74062142D3DFE7CB43D1AE75A3D00000000000000000000|14870935|Jim UHF-FM03kt
2026-08-24 19:28:55|8AA68EA66062E0828486888A8CE103F04F1101339F05014600017C48000002CF44FA43000000001000000092DC5EF427D3334179A5D311F27054C1A6F216BB01674F416D6D3140983BBE406EE65D4000|14870935|Jim UHF-FM03kt
2026-08-24 19:28:54|8AA68EA66062E0828486888A8CE103F04E1101339E05013A00011D1781E35BBFEC4C483B6FA8843ED023E23E242AA53C7839E5BDA09E2A3D46000190AA44121CF100002070000000B3B48109D0CC5409|14870935|Jim UHF-FM03kt
2026-08-24 19:28:54|8AA68EA66062E0828486888A8CE103F04C1101339C05013900015FB1BF7B14AE47E17A84BF595729B348A43FB2E347BE3355C1A8A44E4073BF07F0164850FC78BFC58F31772D217F3FFCA9F1D24D6250|14870935|Jim UHF-FM03kt
2026-08-24 19:28:50|8AA68EA66062E0828486888A8CE103F0461101339605011D00010317000021000107010DFFFF0605002A0001AA6D9B8C6A404B4C00F358ACFFA122F3FF781F3E007A105C07A317676666666626424071|14870935|Jim UHF-FM03kt
2026-08-24 19:28:32|8AA68EA66062E0828486888A8CE103F0411101834332A9E703000000000000000000000051030000000000000000000000000000000000000000000000000000|14870935|Jim UHF-FM03kt
2026-08-24 19:28:32|8AA68EA66062E0828486888A8CE103F04011018243328DB76C00FD000000080000008882AFB0250000000000BE4000000000000000000000|14870935|Jim UHF-FM03kt
2026-08-24 19:28:31|8AA68EA66062E0828486888A8CE103F03F110180456E6475726F736174|14870935|Jim UHF-FM03kt
2026-08-24 19:27:57|8AA68EA66062E0828486888A8CE103F03E1101339105016200010A0000000000004C2CA6456400010F010300D46C4E1BC5066801D03EF04B|14870935|Jim UHF-FM03kt
2026-08-24 19:27:56|8AA68EA66062E0828486888A8CE103F03C1101338F05014E00030D000000000000000000000000005900010DFEFFFFFFD83E4C00273E0000035B000108D83E4D002B08AD005D000106A53D00006600|14870935|Jim UHF-FM03kt
2026-08-24 19:27:56|8AA68EA66062E0828486888A8CE103F03B1101338E050146000112000000000000191919000002010168905E024E00032C00000000000000000000000000000000000000000000000000000000000000|14870935|Jim UHF-FM03kt
2026-08-24 19:27:55|8AA68EA66062E0828486888A8CE103F03A1101338D0501460001470000000800000061732E9DC530A4C001D9A1CFDEE9AB402956EFF3EA9BB84096544D3D9AAEB43DFA124A3D00000000000000000000|14870935|Jim UHF-FM03kt
2026-08-24 19:27:55|8AA68EA66062E0828486888A8CE103F0391101338C05014600017C48000002CF44FA43000000001000000051C52E31EA3836415FA3834B844E55C195E6DF141A954C416CF836409BCAB140D04C424000|14870935|Jim UHF-FM03kt
2026-08-24 19:27:54|8AA68EA66062E0828486888A8CE103F0381101338B05013A00011D0BFDD95FBFD61F4E3B62A64D3ED21EE23E6D9B8F3C2310CBBDA071143D46000190AA44121CF100002070000000B2B4810970E25309|14870935|Jim UHF-FM03kt
2026-08-24 19:27:54|8AA68EA66062E0828486888A8CE103F0371101338A05013900012A3F7B14AE47E17A743FFCA9F1D24D62703F000000000000000000000000000000000000000000000000063A000124359B8C6A802B53|14870935|Jim UHF-FM03kt
2026-08-24 19:27:53|8AA68EA66062E0828486888A8CE103F0361101338905013900015FAEBF7B14AE47E17A84BF124B16317D9E57B26EBF81330000000000000000C217265305A382BF28A089B0E1E9853FFCA9F1D24D6260|14870935|Jim UHF-FM03kt
2026-08-24 19:27:53|8AA68EA66062E0828486888A8CE103F035110133880501390001947E6ABC749388BF4182E2C798BB96BF7B14AE47E17A943F9A9999999999B9BF7B14AE47E17AA43F7B14AE47E17A843FB81E85EB51B8|14870935|Jim UHF-FM03kt
2026-08-24 19:27:52|8AA68EA66062E0828486888A8CE103F034110133870501390001C97A5462C0B81E85EB51886440B4EA73B515FBEBBF1461C3D32B65693FDDB5847CD0B3C93F6D787AA52C43DC3FB37BF2B0506BAABFFA|14870935|Jim UHF-FM03kt
2026-08-24 19:27:52|8AA68EA66062E0828486888A8CE103F0331101338605012A00011D40C3F5285C8F5265C07652E4FFBAF45A00AF3254003701030300000002390001DD359B8C6A802B530BD7A3703D0A5749C015AE47E1|14870935|Jim UHF-FM03kt
2026-08-24 19:27:51|8AA68EA66062E0828486888A8CE103F0321101338505012A0001525C8FC2753F406F8104C58F31C7BFB0726891ED7CE3BF12143FC6DCB5E8BF713D0AD7A3D043400000000000000000F6285C8FC2B558|14870935|Jim UHF-FM03kt
2026-08-24 19:27:50|8AA68EA66062E0828486888A8CE103F0301101338305011D00010317000021000107010DFFFF0605002A0001AA359B8C6A802B530B79EAA8FF608EF1FF82DA3800FD0E1F07AE18666666666666404052|14870935|Jim UHF-FM03kt
2026-08-24 19:27:49|8AA68EA66062E0828486888A8CE103F02E110133810501090000090000000000000000001D000160D53E0000FA3E0000530000003A050000512F000000000000FA00000070170000C113000093000000|14870935|Jim UHF-FM03kt
2026-08-24 19:27:48|8AA68EA66062E0828486888A8CE103F02C1101337F05010100010B058A08240001001000000006000116E4636C00C909000F0000000001000001000001450200070001164F646C00F203000E00000000|14870935|Jim UHF-FM03kt
2026-08-24 19:27:32|8AA68EA66062E0828486888A8CE103F02B1101834332A9E703000000000000000000000051030000000000000000000000000000000000000000000000000000|14870935|Jim UHF-FM03kt
2026-08-24 19:27:31|8AA68EA66062E0828486888A8CE103F02A110182433251B76C00FB00000008000000888299B0250000000000BE4000000000000000000000|14870935|Jim UHF-FM03kt
2026-08-24 19:27:31|8AA68EA66062E0828486888A8CE103F029110180456E6475726F736174|14870935|Jim UHF-FM03kt
2026-08-24 19:26:57|8AA68EA66062E0828486888A8CE103F0281101337E05016200010A000000000000E82606456400010F0103003C7DA221CA07BF01D03E504B|14870935|Jim UHF-FM03kt
2026-08-24 19:26:57|8AA68EA66062E0828486888A8CE103F0271101337D05015E00010501000040005F000110AC0FA90FFFFFFFFFFFFFFFFFAD0FAB0F6000010F0100000000000000000000D42BF4516200010F0100000000|14870935|Jim UHF-FM03kt
2026-08-24 19:26:56|8AA68EA66062E0828486888A8CE103F0261101337C05014E00030D000000000000000000000000005900010DFEFFFFFFD83E4A007B3D0000035B000108D83E4C000008AC005D000106A53D00006600|14870935|Jim UHF-FM03kt
2026-08-24 19:26:55|8AA68EA66062E0828486888A8CE103F0241101337A050146000147000000080000002DBC00DDE08BA3C08E2C2DCC267FA840B9D8A45597A1B9402F2D2D3D6080A63DC2053E3D00000000000000000000|14870935|Jim UHF-FM03kt
2026-08-24 19:26:55|8AA68EA66062E0828486888A8CE103F0231101337905014600017C48000002CF44FA43000000001000000097DB5C7F0E8D38411D31F544DD1256C11C6D22C9E8A24941AAAF2640EE92A64090AD3B4000|14870935|Jim UHF-FM03kt
2026-08-24 19:26:54|8AA68EA66062E0828486888A8CE103F0221101337805013A00011D17229262BFE479353BFEF2153ED33CE23E5A464E3C7E49B5BDE93F263D46000190AA44121CF100002070000000B2B4810910F85209|14870935|Jim UHF-FM03kt
2026-08-24 19:26:54|8AA68EA66062E0828486888A8CE103F0211101337705013900012A3FFCA9F1D24D62703FFCA9F1D24D62703F000000000000000000000000000000000000000000000000063A000124FD9A8C6A0084D7|14870935|Jim UHF-FM03kt
2026-08-24 19:26:54|8AA68EA66062E0828486888A8CE103F0201101337605013900015FAEBF7B14AE47E17A84BF2237A5B120A0B7B1D34A113395F6065F984C65BFDF718A8EE4F27FBFC58F31772D217F3FFCA9F1D24D6260|14870935|Jim UHF-FM03kt
2026-08-24 19:26:53|8AA68EA66062E0828486888A8CE103F01F110133750501390001940A462575028ABFD812F241CF6695BF7B14AE47E17A843F9A9999999999B9BF7B14AE47E17AA43F0000000000000000B81E85EB51B8|14870935|Jim UHF-FM03kt
2026-08-24 19:26:52|8AA68EA66062E0828486888A8CE103F01E110133740501390001C9A39063C015AE47E17A1C654045D8F0F44A59ECBFC7BAB88D06F0663FC898BB96900FC23FF5DBD7817346DC3F7DD0B359F5B9AABFA7|14870935|Jim UHF-FM03kt
2026-08-24 19:26:52|8AA68EA66062E0828486888A8CE103F01D1101337305012A00011D40CDCCCCCCCC3C65C07F9CE5FFC5CF5A00AA045200F900030300000002390001DDF89A8C6A405DC600EC51B81E85CB49C0713D0AD7|14870935|Jim UHF-FM03kt
2026-08-24 19:26:51|8AA68EA66062E0828486888A8CE103F01B1101337105012A000187CCCCCCCCCC3C40D7A3703D0A9752C048E17A14AECB7F4000000000000000000000000048E17A14AE873340CDCCCCCCCCCCDCBFE17A|14870935|Jim UHF-FM03kt
2026-08-24 19:26:50|8AA68EA66062E0828486888A8CE103F01A1101337005011D00010317000021000107010DFFFF0605002A0001AAF89A8C6A405DC6003889A5FF83E3EFFF51D43200490DD406B7193333333333F33C40CD|14870935|Jim UHF-FM03kt
2026-08-24 19:26:50|8AA68EA66062E0828486888A8CE103F0191101336F05011D0001385E03000070170000DF13000000000000010000007017000000000000000000000000000070170000020D00001C030000A50A000070|14870935|Jim UHF-FM03kt
2026-08-24 19:26:49|8AA68EA66062E0828486888A8CE103F0181101336E0501090000090000000000000000001D000160D53E0000FA3E00005A000000AA050000512F000000000000FA00000070170000BF13000093000000|14870935|Jim UHF-FM03kt
2026-08-24 19:26:49|8AA68EA66062E0828486888A8CE103F0171101336D05010700010A010000010000010F00000800011610646C007A00000E00000000010000010000013100000900001600000000000000000000000000|14870935|Jim UHF-FM03kt
2026-08-24 19:26:48|8AA68EA66062E0828486888A8CE103F0161101336C05010100010B054E08240001001000000006000116A8636C00C909000F00000000010000010000014202000700011613646C005603000E00000000|14870935|Jim UHF-FM03kt
2026-08-24 19:26:31|8AA68EA66062E0828486888A8CE103F014110182433215B76C00FB00000008000000888283B0250000000000BE4000000000000000000000|14870935|Jim UHF-FM03kt
2026-08-24 19:25:57|8AA68EA66062E0828486888A8CE103F0121101336B05016200010A000000000000E82666446400010F010300668572244C08E401D03E504B|14870935|Jim UHF-FM03kt
2026-08-24 18:34:28|8AA68EA66062E0828486888A8CE103F09C1101824332E4AA6C00180100000800000088820BAC250000000000BD4000000000000000000000|14867720|(¯`·._.·(¯`·._.· I LOVE BALI ·._.·´¯)·._.·´¯)-OI71og
2026-08-24 18:34:28|8AA68EA66062E0828486888A8CE103F09D1101834332A9E703000000000000000000000051030000000000000000000000000000000000000000000000000000|14867720|(¯`·._.·(¯`·._.· I LOVE BALI ·._.·´¯)·._.·´¯)-OI71og
2026-08-24 18:34:27|8AA68EA66062E0828486888A8CE103F09B110180456E6475726F736174|14867720|(¯`·._.·(¯`·._.· I LOVE BALI ·._.·´¯)·._.·´¯)-OI71og
2026-08-24 18:34:17|8AA68EA66062E0828486888A8CE103F09C1101824332E4AA6C00180100000800000088820BAC250000000000BD4000000000000000000000|14867720|(¯`·._.·(¯`·._.· I LOVE BALI ·._.·´¯)·._.·´¯)-OI71og
2026-08-24 18:33:57|8AA68EA66062E0828486888A8CE103F09A1101338F05016200010A000000000000000000006400010F000000000000000000000000000000|14867720|(¯`·._.·(¯`·._.· I LOVE BALI ·._.·´¯)·._.·´¯)-OI71og
2026-08-24 18:33:57|8AA68EA66062E0828486888A8CE103F0991101338E05015E00010501000048005F000110830F7F0FFFFFFFFFFFFFFFFF820F850F6000010F0000000000000000000000000000006200010F0000000000|14867720|(¯`·._.·(¯`·._.· I LOVE BALI ·._.·´¯)·._.·´¯)-OI71og
2026-08-24 18:33:56|8AA68EA66062E0828486888A8CE103F0981101338D05014E00030D000000000000000000000000005900010DFEFFFFFF2F3E95FDA9470000035B0001082F3E95FD0023BF005D0001060B3D9E007600|14867720|(¯`·._.·(¯`·._.· I LOVE BALI ·._.·´¯)·._.·´¯)-OI71og
2026-08-24 18:33:56|8AA68EA66062E0828486888A8CE103F0971101338C0501460001120000000000001A191900000201015FEB62FD4E00032C00000000000000000000000000000000000000000000000000000000000000|14867720|(¯`·._.·(¯`·._.· I LOVE BALI ·._.·´¯)·._.·´¯)-OI71og
2026-08-24 18:33:55|8AA68EA66062E0828486888A8CE103F0951101338A05014600017C48000002CF44FA430000000010000000B87E82E945734BC16740D62FD1135641D2BA79F8F62C2FC1FB358040F5DEB340417E2E4000|14867720|(¯`·._.·(¯`·._.· I LOVE BALI ·._.·´¯)·._.·´¯)-OI71og
2026-08-24 18:33:55|8AA68EA66062E0828486888A8CE103F0961101338B050146000147000000080000004C1DAE88FA059D40D038B4E47C7F63C059BD5E819121BDC08B61763D0E64AF3D9D61263D00000000000000000000|14867720|(¯`·._.·(¯`·._.· I LOVE BALI ·._.·´¯)·._.·´¯)-OI71og
2026-08-24 18:33:54|8AA68EA66062E0828486888A8CE103F0931101338805013900012A3FFCA9F1D24D62503FFCA9F1D24D62603F000000000000000000000000000000000000000000000000063A0001248E8E8C6A4088D2|14867720|(¯`·._.·(¯`·._.· I LOVE BALI ·._.·´¯)·._.·´¯)-OI71og
2026-08-24 18:33:54|8AA68EA66062E0828486888A8CE103F0941101338905013A00011D23A54E933ABBBC71B8B9F126B8F6FF7F3F1B2BE7BBCA6B58BB715A103B46000190AA44121CF100002070000000B2B4810930722209|14867720|(¯`·._.·(¯`·._.· I LOVE BALI ·._.·´¯)·._.·´¯)-OI71og
2026-08-24 18:33:53|8AA68EA66062E0828486888A8CE103F09111013386050139000194E9263108AC6CBFF5DBD781734694BF7B14AE47E17A84BF000000000000000000000000000000007B14AE47E17A84BFEC51B81E85EB|14867720|(¯`·._.·(¯`·._.· I LOVE BALI ·._.·´¯)·._.·´¯)-OI71og
2026-08-24 18:33:53|8AA68EA66062E0828486888A8CE103F0921101338705013900015FB1BF000000000000000053187733B034ABB130B40733623255302AA9733F2D431CEBE2364ABFD200DE02098A7FBFFCA9F1D24D6270|14867720|(¯`·._.·(¯`·._.· I LOVE BALI ·._.·´¯)·._.·´¯)-OI71og
2026-08-24 18:33:52|8AA68EA66062E0828486888A8CE103F090110133850501390001C9E17A84BF00000000000000002F6EA301BC05523F2D431CEBE2361ABF0000000000000000000000000000F03FDBF97E6ABC74A3BF79|14867720|(¯`·._.·(¯`·._.· I LOVE BALI ·._.·´¯)·._.·´¯)-OI71og
2026-08-24 18:33:52|8AA68EA66062E0828486888A8CE103F08F1101338405012A00011DC03333333333332A40C7291200D2EB50001D149C0048000A0300000102390001DD8E8E8C6A4088D223A4703D0AD7A3C03F7B14AE47|14867720|(¯`·._.·(¯`·._.· I LOVE BALI ·._.·´¯)·._.·´¯)-OI71og
2026-08-24 18:33:51|8AA68EA66062E0828486888A8CE103F08E1101338305012A00015285EB517832C09031772D211FC4BFCE1951DA1B7CE3BFE27A14AE47E1E83FF6285C8FC29561400000000000000000713D0AD7A36058|14867720|(¯`·._.·(¯`·._.· I LOVE BALI ·._.·´¯)·._.·´¯)-OI71og
2026-08-24 18:33:51|8AA68EA66062E0828486888A8CE103F08D1101338205012A000187EB51B81E8520C07B14AE47E17A5E405C8FC2F5280C80400000000000000000000000007B14AE47E1FA3CC085EB51B81E850B40B81E|14867720|(¯`·._.·(¯`·._.· I LOVE BALI ·._.·´¯)·._.·´¯)-OI71og
2026-08-24 18:33:50|8AA68EA66062E0828486888A8CE103F08C1101338105011D00010317000021000107010DFFFF0605002A0001AA898E8C6A802B530B5C6265009CAB1700643FF1FFE6FC4CFBD5E2E17A14AE47E11FC0AE|14867720|(¯`·._.·(¯`·._.· I LOVE BALI ·._.·´¯)·._.·´¯)-OI71og
2026-08-24 18:33:50|8AA68EA66062E0828486888A8CE103F08B1101338005011D0001384503000070170000DF13000000000000000000007017000000000000000000000000000070170000030D0000F4020000BE0A000070|14867720|(¯`·._.·(¯`·._.· I LOVE BALI ·._.·´¯)·._.·´¯)-OI71og
2026-08-24 18:33:49|8AA68EA66062E0828486888A8CE103F0891101337E05010700010A0100000100000197FF0008000116AF576C000C00000C00000000010000010000016BFF000900001600000000000000000000000000|14867720|(¯`·._.·(¯`·._.· I LOVE BALI ·._.·´¯)·._.·´¯)-OI71og
2026-08-24 18:33:49|8AA68EA66062E0828486888A8CE103F08A1101337F0501090000090000000000000000001D000160153E00003A3E00005A00000099050000552F000000000000FA00000070170000C113000091000000|14867720|(¯`·._.·(¯`·._.· I LOVE BALI ·._.·´¯)·._.·´¯)-OI71og
2026-08-24 18:33:48|8AA68EA66062E0828486888A8CE103F0881101337D05010100010B05E2FB23000100100000000600011646576C000C00000E0000000001000001000001FAFF0007000116B2576C000D00000D00000000|14867720|(¯`·._.·(¯`·._.· I LOVE BALI ·._.·´¯)·._.·´¯)-OI71og
2026-08-24 18:33:47|8AA68EA66062E0828486888A8CE103F09A1101338F05016200010A000000000000000000006400010F000000000000000000000000000000|14867720|(¯`·._.·(¯`·._.· I LOVE BALI ·._.·´¯)·._.·´¯)-OI71og
2026-08-24 18:33:45|8AA68EA66062E0828486888A8CE103F0951101338A05014600017C48000002CF44FA430000000010000000B87E82E945734BC16740D62FD1135641D2BA79F8F62C2FC1FB358040F5DEB340417E2E4000|14867720|(¯`·._.·(¯`·._.· I LOVE BALI ·._.·´¯)·._.·´¯)-OI71og
2026-08-24 18:33:45|8AA68EA66062E0828486888A8CE103F0961101338B050146000147000000080000004C1DAE88FA059D40D038B4E47C7F63C059BD5E819121BDC08B61763D0E64AF3D9D61263D00000000000000000000|14867720|(¯`·._.·(¯`·._.· I LOVE BALI ·._.·´¯)·._.·´¯)-OI71og
2026-08-24 18:33:44|8AA68EA66062E0828486888A8CE103F0931101338805013900012A3FFCA9F1D24D62503FFCA9F1D24D62603F000000000000000000000000000000000000000000000000063A0001248E8E8C6A4088D2|14867720|(¯`·._.·(¯`·._.· I LOVE BALI ·._.·´¯)·._.·´¯)-OI71og
2026-08-24 18:33:44|8AA68EA66062E0828486888A8CE103F0941101338905013A00011D23A54E933ABBBC71B8B9F126B8F6FF7F3F1B2BE7BBCA6B58BB715A103B46000190AA44121CF100002070000000B2B4810930722209|14867720|(¯`·._.·(¯`·._.· I LOVE BALI ·._.·´¯)·._.·´¯)-OI71og
2026-08-24 18:33:43|8AA68EA66062E0828486888A8CE103F09111013386050139000194E9263108AC6CBFF5DBD781734694BF7B14AE47E17A84BF000000000000000000000000000000007B14AE47E17A84BFEC51B81E85EB|14867720|(¯`·._.·(¯`·._.· I LOVE BALI ·._.·´¯)·._.·´¯)-OI71og
2026-08-24 18:33:43|8AA68EA66062E0828486888A8CE103F0921101338705013900015FB1BF000000000000000053187733B034ABB130B40733623255302AA9733F2D431CEBE2364ABFD200DE02098A7FBFFCA9F1D24D6270|14867720|(¯`·._.·(¯`·._.· I LOVE BALI ·._.·´¯)·._.·´¯)-OI71og
2026-08-24 18:33:42|8AA68EA66062E0828486888A8CE103F08F1101338405012A00011DC03333333333332A40C7291200D2EB50001D149C0048000A0300000102390001DD8E8E8C6A4088D223A4703D0AD7A3C03F7B14AE47|14867720|(¯`·._.·(¯`·._.· I LOVE BALI ·._.·´¯)·._.·´¯)-OI71og
2026-08-24 18:33:41|8AA68EA66062E0828486888A8CE103F08E1101338305012A00015285EB517832C09031772D211FC4BFCE1951DA1B7CE3BFE27A14AE47E1E83FF6285C8FC29561400000000000000000713D0AD7A36058|14867720|(¯`·._.·(¯`·._.· I LOVE BALI ·._.·´¯)·._.·´¯)-OI71og
2026-08-24 18:33:41|8AA68EA66062E0828486888A8CE103F08D1101338205012A000187EB51B81E8520C07B14AE47E17A5E405C8FC2F5280C80400000000000000000000000007B14AE47E1FA3CC085EB51B81E850B40B81E|14867720|(¯`·._.·(¯`·._.· I LOVE BALI ·._.·´¯)·._.·´¯)-OI71og
2026-08-24 18:33:40|8AA68EA66062E0828486888A8CE103F08C1101338105011D00010317000021000107010DFFFF0605002A0001AA898E8C6A802B530B5C6265009CAB1700643FF1FFE6FC4CFBD5E2E17A14AE47E11FC0AE|14867720|(¯`·._.·(¯`·._.· I LOVE BALI ·._.·´¯)·._.·´¯)-OI71og
2026-08-24 18:33:40|8AA68EA66062E0828486888A8CE103F08B1101338005011D0001384503000070170000DF13000000000000000000007017000000000000000000000000000070170000030D0000F4020000BE0A000070|14867720|(¯`·._.·(¯`·._.· I LOVE BALI ·._.·´¯)·._.·´¯)-OI71og
2026-08-24 18:33:39|8AA68EA66062E0828486888A8CE103F0891101337E05010700010A0100000100000197FF0008000116AF576C000C00000C00000000010000010000016BFF000900001600000000000000000000000000|14867720|(¯`·._.·(¯`·._.· I LOVE BALI ·._.·´¯)·._.·´¯)-OI71og
2026-08-24 18:33:39|8AA68EA66062E0828486888A8CE103F08A1101337F0501090000090000000000000000001D000160153E00003A3E00005A00000099050000552F000000000000FA00000070170000C113000091000000|14867720|(¯`·._.·(¯`·._.· I LOVE BALI ·._.·´¯)·._.·´¯)-OI71og
2026-08-24 18:33:38|8AA68EA66062E0828486888A8CE103F0881101337D05010100010B05E2FB23000100100000000600011646576C000C00000E0000000001000001000001FAFF0007000116B2576C000D00000D00000000|14867720|(¯`·._.·(¯`·._.· I LOVE BALI ·._.·´¯)·._.·´¯)-OI71og
2026-08-24 18:33:28|8AA68EA66062E0828486888A8CE103F0871101834332A9E703000000000000000000000051030000000000000000000000000000000000000000000000000000|14867720|(¯`·._.·(¯`·._.· I LOVE BALI ·._.·´¯)·._.·´¯)-OI71og
2026-08-24 18:33:28|8AA68EA66062E0828486888A8CE103F0861101824332A8AA6C001A010000080000008882F5AB250000000000BD4000000000000000000000|14867720|(¯`·._.·(¯`·._.· I LOVE BALI ·._.·´¯)·._.·´¯)-OI71og
2026-08-24 18:33:27|8AA68EA66062E0828486888A8CE103F085110180456E6475726F736174|14867720|(¯`·._.·(¯`·._.· I LOVE BALI ·._.·´¯)·._.·´¯)-OI71og
2026-08-24 18:33:17|8AA68EA66062E0828486888A8CE103F0871101834332A9E703000000000000000000000051030000000000000000000000000000000000000000000000000000|14867720|(¯`·._.·(¯`·._.· I LOVE BALI ·._.·´¯)·._.·´¯)-OI71og
2026-08-24 18:33:17|8AA68EA66062E0828486888A8CE103F085110180456E6475726F736174|14867720|(¯`·._.·(¯`·._.· I LOVE BALI ·._.·´¯)·._.·´¯)-OI71og
2026-08-24 14:48:54|8AA68EA66062E0828486888A8CE103F045110133D505013900012A3F7B14AE47E17A743FFCA9F1D24D62603F000000000000000000000000000000000000000000000000063A000124D1598C6A404ABE|14869569|PE0SAT-11-JO21mr
2026-08-24 14:48:53|8AA68EA66062E0828486888A8CE103F044110133D405013900015FB1BF7B14AE47E17A84BFD8DC6AB358DE77B2D3EA0D34C7BAB88D06F066BF22FDF675E09C713F20D26F5F07CE79BFFA7E6ABC749368|14869569|PE0SAT-11-JO21mr
2026-08-24 14:48:53|8AA68EA66062E0828486888A8CE103F043110133D3050139000194D26F5F07CE89BF9A999999999999BF7B14AE47E17A943F295C8FC2F528BCBFB81E85EB51B89E3F7B14AE47E17A84BFEC51B81E85EB|14869569|PE0SAT-11-JO21mr
2026-08-24 14:48:52|8AA68EA66062E0828486888A8CE103F041110133D105012A00011D4052B81E85EB0166C0FD4DB1FFF73E0100D0B22F009600530200000002390001DDD1598C6A404ABE2F5C8FC2F528BC44C067666666|14869569|PE0SAT-11-JO21mr
2026-08-24 14:48:51|8AA68EA66062E0828486888A8CE103F040110133D005012A0001529999993942401E386744696FDCBF46B6F3FDD478E3BF0BD7A3703D0AE5BF15AE47E17A7448400000000000000000E17A14AE47A159|14869569|PE0SAT-11-JO21mr
2026-08-24 14:48:50|8AA68EA66062E0828486888A8CE103F03D110133CD05011D0001385E03000070170000DF13000000000000010000007017000000000000000000000000000070170000030D00000F0300006D0B000070|14869569|PE0SAT-11-JO21mr
2026-08-24 14:48:49|8AA68EA66062E0828486888A8CE103F03B110133CB05010700010A010000010000013A00000800011629236C006600000D00000000010000010000015300000900001600000000000000000000000000|14869569|PE0SAT-11-JO21mr
2026-08-24 14:48:10|8AA68EA66062E0828486888A8CE103F0391101834332A9E703000000000000000000000051030000000000000000000000000000000000000000000000000000|14869569|PE0SAT-11-JO21mr
2026-08-24 14:48:10|8AA68EA66062E0828486888A8CE103F0381101824332E9756C000E010000080000008882A7982500000000003F4000000000000000000000|14869569|PE0SAT-11-JO21mr
2026-08-24 14:48:10|8AA68EA66062E0828486888A8CE103F037110180456E6475726F736174|14869569|PE0SAT-11-JO21mr
2026-08-24 14:47:50|8AA68EA66062E0828486888A8CE103F027110133BA05011D0001385E03000070170000DF13000000000000010000007017000000000000EEFFFFFF0000000070170000030D0000F4020000410A000070|14869569|PE0SAT-11-JO21mr
2026-08-24 14:47:49|8AA68EA66062E0828486888A8CE103F025110133B805010700010A0100000100000141000008000116F0226C007A00000E00000000010000010000015A00000900001600000000000000000000000000|14869569|PE0SAT-11-JO21mr
2026-08-24 13:12:03|8AA68EA66062E0828486888A8CE103F0FA1101834332A9E703000000000000000000000051030000000000000000000000000000000000000000000000000000|14868757|Plyachka-KN12rl
2026-08-24 13:12:03|8AA68EA66062E0828486888A8CE103F0F91101824332685F6C000701000008000000888268902500000000003C4000000000000000000000|14868757|Plyachka-KN12rl
2026-08-24 13:12:03|8AA68EA66062E0828486888A8CE103F0F8110180456E6475726F736174|14868757|Plyachka-KN12rl
2026-08-24 13:11:57|8AA68EA66062E0828486888A8CE103F0F7110133A905016200010A0000000000004C2C16446400010F01030010C25839120C1B03D03E2648|14868757|Plyachka-KN12rl
2026-08-24 13:11:57|8AA68EA66062E0828486888A8CE103F0F6110133A805015E00010501000040005F000110AC0FAB0FFFFFFFFFFFFFFFFFAC0FAD0F6000010F0100000000000000000000D426AA506200010F0100000000|14868757|Plyachka-KN12rl
2026-08-24 13:11:56|8AA68EA66062E0828486888A8CE103F0F5110133A705014E00030D000000000000000000000000005900010DFEFFFFFFD83E3C0040400000035B000108D83E3C006007B3005D000106A53D00007000|14868757|Plyachka-KN12rl
2026-08-24 13:11:56|8AA68EA66062E0828486888A8CE103F0F4110133A6050146000112000066660E420000000000000000E571DEFA4E00032C00000000000000000000000000000000000000000000000000000000000000|14868757|Plyachka-KN12rl
2026-08-24 13:11:55|8AA68EA66062E0828486888A8CE103F0F3110133A5050146000147000000000000000C5099E98855B1C0B9E8868AAE59A8C06587AC482C4AB5409BBF8840CB8B2D3F1346384000000000000000000000|14868757|Plyachka-KN12rl
2026-08-24 13:11:55|8AA68EA66062E0828486888A8CE103F0F2110133A405014600017C48000802CF44FA4301000000000000008F7B27278053524161CEC1AB59CA35416B1A65A938FA51414934B4431D534142020D394301|14868757|Plyachka-KN12rl
2026-08-24 13:11:54|8AA68EA66062E0828486888A8CE103F0F1110133A305013A00011D1797334FBFE5A6343B16C5C53E447EE23ECF03BD3C6143CDBDB1472C3D46000190AA44121CF100002070000000B4828109A8A4FB07|14868757|Plyachka-KN12rl
2026-08-24 13:11:54|8AA68EA66062E0828486888A8CE103F0F0110133A205013900012A3F7B14AE47E17A743FFA7E6ABC7493683F000000000000000000000000000000000000000000000000063A00012416438C6A40C6E6|14868757|Plyachka-KN12rl
2026-08-24 13:11:53|8AA68EA66062E0828486888A8CE103F0EF110133A105013900015FAEBF000000000000000031913DB36122F6B16189E1336007CE1951DA5B3FE19C11A5BDC167BF3CDF4F8D976E723FFCA9F1D24D6250|14868757|Plyachka-KN12rl
2026-08-24 13:11:52|8AA68EA66062E0828486888A8CE103F0ED1101339F0501390001C9B81E5DC00000000000E062409F3C2CD49AE6E9BFC7BAB88D06F0663F9B779CA223B9D83F8E06F0164850DC3FD50968226C78AABF53|14868757|Plyachka-KN12rl
2026-08-24 13:11:52|8AA68EA66062E0828486888A8CE103F0EC1101339E05012A00011D403333333333B365C0A6B5C3FFA282D9FF3BF826000101E40100000002390001DD16438C6A40C6E61715AE47E17AF446C01F85EB51|14868757|Plyachka-KN12rl
2026-08-24 13:11:51|8AA68EA66062E0828486888A8CE103F0EB1101339D05012A000152C2F528BC4040EA263108AC1CD6BF8204C58F3177E3BF5917B7D100DEE6BF5C8FC2F5283C46400000000000000000F6285C8FC22559|14868757|Plyachka-KN12rl
2026-08-24 13:11:51|8AA68EA66062E0828486888A8CE103F0EA1101339C05012A00018733333333934640E17A14AE47E12F40E17A14AE47F97F40000000000000000000000000EC51B81E85AB31405C8FC2F5285C12405C8F|14868757|Plyachka-KN12rl
2026-08-24 13:11:50|8AA68EA66062E0828486888A8CE103F0E91101339B05011D00010317000021000107010DFFFF0605002A0001AA11438C6A40420F008335B6FFAA9AF7FF172D4A00F213BD07A9141F85EB51B87E464029|14868757|Plyachka-KN12rl
2026-08-24 13:11:49|8AA68EA66062E0828486888A8CE103F0E7110133990501090000090000000000000000001D000160D53E0000033F0000530000003A050000552F000000000000FA00000070170000C113000094000000|14868757|Plyachka-KN12rl
2026-08-24 13:11:03|8AA68EA66062E0828486888A8CE103F0E311018243322C5F6C000501000008000000888252902500000000003C4000000000000000000000|14868757|Plyachka-KN12rl
2026-08-24 13:11:03|8AA68EA66062E0828486888A8CE103F0E2110180456E6475726F736174|14868757|Plyachka-KN12rl
2026-08-24 13:10:57|8AA68EA66062E0828486888A8CE103F0E11101339605016200010A0000000000004C2C16446400010F0103003C7DA221CA07BF01D03E504B|14868757|Plyachka-KN12rl
2026-08-24 13:10:56|8AA68EA66062E0828486888A8CE103F0DF1101339405014E00030D000000000000000000000000005900010DFEFFFFFFD93E3700CD3F0000035B000108D93E3800B606B2005D000106A53D00006B00|14868757|Plyachka-KN12rl
2026-08-24 13:10:56|8AA68EA66062E0828486888A8CE103F0DE110133930501460001120000000000000707070000020101EE9954F44E00032C00000000000000000000000000000000000000000000000000000000000000|14868757|Plyachka-KN12rl
2026-08-24 13:10:55|8AA68EA66062E0828486888A8CE103F0DD1101339205014600014700000008000000C2C02740D3B6B0C02FC4A7B7CC20A8C0B8027CC8E9D6B540471C3D3F929D573EC4DCD13E00000000000000000000|14868757|Plyachka-KN12rl
2026-08-24 13:10:55|8AA68EA66062E0828486888A8CE103F0DC1101339105014600017C48000002CF44FA4300000000100000000824E9011CBF524182CAF701E9FD364121A86DAF74715141D0CA3E42B2E63541B661AC4100|14868757|Plyachka-KN12rl
2026-08-24 13:10:54|8AA68EA66062E0828486888A8CE103F0DB1101339005013A00011D0C527355BF067D383B2C38A93E6E69E23E78E4B73C62CFD1BD679B2D3D46000190AA44121CF100002070000000AFAA810948BAFA07|14868757|Plyachka-KN12rl
2026-08-24 13:10:54|8AA68EA66062E0828486888A8CE103F0DA1101338F05013900012A3F7B14AE47E17A743FFA7E6ABC7493683F000000000000000000000000000000000000000000000000063A000124D9428C6A804F47|14868757|Plyachka-KN12rl
2026-08-24 13:10:53|8AA68EA66062E0828486888A8CE103F0D91101338E05013900015FAEBF00000000000000005C0F10B357B418B22C4ECB33FCA9F1D24D6260BF1461C3D32B6569BF88855AD3BCE3743FFCA9F1D24D6250|14868757|Plyachka-KN12rl
2026-08-24 13:10:53|8AA68EA66062E0828486888A8CE103F0D81101338D0501390001943FA4DFBE0E8CBF5A643BDF4F8D97BF7B14AE47E17A943F9A9999999999B9BF7B14AE47E17AA43F0000000000000000B81E85EB51B8|14868757|Plyachka-KN12rl
2026-08-24 13:10:52|8AA68EA66062E0828486888A8CE103F0D71101338C0501390001C9285C5FC0D7A3703D0A5763401FF46C567DAEEABFC7BAB88D06F0663FF4FDD478E926D53F06A3923A014DDC3FD50968226C78AABFE6|14868757|Plyachka-KN12rl
2026-08-24 13:10:51|8AA68EA66062E0828486888A8CE103F0D51101338A05012A000152285C8F423F40D881734694F6D2BF8204C58F3177E3BF016F8104C58FE7BFB81E85EB5158454000000000000000005C8FC2F528FC58|14868757|Plyachka-KN12rl
2026-08-24 13:10:51|8AA68EA66062E0828486888A8CE103F0D41101338905012A000187D7A3703DAA44406766666666263140295C8FC2F5EC7F400000000000000000000000000AD7A3703D4A3340EC51B81E85EB1240C3F5|14868757|Plyachka-KN12rl
2026-08-24 13:10:50|8AA68EA66062E0828486888A8CE103F0D31101338805011D00010317000021000107010DFFFF0605002A0001AAD9428C6A804F470C4501B2FF2BEFF5FFDA8845009E129407EB15E17A14AE47C144400A|14868757|Plyachka-KN12rl
2026-08-24 13:10:50|8AA68EA66062E0828486888A8CE103F0D21101338705011D0001385E03000070170000DF13000000000000010000007017000000000000000000000000000070170000030D0000140300007F0A000070|14868757|Plyachka-KN12rl
2026-08-24 13:10:49|8AA68EA66062E0828486888A8CE103F0D1110133860501090000090000000000000000001D000160D53E0000033F00005B000000BB050000542F000000000000FA00000070170000C013000094000000|14868757|Plyachka-KN12rl
2026-08-24 13:09:55|8AA68EA66062E0828486888A8CE103F0C71101337F05014600014700000008000000911BA32D4558AEC0F083AE67A87EA7C0F7F46F1C401BB740E127F03EBCEA033EA247893E00000000000000000000|14868757|Plyachka-KN12rl
2026-08-24 13:09:54|8AA68EA66062E0828486888A8CE103F0C41101337C05013900012A3FFCA9F1D24D62703FFA7E6ABC7493683F000000000000000000000000000000000000000000000000063A000124A1428C6A40C6E6|14868757|Plyachka-KN12rl
2026-08-24 13:09:53|8AA68EA66062E0828486888A8CE103F0C31101337B05013900015FAEBF7B14AE47E17A84BF24E8BDB2B10509B2076E9B33BB490C022B8776BF88855AD3BCE374BF2D431CEBE2367A3FFCA9F1D24D6250|14868757|Plyachka-KN12rl
2026-08-24 08:53:57|8AA68EA66062E0828486888A8CE103F0891101338305016200010A000000000000000000006400010F000000000000000000000000000000|14866526|Jim UHF-FM03kt
2026-08-24 08:53:57|8AA68EA66062E0828486888A8CE103F0881101338205015E00010501000048005F0001109D0F990FFFFFFFFFFFFFFFFF9D0F9D0F6000010F0000000000000000000000000000006200010F0000000000|14866526|Jim UHF-FM03kt
2026-08-24 08:53:56|8AA68EA66062E0828486888A8CE103F0871101338105014E00030D000000000000000000000000005900010DFEFFFFFF953E44FE9F480000035B000108973E46FE4318C7005D0001066D3DA7008100|14866526|Jim UHF-FM03kt
2026-08-24 08:53:56|8AA68EA66062E0828486888A8CE103F086110133800501460001120000000000001515150000020101EB5255824E00032C00000000000000000000000000000000000000000000000000000000000000|14866526|Jim UHF-FM03kt
2026-08-24 08:53:55|8AA68EA66062E0828486888A8CE103F0851101337F0501460001470000000800000006E7FA48A5BE95C0FF06001DC94FB0C0BC63DBDE899FB8C02F475C3DA40F883DC8EB8E3D00000000000000000000|14866526|Jim UHF-FM03kt
2026-08-24 08:53:55|8AA68EA66062E0828486888A8CE103F0841101337E05014600017C48000002CF44FA4300000000100000003F737A4EC2A81141D924B734E6FF55C184578D3933944C410A825440A0069040BC0D954000|14866526|Jim UHF-FM03kt
2026-08-24 08:53:54|8AA68EA66062E0828486888A8CE103F0821101337C05013900012A3FFCA9F1D24D62503FFCA9F1D24D62503F000000000000000000000000000000000000000000000000063A000124A0068C6A80841E|14866526|Jim UHF-FM03kt
2026-08-24 08:53:50|8AA68EA66062E0828486888A8CE103F07A1101337405011D0001382C1C000070170000DF13000000000000010000007017000000000000000000000000000070170000030D0000020300004D0A000070|14866526|Jim UHF-FM03kt
2026-08-24 08:53:49|8AA68EA66062E0828486888A8CE103F0781101337205010700010A01000001000001AEFF00080001164AD06B000C00000D0000000001000001000001BAFF000900001600000000000000000000000000|14866526|Jim UHF-FM03kt
2026-08-24 08:53:49|8AA68EA66062E0828486888A8CE103F079110133730501090000090000000000000000001D000160713E0000953E00005300000031050000582F000000000000FA00000070170000891300007A050000|14866526|Jim UHF-FM03kt
2026-08-24 08:53:48|8AA68EA66062E0828486888A8CE103F0771101337105010100010B05F273230001001000000006000116E3CF6B000D00000F0000000001000001000001C90100070001164DD06B000D00000D00000000|14866526|Jim UHF-FM03kt
2026-08-24 08:53:39|8AA68EA66062E0828486888A8CE103F0761101834332A9E703000000000000000000000051030000000000000000000000000000000000000000000000000000|14866526|Jim UHF-FM03kt
2026-08-24 08:53:39|8AA68EA66062E0828486888A8CE103F0751101824332E8226C002E010000080000008882E47B2500000000003B4000000000000000000000|14866526|Jim UHF-FM03kt
2026-08-24 08:53:39|8AA68EA66062E0828486888A8CE103F074110180456E6475726F736174|14866526|Jim UHF-FM03kt
2026-08-24 08:52:57|8AA68EA66062E0828486888A8CE103F0731101337005016200010A000000000000000000006400010F000000000000000000000000000000|14866526|Jim UHF-FM03kt
2026-08-24 08:52:57|8AA68EA66062E0828486888A8CE103F0721101336F05015E00010501000048005F000110970F930FFFFFFFFFFFFFFFFF970F960F6000010F0000000000000000000000000000006200010F0000000000|14866526|Jim UHF-FM03kt
2026-08-24 08:52:56|8AA68EA66062E0828486888A8CE103F0711101336E05014E00030D000000000000000000000000005900010DFEFFFFFF9D3EE6FD46480000035B000108963E97FD2023C7005D000106513DD1018100|14866526|Jim UHF-FM03kt
2026-08-24 08:52:56|8AA68EA66062E0828486888A8CE103F0701101336D05014600011200000000000017171700000201018C31E7E44E00032C00000000000000000000000000000000000000000000000000000000000000|14866526|Jim UHF-FM03kt
2026-08-24 08:52:55|8AA68EA66062E0828486888A8CE103F06F1101336C05014600014700000008000000BC1424D0D8C494C01BF9C68E34F7B1C026A8CEF3B67EB7C0597D733D2B6D873D5BA1953D00000000000000000000|14866526|Jim UHF-FM03kt
2026-08-24 08:52:55|8AA68EA66062E0828486888A8CE103F06E1101336B05014600017C48000002CF44FA43000000001000000022728B7989A41641E1200BE68EFE54C17E956FBD03664F41FBDF654030AA8440A75CA94000|14866526|Jim UHF-FM03kt
2026-08-24 08:52:54|8AA68EA66062E0828486888A8CE103F06D1101336A05013A00011D2FFCC652BBE937F6380AF3EEB9A8FF7F3FAC7F423DC0FA303B6C18E03B46000190AA44121CF100002070000000B3B48109C0840E07|14866526|Jim UHF-FM03kt
2026-08-24 08:52:54|8AA68EA66062E0828486888A8CE103F06C1101336905013900012A3FFCA9F1D24D62503FFCA9F1D24D62503F000000000000000000000000000000000000000000000000063A00012462068C6A404ABE|14866526|Jim UHF-FM03kt
2026-08-24 08:52:53|8AA68EA66062E0828486888A8CE103F06B1101336805013900015FAEBF7B14AE47E17A843F258B04B415D4BCB3D14BB23393CB7F48BF7DADBFBB490C022B87963F4FAF946588639DBFFCA9F1D24D6250|14866526|Jim UHF-FM03kt
2026-08-24 08:52:53|8AA68EA66062E0828486888A8CE103F06A1101336705013900019493A98251498DBFD6E76A2BF6979DBF9A9999999999A93F00000000000000007B14AE47E17A843F9A9999999999A93FB81E85EB51B8|14866526|Jim UHF-FM03kt
2026-08-24 08:52:52|8AA68EA66062E0828486888A8CE103F069110133660501390001C9E17A843F9A9999999999A9BF2D431CEBE2366ABF2D431CEBE2361A3FFCA9F1D24D6240BF000000000000F03FC3F5285C8FC2A5BF0C|14866526|Jim UHF-FM03kt
2026-08-24 08:52:52|8AA68EA66062E0828486888A8CE103F0681101336505012A00011DC0295C8FC2F5683340E62AF4FFBB8B9FFF51B26300BE03C00200000102390001DD62068C6A404ABE2FAE47E17A14AED7BF7B14AE47|14866526|Jim UHF-FM03kt
2026-08-24 08:52:51|8AA68EA66062E0828486888A8CE103F0671101336405012A00015214AE47C141402141F163CC5DE5BFDBF97E6ABC74E3BF752497FF907EDB3FD7A3703D0AC75C400000000000000000C3F5285C8FD258|14866526|Jim UHF-FM03kt
2026-08-24 08:52:51|8AA68EA66062E0828486888A8CE103F0661101336305012A00018766666666A642408FC2F5285C7F55C06766666666FE7F40000000000000000000000000A4703D0AD72330C0C3F5285C8FC20F405C8F|14866526|Jim UHF-FM03kt
2026-08-24 08:52:50|8AA68EA66062E0828486888A8CE103F0651101336205011D00010317000021000107010DFFFF0605002A0001AA5D068C6A40C6E617F7E74E0057E81B00FB6C3F005A125F01A6E85C8FC2F528BC424067|14866526|Jim UHF-FM03kt
2026-08-24 08:52:50|8AA68EA66062E0828486888A8CE103F0641101336105011D000138EE1B000070170000DF13000000000000010000007017000000000000000000000000000070170000030D0000F90200004D0A000070|14866526|Jim UHF-FM03kt
2026-08-24 08:52:49|8AA68EA66062E0828486888A8CE103F063110133600501090000090000000000000000001D0001605E3E0000833E00006200000020060000562F000000000000FA000000701700008A1300006F050000|14866526|Jim UHF-FM03kt
2026-08-24 08:52:49|8AA68EA66062E0828486888A8CE103F0621101335F05010700010A01000001000001A9FF00080001160ED06B000C00000D0000000001000001000001C3FF000900001600000000000000000000000000|14866526|Jim UHF-FM03kt
2026-08-24 08:52:39|8AA68EA66062E0828486888A8CE103F0611101834332A9E703000000000000000000000051030000000000000000000000000000000000000000000000000000|14866526|Jim UHF-FM03kt
2026-08-24 08:52:39|8AA68EA66062E0828486888A8CE103F0601101824332AC226C0029010000080000008882CF7B2500000000003B4000000000000000000000|14866526|Jim UHF-FM03kt
2026-08-24 08:52:39|8AA68EA66062E0828486888A8CE103F05F110180456E6475726F736174|14866526|Jim UHF-FM03kt
2026-08-24 08:51:57|8AA68EA66062E0828486888A8CE103F05E1101335D05016200010A000000000000000000006400010F01000000000000000000000226EC45|14866526|Jim UHF-FM03kt
2026-08-24 08:51:57|8AA68EA66062E0828486888A8CE103F05D1101335C05015E00010501000048005F0001109F0F9E0FFFFFFFFFFFFFFFFFA10F9A0F6000010F0000000000000000000000000000006200010F0000000000|14866526|Jim UHF-FM03kt
2026-08-24 08:51:56|8AA68EA66062E0828486888A8CE103F05B1101335A0501460001120000000000001A1A1A0000020101E266D65D4E00032C00000000000000000000000000000000000000000000000000000000000000|14866526|Jim UHF-FM03kt
2026-08-24 08:51:55|8AA68EA66062E0828486888A8CE103F0591101335805014600017C48000002CF44FA430000000010000000517C585537611B4118E1991D04E553C19E544E7F330A5141D32472400F9486406B10854000|14866526|Jim UHF-FM03kt
2026-08-24 06:39:54|8AA68EA66062E0828486888A8CE103F004110133810501090000090000000000000000001D000160D53E0000FA3E0000530000003A050000532F000000000000FA00000070170000C013000095000000|14864154|(¯`·._.·(¯`·._.· I LOVE BALI ·._.·´¯)·._.·´¯)-OI71og
2026-08-24 06:39:48|8AA68EA66062E0828486888A8CE103F0021101337F05010100010B058A542300010010000000060001169BB06B00C909000F00000000010000010000010B02000700011606B16B00B401000E00000000|14864154|(¯`·._.·(¯`·._.· I LOVE BALI ·._.·´¯)·._.·´¯)-OI71og
2026-08-24 06:38:57|8AA68EA66062E0828486888A8CE103F0FE1101337E05016200010A000000000000000000006400010F010300E09CE22CBA094802023F504B|14864154|(¯`·._.·(¯`·._.· I LOVE BALI ·._.·´¯)·._.·´¯)-OI71og
2026-08-24 06:38:57|8AA68EA66062E0828486888A8CE103F0FD1101337D05015E00010501000044005F000110AC0FA90FFFFFFFFFFFFFFFFFAB0FAE0F6000010F0100000000000000000000D4260A506200010F0000000000|14864154|(¯`·._.·(¯`·._.· I LOVE BALI ·._.·´¯)·._.·´¯)-OI71og
2026-08-24 06:38:56|8AA68EA66062E0828486888A8CE103F0FC1101337C05014E00030D000000000000000000000000005900010DFEFFFFFFD53ED7008E3A0000035B000108D53ED5008110A0005D000106A53D00005600|14864154|(¯`·._.·(¯`·._.· I LOVE BALI ·._.·´¯)·._.·´¯)-OI71og
2026-08-24 06:38:55|8AA68EA66062E0828486888A8CE103F0F91101337905014600017C48000002CF44FA43000000001000000089411A33531D4CC186858B966307564164045F9A593026C12FA4544089837C402588124000|14864154|(¯`·._.·(¯`·._.· I LOVE BALI ·._.·´¯)·._.·´¯)-OI71og
2026-08-24 06:38:55|8AA68EA66062E0828486888A8CE103F0FA1101337A050146000147000000080000003729C50A94348A40DDC11DD6E8D396404B9062FBBB4EBD40D22F593DFB1B813D9913203D00000000000000000000|14864154|(¯`·._.·(¯`·._.· I LOVE BALI ·._.·´¯)·._.·´¯)-OI71og
2026-08-24 06:38:54|8AA68EA66062E0828486888A8CE103F0F81101337805013A00011D17E6654DBF022BDD3A74F3CCBEB0AEE23E63D9BFBC40C7CBBD239E633D46000190AA44121CF100002070000000B2B4810980D69306|14864154|(¯`·._.·(¯`·._.· I LOVE BALI ·._.·´¯)·._.·´¯)-OI71og
2026-08-24 06:38:54|8AA68EA66062E0828486888A8CE103F0F71101337705013900012A3FFA7E6ABC7493683FFCA9F1D24D62703F000000000000000000000000000000000000000000000000063A000124FCE68B6A0084D7|14864154|(¯`·._.·(¯`·._.· I LOVE BALI ·._.·´¯)·._.·´¯)-OI71og
2026-08-24 06:38:52|8AA68EA66062E0828486888A8CE103F0F4110133740501390001C9EB515C408FC2F5285CA762C0B84082E2C798E9BFFCA9F1D24D62603FB003E78C28EDD9BF9FCDAACFD556DC3FB37BF2B0506BAABFB5|14864154|(¯`·._.·(¯`·._.· I LOVE BALI ·._.·´¯)·._.·´¯)-OI71og
2026-08-24 06:38:51|8AA68EA66062E0828486888A8CE103F0F21101337205012A000152703D0A9730C06C09F9A067B3D63F174850FC1873E3BF23DBF97E6ABCE6BFCDCCCCCCCC8C46400000000000000000AE47E17A145E58|14864154|(¯`·._.·(¯`·._.· I LOVE BALI ·._.·´¯)·._.·´¯)-OI71og
2026-08-24 06:38:50|8AA68EA66062E0828486888A8CE103F0FE1101337E05016200010A000000000000000000006400010F010300E09CE22CBA094802023F504B|14864154|(¯`·._.·(¯`·._.· I LOVE BALI ·._.·´¯)·._.·´¯)-OI71og
2026-08-24 06:38:50|8AA68EA66062E0828486888A8CE103F0F01101337005011D00010317000021000107010DFFFF0605002A0001AAF7E68B6A00093D004DE39AFF5CC3E5FF6551F4FFE7FBED024A1D48E17A14AE471AC01F|14864154|(¯`·._.·(¯`·._.· I LOVE BALI ·._.·´¯)·._.·´¯)-OI71og
2026-08-24 06:38:48|8AA68EA66062E0828486888A8CE103F0FA1101337A050146000147000000080000003729C50A94348A40DDC11DD6E8D396404B9062FBBB4EBD40D22F593DFB1B813D9913203D00000000000000000000|14864154|(¯`·._.·(¯`·._.· I LOVE BALI ·._.·´¯)·._.·´¯)-OI71og
2026-08-24 06:38:47|8AA68EA66062E0828486888A8CE103F0F91101337905014600017C48000002CF44FA43000000001000000089411A33531D4CC186858B966307564164045F9A593026C12FA4544089837C402588124000|14864154|(¯`·._.·(¯`·._.· I LOVE BALI ·._.·´¯)·._.·´¯)-OI71og
2026-08-24 02:32:10|8AA68EA66062E0828486888A8CE103F0E81101834332A9E703000000000000000000000051030000000000000000000000000000000000000000000000000000|14865129|Plyachka-KN12rl
2026-08-24 02:32:10|8AA68EA66062E0828486888A8CE103F0E7110182433296C96B0027010000080000008882565B250000000000F33F00000000000000000000|14865129|Plyachka-KN12rl
2026-08-24 02:32:10|8AA68EA66062E0828486888A8CE103F0E6110180456E6475726F736174|14865129|Plyachka-KN12rl
2026-08-24 02:31:57|8AA68EA66062E0828486888A8CE103F0E51101332905016200010A000000000000000000006400010F0103001C70601DF9068D01D03E104A|14865129|Plyachka-KN12rl
2026-08-24 02:31:56|8AA68EA66062E0828486888A8CE103F0E41101332805015E00010501000040005F000110AC0FA90FFFFFFFFFFFFFFFFFAD0FAC0F6000010F0000000000000000000000000000006200010F0000000000|14865129|Plyachka-KN12rl
2026-08-24 02:31:56|8AA68EA66062E0828486888A8CE103F0E31101332705014E00030D000000000000000000000000005900010DFEFFFFFFDA3EF9FF47470000035B000108DA3EF9FFCA02C6005D000106B43D00008100|14865129|Plyachka-KN12rl
2026-08-24 02:31:55|8AA68EA66062E0828486888A8CE103F0E2110133260501460001120000CD0C1A440000000000000000B84647E14E00032C00000000000000000000000000000000000000000000000000000000000000|14865129|Plyachka-KN12rl
2026-08-24 02:31:55|8AA68EA66062E0828486888A8CE103F0E11101332505014600014700000000000000E1E8F20498A6BD40FB08F42CE113834070B21D13D0988EC0D03B0240AE027540A0F6394000000000000000000000|14865129|Plyachka-KN12rl
2026-08-24 02:31:54|8AA68EA66062E0828486888A8CE103F0E01101332405014600017C48804802CF44FA430100000000000000CCE7754BC447284154A694F1A5C62D41EA95C3CBDAC859411B5BDB425D394F4398CB1C4301|14865129|Plyachka-KN12rl
2026-08-24 02:31:54|8AA68EA66062E0828486888A8CE103F0DF1101332305013A00011D177A86C83E676A0D3B2B6E4E3F7BE3E23EFCE44F3DC738D2BDDCDC0EBD46000190AA44121CF1000020700000009F82810918B3B105|14865129|Plyachka-KN12rl
2026-08-24 02:31:53|8AA68EA66062E0828486888A8CE103F0DE1101332205013900012A3F7B14AE47E17A743FFA7E6ABC7493683F000000000000000000000000000000000000000000000000063A00012416AD8B6A40C6E6|14865129|Plyachka-KN12rl
2026-08-24 02:31:53|8AA68EA66062E0828486888A8CE103F0DD1101332105013900015FAEBF7B14AE47E17A84BF5A59D333344400330CB1E3B36007CE1951DA6BBF168C4AEA0434713F623255302AA943BFFA7E6ABC749378|14865129|Plyachka-KN12rl
2026-08-24 02:31:52|8AA68EA66062E0828486888A8CE103F0DC110133200501390001945D4BC8073D8BBF2675029A081B9EBF9A9999999999A93F9A9999999999B9BFB81E85EB51B89EBF7B14AE47E17A843FB81E85EB51B8|14865129|Plyachka-KN12rl
2026-08-24 02:31:52|8AA68EA66062E0828486888A8CE103F0DB1101331F0501390001C90A374540E17A14AE47496040FDF675E09C11D93F2F6EA301BC05623F20D26F5F07CEE93FEBE2361AC05BDC3FB7627FD93D79A8BFCD|14865129|Plyachka-KN12rl
2026-08-24 02:31:51|8AA68EA66062E0828486888A8CE103F0DA1101331E05012A00011DC052B81E85EB91344033BB430028EB0500C25B2300D203510000000002390001DD16AD8B6A40C6E6179A99999999193440D7A3703D|14865129|Plyachka-KN12rl
2026-08-24 02:31:51|8AA68EA66062E0828486888A8CE103F0D91101331D05012A000152285C8F024040AF25E4839ECDE6BF8FE4F21FD26FE3BF99BB96900F7AD63F0000000000905B4000000000000000003E0AD7A3700D59|14865129|Plyachka-KN12rl
2026-08-24 02:31:50|8AA68EA66062E0828486888A8CE103F0D81101331C05012A000187C2F5285CCF4540EC51B81E856B25403333333333078040000000000000000000000000A4703D0AD7A332C048E17A14AE4703401F85|14865129|Plyachka-KN12rl
2026-08-24 02:31:50|8AA68EA66062E0828486888A8CE103F0D71101331B05011D00010317000021000107010DFFFF0605002A0001AA11AD8B6A40420F0087494700F4DD1A00A93F4800BE142702CEEA6766666666E645408F|14865129|Plyachka-KN12rl
2026-08-24 02:31:49|8AA68EA66062E0828486888A8CE103F0D61101331A05011D0001385E03000070170000DF13000000000000010000007017000000000000000000000000000070170000000D0000510300002E0B000070|14865129|Plyachka-KN12rl
2026-08-24 02:31:49|8AA68EA66062E0828486888A8CE103F0D5110133190501090000090000000000000000001D000160D53E0000FA3E0000620000002B060000562F000000000000FA00000070170000C213000093000000|14865129|Plyachka-KN12rl
2026-08-24 02:31:48|8AA68EA66062E0828486888A8CE103F0D41101331805010700010A01000001000001B3FF00080001161D776B001100000D0000000001000001000001C6FF000900001600000000000000000000000000|14865129|Plyachka-KN12rl
2026-08-24 02:31:48|8AA68EA66062E0828486888A8CE103F0D31101331705010100010B056A1A230001001000000006000116B6766B00C909000F0000000001000001000001A302000700011620776B000D00000E00000000|14865129|Plyachka-KN12rl
2026-08-24 02:30:57|8AA68EA66062E0828486888A8CE103F0CF1101331605016200010A000000000000000000006400010F010300447A72244707F101D03EB649|14865129|Plyachka-KN12rl
2026-08-24 02:30:56|8AA68EA66062E0828486888A8CE103F0CE1101331505015E00010501000040005F000110AB0FAB0FFFFFFFFFFFFFFFFFAD0FAD0F6000010F0000000000000000000000000000006200010F0000000000|14865129|Plyachka-KN12rl
2026-08-24 02:30:56|8AA68EA66062E0828486888A8CE103F0CD1101331405014E00030D000000000000000000000000005900010DFEFFFFFFDA3EFEFF47470000035B000108DA3EFFFF1F03C6005D000106A53D00007B00|14865129|Plyachka-KN12rl
2026-08-24 02:30:55|8AA68EA66062E0828486888A8CE103F0CC110133130501460001120000CD0C0B440000000000000000AEDC6CBD4E00032C00000000000000000000000000000000000000000000000000000000000000|14865129|Plyachka-KN12rl
2026-08-24 02:30:55|8AA68EA66062E0828486888A8CE103F0CB1101331205014600014700000000000000E1E8F20498A6BD40FB08F42CE113834070B21D13D0988EC0D03B0240AE027540A0F6394000000000000000000000|14865129|Plyachka-KN12rl
2026-08-24 02:30:54|8AA68EA66062E0828486888A8CE103F0CA1101331105014600017C48804802CF44FA430100000000000000CCE7754BC447284154A694F1A5C62D41EA95C3CBDAC859411B5BDB425D394F4398CB1C4301|14865129|Plyachka-KN12rl
2026-08-24 02:30:54|8AA68EA66062E0828486888A8CE103F0C91101331005013A00011D0BAF29AC3EAB6D063BE6B0543F8A0DE33EAD67623D3C34CEBD57F89DBC46000190AA44121CF1000020700000009C828109B8C8B005|14865129|Plyachka-KN12rl
2026-08-24 02:30:53|8AA68EA66062E0828486888A8CE103F0C71101330E05013900015FAEBF00000000000000009EEF973334A731324BC89DB36EA301BC051274BF22FDF675E09C713F95F6065F984C653FFA7E6ABC749378|14865129|Plyachka-KN12rl
2026-08-24 02:30:52|8AA68EA66062E0828486888A8CE103F0C61101330D050139000194431CEBE2368ABF2675029A081B9EBFB81E85EB51B8AE3F9A9999999999B9BF7B14AE47E17A94BF7B14AE47E17A843FB81E85EB51B8|14865129|Plyachka-KN12rl
2026-08-24 02:30:52|8AA68EA66062E0828486888A8CE103F0C51101330C0501390001C9C2F5414085EB51B81E2D60406844696FF085D53F168C4AEA0434613FA189B0E1E995EA3FFCA9F1D24D62DC3FA245B6F3FDD4A8BF2D|14865129|Plyachka-KN12rl
2026-08-24 02:30:51|8AA68EA66062E0828486888A8CE103F0C31101330A05012A00015251B81E254140DFE00B93A982E7BF8FE4F21FD26FE3BF4CC8073D9B55D33F52B81E85EBD15A4000000000000000007B14AE47E13A59|14865129|Plyachka-KN12rl
2026-08-24 02:30:50|8AA68EA66062E0828486888A8CE103F0C21101330905012A000187CCCCCCCC8C4740C3F5285C8FC227405C8FC2F5280C8040000000000000000000000000295C8FC2F52831C052B81E85EB51024085EB|14865129|Plyachka-KN12rl
2026-08-24 02:30:50|8AA68EA66062E0828486888A8CE103F0C11101330805011D00010317000021000107010DFFFF0605002A0001AAD9AC8B6A4004FB0B29A24200C7581A0071BA4C00F2159E021CECA4703D0AD7A34740CD|14865129|Plyachka-KN12rl
2026-08-24 02:30:49|8AA68EA66062E0828486888A8CE103F0C01101330705011D0001385E03000070170000DF13000000000000010000007017000000000000000000000000000070170000000D00003D030000220B000070|14865129|Plyachka-KN12rl
2026-08-24 02:30:49|8AA68EA66062E0828486888A8CE103F0BF110133060501090000090000000000000000001D000160D53E0000FA3E00005B000000BB050000552F000000000000FA00000070170000C213000093000000|14865129|Plyachka-KN12rl
2026-08-24 02:30:48|8AA68EA66062E0828486888A8CE103F0BE1101330505010700010A01000001000001AEFF0008000116E6766B001100000D0000000001000001000001C1FF000900001600000000000000000000000000|14865129|Plyachka-KN12rl
2026-08-24 02:30:48|8AA68EA66062E0828486888A8CE103F0BD1101330405010100010B052E1A2300010010000000060001167A766B00C909000F00000000010000010000019E020007000116E4766B000D00000E00000000|14865129|Plyachka-KN12rl
2026-08-24 02:30:10|8AA68EA66062E0828486888A8CE103F0BA110180456E6475726F736174|14865129|Plyachka-KN12rl
2026-08-24 02:27:49|8AA68EA66062E0828486888A8CE103F07E110133CE05011D0001385E03000070170000DF13000000000000010000007017000000000000000000000000000070170000000D000043030000220B000070|14865405|SA2KNG Omni UHF/VHF-KP03cu
2026-08-24 02:27:49|8AA68EA66062E0828486888A8CE103F07D110133CD0501090000090000000000000000001D000160D53E0000FA3E00005B000000BB050000552F000000000000E100000070170000C113000093000000|14865405|SA2KNG Omni UHF/VHF-KP03cu
2026-08-24 02:27:48|8AA68EA66062E0828486888A8CE103F07C110133CC05010700010A01000001000001BFFF00080001162F766B001200000D0000000001000001000001C8FF000900001600000000000000000000000000|14865405|SA2KNG Omni UHF/VHF-KP03cu
2026-08-24 02:27:48|8AA68EA66062E0828486888A8CE103F07B110133CB05010100010B057A19230001001000000006000116C8756B00C909000F00000000010000010000019B02000700011632766B000D00000D00000000|14865405|SA2KNG Omni UHF/VHF-KP03cu
2026-08-24 02:27:10|8AA68EA66062E0828486888A8CE103F07911018243326AC86B0022010000080000008882E85A250000000000F33F00000000000000000000|14865405|SA2KNG Omni UHF/VHF-KP03cu
2026-08-24 02:27:09|8AA68EA66062E0828486888A8CE103F078110180456E6475726F736174|14865405|SA2KNG Omni UHF/VHF-KP03cu
2026-08-24 02:26:57|8AA68EA66062E0828486888A8CE103F077110133CA05016200010A000000000000000000006400010F010300BE735A1E2D079A01D03E104A|14865405|SA2KNG Omni UHF/VHF-KP03cu
2026-08-24 02:26:56|8AA68EA66062E0828486888A8CE103F076110133C905015E00010501000040005F000110AD0FA80FFFFFFFFFFFFFFFFFAD0FAD0F6000010F0000000000000000000000000000006200010F0000000000|14865405|SA2KNG Omni UHF/VHF-KP03cu
2026-08-24 02:26:56|8AA68EA66062E0828486888A8CE103F075110133C805014E00030D000000000000000000000000005900010DFEFFFFFFDA3E08001E460000035B000108DA3E09002804C3005D000106B43D00007B00|14865405|SA2KNG Omni UHF/VHF-KP03cu
2026-08-24 02:26:55|8AA68EA66062E0828486888A8CE103F074110133C705014600011200009A199E430000000000000000A44A39D04E00032C00000000000000000000000000000000000000000000000000000000000000|14865405|SA2KNG Omni UHF/VHF-KP03cu
2026-08-24 02:26:55|8AA68EA66062E0828486888A8CE103F073110133C605014600014700000000000000E1E8F20498A6BD40FB08F42CE113834070B21D13D0988EC0D03B0240AE027540A0F6394000000000000000000000|14865405|SA2KNG Omni UHF/VHF-KP03cu
2026-08-24 02:26:54|8AA68EA66062E0828486888A8CE103F072110133C505014600017C48804802CF44FA430100000000000000CCE7754BC447284154A694F1A5C62D41EA95C3CBDAC859411B5BDB425D394F4398CB1C4301|14865405|SA2KNG Omni UHF/VHF-KP03cu
2026-08-24 02:26:54|8AA68EA66062E0828486888A8CE103F071110133C405013A00011D17F45FE23DB6691B3B2DD6633F9B7FE23EB4E44D3DF9EADBBD83BF25BC46000190AA44121CF100002070000000A0828109381FAD05|14865405|SA2KNG Omni UHF/VHF-KP03cu
2026-08-24 02:26:53|8AA68EA66062E0828486888A8CE103F070110133C305013900032A3FFCA9F1D24D62603FFCA9F1D24D62803F000000000000000000000000000000000000000000000000063A000324E4AB8B6A40C6E6|14865405|SA2KNG Omni UHF/VHF-KP03cu
2026-08-24 02:26:53|8AA68EA66062E0828486888A8CE103F06F110133C205013900035FAEBF0000000000000000D675113423B8BF30B20E9EB23CDF4F8D976E72BFFA7E6ABC7493583FC7BAB88D06F0563FFA7E6ABC749368|14865405|SA2KNG Omni UHF/VHF-KP03cu
2026-08-24 02:26:52|8AA68EA66062E0828486888A8CE103F06E110133C1050139000394BAB88D06F086BF0022FDF675E09CBF9A9999999999A93F9A9999999999B9BF7B14AE47E17A84BF0000000000000000B81E85EB51B8|14865405|SA2KNG Omni UHF/VHF-KP03cu
2026-08-24 02:26:52|8AA68EA66062E0828486888A8CE103F06D110133C00501390003C933332540295C8FC2F5E85F40A70A46257502BA3F623255302AA9633F508D976E1283EC3F52B81E85EB51DC3F20D26F5F07CEA9BFC7|14865405|SA2KNG Omni UHF/VHF-KP03cu
2026-08-24 02:26:51|8AA68EA66062E0828486888A8CE103F06C110133BF05012A00031DC00AD7A3703DCA3B4022015700FA0E080050153E00D203510000000002390003DDE4AB8B6A40C6E617AE47E17A14AE134033333333|14865405|SA2KNG Omni UHF/VHF-KP03cu
2026-08-24 02:26:51|8AA68EA66062E0828486888A8CE103F06B110133BE05012A00035214AE47614440AFB6627FD93DE9BFAD8BDB68006FE3BFFED478E92631B83F0AD7A3703DCA57400000000000000000C3F5285C8F825A|14865405|SA2KNG Omni UHF/VHF-KP03cu
2026-08-24 02:26:50|8AA68EA66062E0828486888A8CE103F06A110133BD05012A00018714AE47E11A4F40713D0AD7A33033403E0AD7A370218040000000000000000000000000B81E85EB513826C07B14AE47E17AFC3FE17A|14865405|SA2KNG Omni UHF/VHF-KP03cu
2026-08-24 02:26:50|8AA68EA66062E0828486888A8CE103F069110133BC05011D00010317000021000107010DFFFF0605002A0001AAE4AB8B6A40C6E617FA7A2B0074EA1600EAB85C002E1A8304A6F2CDCCCCCCCC2C4F407B|14865405|SA2KNG Omni UHF/VHF-KP03cu
2026-08-24 02:26:49|8AA68EA66062E0828486888A8CE103F068110133BB05011D0001385E03000070170000DF13000000000000010000007017000000000000000000000000000070170000000D000039030000220B000070|14865405|SA2KNG Omni UHF/VHF-KP03cu
2026-08-24 02:26:49|8AA68EA66062E0828486888A8CE103F067110133BA0501090000090000000000000000001D000160D53E0000FA3E00004C000000C9040000562F000000000000FA00000070170000C113000092000000|14865405|SA2KNG Omni UHF/VHF-KP03cu
2026-08-24 02:26:48|8AA68EA66062E0828486888A8CE103F066110133B905010700010A01000001000001C7FF0008000116F3756B001200000D0000000001000001000001CDFF000900001600000000000000000000000000|14865405|SA2KNG Omni UHF/VHF-KP03cu
2026-08-24 02:26:48|8AA68EA66062E0828486888A8CE103F065110133B805010100010B053E192300010010000000060001168C756B00C909000F00000000010000010000019B020007000116F6756B000D00000D00000000|14865405|SA2KNG Omni UHF/VHF-KP03cu
2026-08-24 02:26:10|8AA68EA66062E0828486888A8CE103F0641101834332A9E703000000000000000000000051030000000000000000000000000000000000000000000000000000|14865405|SA2KNG Omni UHF/VHF-KP03cu
2026-08-24 02:26:10|8AA68EA66062E0828486888A8CE103F06311018243322EC86B0022010000080000008882D25A250000000000F33F00000000000000000000|14865405|SA2KNG Omni UHF/VHF-KP03cu
2026-08-24 02:26:09|8AA68EA66062E0828486888A8CE103F062110180456E6475726F736174|14865405|SA2KNG Omni UHF/VHF-KP03cu
2026-08-24 02:25:48|8AA68EA66062E0828486888A8CE103F04F110133A505010100010B0502192300010010000000060001164F756B00C909000F00000000010000010000019B020007000116B9756B000D00000D00000000|14865405|SA2KNG Omni UHF/VHF-KP03cu
2026-08-24 02:25:10|8AA68EA66062E0828486888A8CE103F04E1101834332A9E703000000000000000000000051030000000000000000000000000000000000000000000000000000|14865405|SA2KNG Omni UHF/VHF-KP03cu
2026-08-24 02:25:09|8AA68EA66062E0828486888A8CE103F04D1101824332F2C76B0022010000080000008882BC5A250000000000F33F00000000000000000000|14865405|SA2KNG Omni UHF/VHF-KP03cu
2026-08-24 02:25:09|8AA68EA66062E0828486888A8CE103F04C110180456E6475726F736174|14865405|SA2KNG Omni UHF/VHF-KP03cu
2026-08-24 02:24:57|8AA68EA66062E0828486888A8CE103F04B110133A405016200010A000000000000000000006400010F010300EA7930207B07B301023F104A|14865405|SA2KNG Omni UHF/VHF-KP03cu
2026-08-24 02:24:56|8AA68EA66062E0828486888A8CE103F04A110133A305015E00010501000040005F000110AE0FAB0FFFFFFFFFFFFFFFFFAC0FAE0F6000010F0000000000000000000000000000006200010F0000000000|14865405|SA2KNG Omni UHF/VHF-KP03cu
2026-08-24 02:24:56|8AA68EA66062E0828486888A8CE103F049110133A205014E00030D000000000000000000000000005900010DFEFFFFFFDA3E0300B9450000035B000108DA3E04008B03C2005D000106A53D00007B00|14865405|SA2KNG Omni UHF/VHF-KP03cu
2026-08-24 02:24:55|8AA68EA66062E0828486888A8CE103F048110133A10501460001120000333344430000000000000000A68A8E174E00032C00000000000000000000000000000000000000000000000000000000000000|14865405|SA2KNG Omni UHF/VHF-KP03cu
2026-08-24 02:24:55|8AA68EA66062E0828486888A8CE103F047110133A005014600014700000000000000E1E8F20498A6BD40FB08F42CE113834070B21D13D0988EC0D03B0240AE027540A0F6394000000000000000000000|14865405|SA2KNG Omni UHF/VHF-KP03cu
2026-08-24 02:24:54|8AA68EA66062E0828486888A8CE103F0461101339F05014600017C48804802CF44FA430100000000000000CCE7754BC447284154A694F1A5C62D41EA95C3CBDAC859411B5BDB425D394F4398CB1C4301|14865405|SA2KNG Omni UHF/VHF-KP03cu
2026-08-24 02:24:54|8AA68EA66062E0828486888A8CE103F0451101339E05013A00011D00D9B22DBC966C163BD982653FD6BDE23E6D0B493DA7A1CDBD18E3BBBA46000190AA44121CF100002070000000B5828109784AAB05|14865405|SA2KNG Omni UHF/VHF-KP03cu
2026-08-24 02:24:53|8AA68EA66062E0828486888A8CE103F0441101339D05013900012A3FFCA9F1D24D62503F3CDF4F8D976E823F000000000000000000000000000000000000000000000000063A00012473AB8B6A40420F|14865405|SA2KNG Omni UHF/VHF-KP03cu
2026-08-24 02:24:53|8AA68EA66062E0828486888A8CE103F0431101339C05013900015FAEBF000000000000000011330F34FF6385B1EFF101332D431CEBE2361A3F6007CE1951DA5B3F2D431CEBE2362ABFFCA9F1D24D6250|14865405|SA2KNG Omni UHF/VHF-KP03cu
2026-08-23 21:20:49|8AA68EA66062E0828486888A8CE103F0AE1101330505011D0001385E03000070170000DF13000000000000010000007017000000000000000000000000000070170000030D0000FC020000410A000070|14846335|dm43-DM43bl
2026-08-23 21:20:49|8AA68EA66062E0828486888A8CE103F0AD110133040501090000090000000000000000001D000160D53E0000033F0000530000003A050000562F000000000000FA00000070170000BF13000093000000|14846335|dm43-DM43bl
2026-08-23 21:20:48|8AA68EA66062E0828486888A8CE103F0AC1101330305010700010A010000010000012B000008000116872E6B00A800000D00000000010000010000015A00000900001600000000000000000000000000|14846335|dm43-DM43bl
2026-08-23 21:20:48|8AA68EA66062E0828486888A8CE103F0AB1101330205010100010B0586D1220001001000000006000116202E6B00C909000F0000000001000001000001540200070001168A2E6B00DD03000D00000000|14846335|dm43-DM43bl
2026-08-23 21:20:43|8AA68EA66062E0828486888A8CE103F0AA1101834332A9E703000000000000000000000051030000000000000000000000000000000000000000000000000000|14846335|dm43-DM43bl
2026-08-23 21:20:43|8AA68EA66062E0828486888A8CE103F0A91101824332AA806B00FD0000000800000088821942250000000000F03F00000000000000000000|14846335|dm43-DM43bl
2026-08-23 21:19:50|8AA68EA66062E0828486888A8CE103F09A110133F405012A000187703D0AD7E33E403E0AD7A370BD59C0AE47E17A14D27F400000000000000000000000005C8FC2F5285C324015AE47E17A141240295C|14846335|dm43-DM43bl
2026-08-23 20:20:01|8AA68EA66062E0828486888A8CE103F0B31101338D05016200010A000000000000000000006400010F000000000000000000000000000000|14856429|INSTED-Ground Station(UHF)-OK03gt
2026-08-23 20:20:01|8AA68EA66062E0828486888A8CE103F0B21101338C05015E00010501000048005F000110900F8F0FFFFFFFFFFFFFFFFF920F910F6000010F0000000000000000000000000000006200010F0000000000|14856429|INSTED-Ground Station(UHF)-OK03gt
2026-08-23 20:20:00|8AA68EA66062E0828486888A8CE103F0B11101338B05014E00030D000000000000000000000000005900010DFEFFFFFF703E46FE76480000035B000108703E46FE3718C5005D000106353D95008100|14856429|INSTED-Ground Station(UHF)-OK03gt
2026-08-23 20:20:00|8AA68EA66062E0828486888A8CE103F0B01101338A0501460001120000000000000F0F0F0000020101F0CD17374E00032C00000000000000000000000000000000000000000000000000000000000000|14856429|INSTED-Ground Station(UHF)-OK03gt
2026-08-23 20:19:59|8AA68EA66062E0828486888A8CE103F0AF1101338905014600014700000008000000C9414584009592402FA0E6E87872A1405ECA406E265EBCC00A03793D2C04EA3D1BDDBE3D00000000000000000000|14856429|INSTED-Ground Station(UHF)-OK03gt
2026-08-23 20:19:59|8AA68EA66062E0828486888A8CE103F0AE1101338805014600017C48000002CF44FA430000000010000000A1DEED26AF3B2EC1AEDC0369E905594124C532B303313C41570960404CBBEA407175B54000|14856429|INSTED-Ground Station(UHF)-OK03gt
2026-08-23 20:19:58|8AA68EA66062E0828486888A8CE103F0AD1101338705013A00031D01AD9394B9832A24BA620DE439FBFF7F3F7E8FED3BF323883902C6653A46000190AA44121CF100002070000000B4B48109D01E5D04|14856429|INSTED-Ground Station(UHF)-OK03gt
2026-08-23 20:19:58|8AA68EA66062E0828486888A8CE103F0AC1101338605013900032A3FFCA9F1D24D62503FFCA9F1D24D62603F000000000000000000000000000000000000000000000000063A000324E1558B6AC005D9|14856429|INSTED-Ground Station(UHF)-OK03gt
2026-08-23 20:19:57|8AA68EA66062E0828486888A8CE103F0AB1101338505013900035FAEBF00000000000000000298DB3297E6823159EF8F33FCA9F1D24D62403F93CB7F48BF7D6DBF7B14AE47E17A643FFA7E6ABC749368|14856429|INSTED-Ground Station(UHF)-OK03gt
2026-08-23 20:19:57|8AA68EA66062E0828486888A8CE103F0AA11013384050139000394C1A8A44E4083BF053411363CBD92BF7B14AE47E17A843F000000000000000000000000000000007B14AE47E17A843FB81E85EB51B8|14856429|INSTED-Ground Station(UHF)-OK03gt
2026-08-23 20:19:56|8AA68EA66062E0828486888A8CE103F0A9110133830501390003C985EBB1BF9A9999999999A93F623255302AA933BF623255302AA943BF2D431CEBE2363A3F000000000000F03F3FC6DCB5847CA0BF55|14856429|INSTED-Ground Station(UHF)-OK03gt
2026-08-23 20:19:56|8AA68EA66062E0828486888A8CE103F0A81101338205012A00031DC05C8FC2F528DC2E4057F2080038DF5F00083B7700D1017E0000000102390003DDE1558B6AC005D901B81E85EB51B89EBFEC51B81E|14856429|INSTED-Ground Station(UHF)-OK03gt
2026-08-23 20:19:55|8AA68EA66062E0828486888A8CE103F0A71101338105012A0003527A14AEC72840941804560E2DDEBF60764F1E166AE3BF7B14AE47E17AE43F3E0AD7A3702D604000000000000000001F85EB51B86E58|14856429|INSTED-Ground Station(UHF)-OK03gt
2026-08-23 20:19:55|8AA68EA66062E0828486888A8CE103F0A61101338005012A0001877A14AE472130403E0AD7A370AD5840E17A14AE47E17F40000000000000000000000000295C8FC2F5E83EC0713D0AD7A370134048E1|14856429|INSTED-Ground Station(UHF)-OK03gt
2026-08-23 20:19:54|8AA68EA66062E0828486888A8CE103F0A51101337F05011D00010317000021000107010DFFFF0605002A0001AAE1558B6AC005D901FE60610092DF1A00BDEE1C00ED0852FEB3E3B81E85EB51383040E1|14856429|INSTED-Ground Station(UHF)-OK03gt
2026-08-23 20:19:54|8AA68EA66062E0828486888A8CE103F0A41101337E05011D0001384503000070170000DF13000000000000020000007017000000000000000000000000000070170000040D0000FB020000410A000070|14856429|INSTED-Ground Station(UHF)-OK03gt
2026-08-23 20:19:53|8AA68EA66062E0828486888A8CE103F0A31101337D0501090000090000000000000000001D0001604C3E0000713E0000530000002E050000582F000000000000FA00000070170000C113000093000000|14856429|INSTED-Ground Station(UHF)-OK03gt
2026-08-23 20:19:53|8AA68EA66062E0828486888A8CE103F0A21101337C05010700010A01000001000001A4FF000800011648206B000C00000D000000000100000100000198FF000900001600000000000000000000000000|14856429|INSTED-Ground Station(UHF)-OK03gt
2026-08-23 20:19:52|8AA68EA66062E0828486888A8CE103F0A11101337B05010100010B053AC3220001001000000006000116E11F6B000C00000E0000000001000001000001A40000070001164B206B000D00000D00000000|14856429|INSTED-Ground Station(UHF)-OK03gt
2026-08-23 20:19:43|8AA68EA66062E0828486888A8CE103F0A01101834332A9E703000000000000000000000051030000000000000000000000000000000000000000000000000000|14856429|INSTED-Ground Station(UHF)-OK03gt
2026-08-23 20:19:42|8AA68EA66062E0828486888A8CE103F09F11018243325D726B00240100000800000088820F3D250000000000EF3F00000000000000000000|14856429|INSTED-Ground Station(UHF)-OK03gt
2026-08-23 20:19:42|8AA68EA66062E0828486888A8CE103F09E110180456E6475726F736174|14856429|INSTED-Ground Station(UHF)-OK03gt
2026-08-23 19:46:57|8AA68EA66062E0828486888A8CE103F0DD1101331A05016200010A000000000000E82606456400010F0103008269301B90066801D03EA04B|14862649|Jim UHF-FM03kt
2026-08-23 19:46:56|8AA68EA66062E0828486888A8CE103F0DB1101331805014E00030D000000000000000000000000005900010DFEFFFFFFD73E3300493E0000035B000108D73E31005406AE005D000106A53D00006600|14862649|Jim UHF-FM03kt
2026-08-23 19:46:55|8AA68EA66062E0828486888A8CE103F0DA1101331705014600011200000000000017171700000201011AD5A1F14E00032C00000000000000000000000000000000000000000000000000000000000000|14862649|Jim UHF-FM03kt
2026-08-23 19:46:55|8AA68EA66062E0828486888A8CE103F0D91101331605014600014700000008000000913155C66259A2C091B07B7EDA0CB14088B1F25385F5B640D5BD343D04CBBA3DD88F553D00000000000000000000|14862649|Jim UHF-FM03kt
2026-08-23 19:46:54|8AA68EA66062E0828486888A8CE103F0D81101331505014600017C48000002CF44FA43000000001000000018294B3D7F2A29414CE57D8A155754C1B17867EB78495041946526405DA1B840DB08604000|14862649|Jim UHF-FM03kt
2026-08-23 19:46:53|8AA68EA66062E0828486888A8CE103F0D51101331205013900015FB1BF0000000000000000F7D438B3707DABB1FA3CC933FCA9F1D24D6250BF95F6065F984C653F462575029A086BBFFCA9F1D24D6250|14862649|Jim UHF-FM03kt
2026-08-23 19:46:52|8AA68EA66062E0828486888A8CE103F0D4110133110501390001944694F6065F88BFE19C11A5BDC197BF7B14AE47E17A843F9A9999999999B9BF7B14AE47E17AA43F0000000000000000EC51B81E85EB|14862649|Jim UHF-FM03kt
2026-08-23 19:46:52|8AA68EA66062E0828486888A8CE103F0D3110133100501390001C98FBA60C0E17A14AE47C96340A2D634EF3845EBBFAED85F764F1E663F986E1283C0CAD13FB0946588635DDC3FA70A46257502AABF74|14862649|Jim UHF-FM03kt
2026-08-23 19:46:51|8AA68EA66062E0828486888A8CE103F0D21101330F05012A00011D40CDCCCCCCCC9465C03100E7FFEA505D0076335D002702800100000002390001DD2A4E8B6A40C6E617B81E85EB519848C0C3F5285C|14862649|Jim UHF-FM03kt
2026-08-23 19:46:51|8AA68EA66062E0828486888A8CE103F0D11101330E05012A000152285C8FE24140228E75711B0DD0BF7E1D38674469E3BFDD4603780B24E8BFF6285C8FC295444000000000000000001F85EB51B8DE58|14862649|Jim UHF-FM03kt
2026-08-23 19:46:50|8AA68EA66062E0828486888A8CE103F0CF1101330C05011D00010317000021000107010DFFFF0605002A0001AA254E8B6A408AF7011FE6ADFF184EF5FF418D40004B112B071C175C8FC2F528FC424085|14862649|Jim UHF-FM03kt
2026-08-23 19:46:49|8AA68EA66062E0828486888A8CE103F0CE1101330B05011D000138AF1B000070170000DF13000000000000020000007017000000000000000000000000000070170000030D0000F0020000280A000070|14862649|Jim UHF-FM03kt
2026-08-23 19:46:49|8AA68EA66062E0828486888A8CE103F0CD1101330A0501090000090000000000000000001D000160CC3E0000FA3E00005B000000BB050000512F000000000000FA000000701700008B13000061050000|14862649|Jim UHF-FM03kt
2026-08-23 19:46:48|8AA68EA66062E0828486888A8CE103F0CC1101330905010700010A010000010000012300000800011693186B008100000D00000000010000010000014700000900001600000000000000000000000000|14862649|Jim UHF-FM03kt
2026-08-23 19:46:48|8AA68EA66062E0828486888A8CE103F0CB1101330805010100010B057EBB2200010010000000060001162C186B00C909000F00000000010000010000015202000700011696186B007903000E00000000|14862649|Jim UHF-FM03kt
2026-08-23 19:46:36|8AA68EA66062E0828486888A8CE103F0CA1101834332A9E703000000000000000000000051030000000000000000000000000000000000000000000000000000|14862649|Jim UHF-FM03kt
2026-08-23 19:46:35|8AA68EA66062E0828486888A8CE103F0C91101824332A06A6B00FD000000080000008882393A250000000000EE3F00000000000000000000|14862649|Jim UHF-FM03kt
2026-08-23 19:46:35|8AA68EA66062E0828486888A8CE103F0C8110180456E6475726F736174|14862649|Jim UHF-FM03kt
2026-08-23 19:45:57|8AA68EA66062E0828486888A8CE103F0C71101330705016200010A000000000000E82606456400010F0103003EB2FA1EF9068D01D03EA04B|14862649|Jim UHF-FM03kt
2026-08-23 19:45:56|8AA68EA66062E0828486888A8CE103F0C61101330605015E00010501000040005F000110AC0FA90FFFFFFFFFFFFFFFFFAD0FA90F6000010F0103004227AA0570024C00BC3EF64A6200010F0100000000|14862649|Jim UHF-FM03kt
2026-08-23 19:45:56|8AA68EA66062E0828486888A8CE103F0C51101330505014E00030D000000000000000000000000005900010DFEFFFFFFD83E47007B3D0000035B000108D83E4700A407AC005D000106A53D00006600|14862649|Jim UHF-FM03kt
2026-08-23 19:45:55|8AA68EA66062E0828486888A8CE103F0C411013304050146000112000000000000151515000002010159717D424E00032C00000000000000000000000000000000000000000000000000000000000000|14862649|Jim UHF-FM03kt
2026-08-23 19:45:55|8AA68EA66062E0828486888A8CE103F0C311013303050146000147000000080000001CAEAD5D971FA2C0B5D7BF1F3CD4AE407E5821448F22B84014A72D3D21F4E13D156B613D00000000000000000000|14862649|Jim UHF-FM03kt
2026-08-23 19:45:54|8AA68EA66062E0828486888A8CE103F0C21101330205014600017C48000002CF44FA430000000010000000DE36F81314712D415C553A11674A55C1B939A810E9CF4D41250D27405109D3404E9D694000|14862649|Jim UHF-FM03kt
2026-08-23 19:45:54|8AA68EA66062E0828486888A8CE103F0C11101330105013A00011D0BC07A5EBF25C0483BE07A613E5ACFE23EE3F3BE3C2BDACABD8696283D46000190AA44121CF100002070000000B4B4810910FE3D04|14862649|Jim UHF-FM03kt
2026-08-23 19:45:53|8AA68EA66062E0828486888A8CE103F0BF110133FF05013900015FAEBF7B14AE47E17A84BFBEC47EB2D37196B276A6F733ACADD85F764F7EBF623255302AA9333FC7BAB88D06F056BFFCA9F1D24D6250|14862649|Jim UHF-FM03kt
2026-08-23 19:45:52|8AA68EA66062E0828486888A8CE103F0BE110133FE0501390001947E6ABC749388BF849ECDAACFD596BF7B14AE47E17A943F9A9999999999B9BF7B14AE47E17AA43F7B14AE47E17A843FB81E85EB51B8|14862649|Jim UHF-FM03kt
2026-08-23 19:45:52|8AA68EA66062E0828486888A8CE103F0BD110133FD0501390001C9E1EA61C0CDCCCCCCCC546440E5839ECDAACFEBBF1461C3D32B65693F3A234A7B832FCC3F273108AC1C5ADC3F4FD1915CFE43AABFFA|14862649|Jim UHF-FM03kt
2026-08-23 19:45:51|8AA68EA66062E0828486888A8CE103F0BC110133FC05012A00011D40A4703D0AD77B65C05CA1E7FFAE345D0073315B00EB01800100000002390001DDED4D8B6A8022160B5C8FC2F5283C49C07B14AE47|14862649|Jim UHF-FM03kt
2026-08-23 19:45:51|8AA68EA66062E0828486888A8CE103F0BB110133FB05012A000152EB51B89E4040577DAEB6627FC9BF7E1D38674469E3BFFE65F7E461A1E8BFCDCCCCCCCCEC43400000000000000000E17A14AE47C158|14862649|Jim UHF-FM03kt
2026-08-23 19:45:50|8AA68EA66062E0828486888A8CE103F0BA110133FA05012A0001876666666626414048E17A14AE0754C00AD7A3703DDA7F40000000000000000000000000EC51B81E85EB3140713D0AD7A370DD3F1F85|14862649|Jim UHF-FM03kt
2026-08-23 19:45:50|8AA68EA66062E0828486888A8CE103F0B9110133F905011D00010317000021000107010DFFFF0605002A0001AAED4D8B6A8022160BFE48AAFF18C3F3FFDE633B00D30FF80632185C8FC2F5283C414067|14862649|Jim UHF-FM03kt
2026-08-23 19:45:48|8AA68EA66062E0828486888A8CE103F0B6110133F605010700010A010000010000011E00000800011656186B007400000D00000000010000010000014000000900001600000000000000000000000000|14862649|Jim UHF-FM03kt
2026-08-23 19:45:48|8AA68EA66062E0828486888A8CE103F0B5110133F505010100010B0542BB220001001000000006000116F0176B00C909000F00000000010000010000014C02000700011659186B002803000E00000000|14862649|Jim UHF-FM03kt
2026-08-23 19:45:36|8AA68EA66062E0828486888A8CE103F0B41101834332A9E703000000000000000000000051030000000000000000000000000000000000000000000000000000|14862649|Jim UHF-FM03kt
2026-08-23 19:45:35|8AA68EA66062E0828486888A8CE103F0B31101824332646A6B00FB000000080000008882233A250000000000ED3F00000000000000000000|14862649|Jim UHF-FM03kt
2026-08-23 19:45:35|8AA68EA66062E0828486888A8CE103F0B2110180456E6475726F736174|14862649|Jim UHF-FM03kt
2026-08-23 19:44:57|8AA68EA66062E0828486888A8CE103F0B1110133F405016200010A000000000000E82656456400010F010300B4C3483A2C0C1B03D03E2648|14862649|Jim UHF-FM03kt
2026-08-23 19:44:56|8AA68EA66062E0828486888A8CE103F0B0110133F305015E00010501000040005F000110AD0FA90FFFFFFFFFFFFFFFFFAC0FAB0F6000010F0100000000000000000000D426F4516200010F0100000000|14862649|Jim UHF-FM03kt
2026-08-23 19:44:56|8AA68EA66062E0828486888A8CE103F0AF110133F205014E00030D000000000000000000000000005900010DFEFFFFFFD83E4B007B3D0000035B000108D83E4C00F707AC005D000106A53D00006000|14862649|Jim UHF-FM03kt
2026-08-23 19:44:55|8AA68EA66062E0828486888A8CE103F0AE110133F10501460001120000000000001616160000020101A47C0D9B4E00032C00000000000000000000000000000000000000000000000000000000000000|14862649|Jim UHF-FM03kt
2026-08-23 19:44:54|8AA68EA66062E0828486888A8CE103F0AC110133EF05014600017C48000002CF44FA430000000010000000B09F1DAF67D3304107C53FA4AB2456C12793CDBB37EB4A4145852540A82CCE407099514000|14862649|Jim UHF-FM03kt
2026-08-23 19:44:54|8AA68EA66062E0828486888A8CE103F0AB110133EE05013A00011D170A8B61BF5773353BFEDA293EB1D3E23EFC5E803C0624D4BD059A453D46000190AA44121CF100002070000000B3B48109B0133D04|14862649|Jim UHF-FM03kt
2026-08-23 19:44:53|8AA68EA66062E0828486888A8CE103F0A9110133EC05013900015FAEBF0000000000000000839D8CB26EFD0EB23EABBA332F6EA301BC0572BFACADD85F764F6E3F2D431CEBE2367ABFFCA9F1D24D6260|14862649|Jim UHF-FM03kt
2026-08-23 19:44:52|8AA68EA66062E0828486888A8CE103F0A8110133EB05013900019461C3D32B6589BFA167B3EA73B595BF7B14AE47E17A943F9A9999999999B9BF9A9999999999A93F7B14AE47E17A843FB81E85EB51B8|14862649|Jim UHF-FM03kt
2026-08-23 19:44:52|8AA68EA66062E0828486888A8CE103F0A7110133EA0501390001C9282463C0D7A3703D0AE76440F1F44A598638ECBFC7BAB88D06F0663FCFF753E3A59BC43FB0946588635DDC3FF797DD938785AABF14|14862649|Jim UHF-FM03kt
2026-08-23 19:44:51|8AA68EA66062E0828486888A8CE103F0A6110133E905012A00011D403E0AD7A3706565C0546BE8FFFB175D004A385900B101800100000002390001DDB04D8B6A00093D001F85EB51B8BE49C05C8FC2F5|14862649|Jim UHF-FM03kt
2026-08-23 19:44:51|8AA68EA66062E0828486888A8CE103F0A5110133E805012A00015251B81E853E409E5E29CB10C7C2BF7E1D38674469E3BF5305A3923A01E9BF295C8FC2F56843400000000000000000295C8FC2F5A858|14862649|Jim UHF-FM03kt
2026-08-23 19:44:50|8AA68EA66062E0828486888A8CE103F0A4110133E705012A0001871E85EB51783E409A99999999C953C0E17A14AE47D17F40000000000000000000000000AE47E17A14EE32401F85EB51B81ED53F85EB|14862649|Jim UHF-FM03kt
2026-08-23 19:44:50|8AA68EA66062E0828486888A8CE103F0A3110133E605011D00010317000021000107010DFFFF0605002A0001AAB04D8B6A00093D009CB3A6FF1E20F2FFBC793500260EB80647191F85EB51B89E3E40B8|14862649|Jim UHF-FM03kt
2026-08-23 19:44:49|8AA68EA66062E0828486888A8CE103F0A2110133E505011D0001385E03000070170000DF13000000000000010000007017000000000000000000000000000070170000030D0000F2020000280A000070|14862649|Jim UHF-FM03kt
2026-08-23 19:44:49|8AA68EA66062E0828486888A8CE103F0A1110133E40501090000090000000000000000001D000160D53E0000FA3E0000530000003A050000502F000000000000FA00000070170000C113000093000000|14862649|Jim UHF-FM03kt
2026-08-23 19:44:48|8AA68EA66062E0828486888A8CE103F0A0110133E305010700010A01000001000001210000080001161F186B008600000D00000000010000010000013B00000900001600000000000000000000000000|14862649|Jim UHF-FM03kt
2026-08-23 19:44:35|8AA68EA66062E0828486888A8CE103F09E1101834332A9E703000000000000000000000051030000000000000000000000000000000000000000000000000000|14862649|Jim UHF-FM03kt
2026-08-23 19:44:35|8AA68EA66062E0828486888A8CE103F09D1101824332286A6B00F80000000800000088820D3A250000000000ED3F00000000000000000000|14862649|Jim UHF-FM03kt
2026-08-23 19:44:35|8AA68EA66062E0828486888A8CE103F09C110180456E6475726F736174|14862649|Jim UHF-FM03kt
2026-08-23 19:43:57|8AA68EA66062E0828486888A8CE103F09B110133E105016200010A000000000000E826A6456400010F010300E07E9C22E407CC01D03E504B|14862649|Jim UHF-FM03kt
2026-08-23 19:43:51|8AA68EA66062E0828486888A8CE103F090110133D605012A00011D40713D0AD7A35065C0D05DE9FFC8FA5C00B54A57007501800100000002390001DD724D8B6A404ABE2FB81E85EB51184AC085EB51B8|14862649|Jim UHF-FM03kt
2026-08-23 19:43:51|8AA68EA66062E0828486888A8CE103F08F110133D505012A000152B81E85AB3B40560E2DB29DEFB7BF7E1D38674469E3BFDE2406819543E9BFCDCCCCCCCC0C4340000000000000000085EB51B81E9558|14862649|Jim UHF-FM03kt
2026-08-23 19:43:50|8AA68EA66062E0828486888A8CE103F08E110133D405012A0001877A14AE47A13A408FC2F5285C8F53C052B81E85EBC97F4000000000000000000000000085EB51B81EC53340E17A14AE47E1CA3FEC51|14862649|Jim UHF-FM03kt
2026-08-23 19:43:50|8AA68EA66062E0828486888A8CE103F08D110133D305011D00010317000021000107010DFFFF0605002A0001AA724D8B6A404ABE2F8A86A3FF418DF0FF41502F00680C70063F1A85EB51B81EC53A40E1|14862649|Jim UHF-FM03kt
2026-08-23 19:43:49|8AA68EA66062E0828486888A8CE103F08C110133D205011D0001385E03000070170000DF13000000000000010000007017000000000000000000000000000070170000040D0000EC020000280A000070|14862649|Jim UHF-FM03kt
2026-08-23 19:43:49|8AA68EA66062E0828486888A8CE103F08B110133D10501090000090000000000000000001D000160D53E0000FA3E0000720000002D070000532F000000000000FA00000070170000C013000093000000|14862649|Jim UHF-FM03kt
2026-08-23 19:43:48|8AA68EA66062E0828486888A8CE103F08A110133D005010700010A0100000100000117000008000116E2176B008F00000D00000000010000010000013600000900001600000000000000000000000000|14862649|Jim UHF-FM03kt
2026-08-23 13:31:07|8AA68EA66062E0828486888A8CE103F09E110180456E6475726F736174|14856450|BEEGND-1-JO62fb
2026-08-23 13:30:06|8AA68EA66062E0828486888A8CE103F088110180456E6475726F736174|14861467|Plyachka-KN12rl
2026-08-23 13:29:56|8AA68EA66062E0828486888A8CE103F0861101331E05015E00010501000040005F000110AC0FA90FFFFFFFFFFFFFFFFFAD0FAB0F6000010F0100000000000000000000982BFA506200010F0100000000|14861467|Plyachka-KN12rl
2026-08-23 13:29:55|8AA68EA66062E0828486888A8CE103F0841101331C0501460001120000333353410200000000000000977C8F2B4E00032C00000000000000000000000000000000000000000000000000000000000000|14861467|Plyachka-KN12rl
2026-08-23 13:29:54|8AA68EA66062E0828486888A8CE103F0821101331A05014600017C48004802CF44FA4301000000000000000FF20EBAF6CC5141E808AE90BB1F2C41072F028DFEF452419BAC9C43E9E12841955B6D4201|14861467|Plyachka-KN12rl
2026-08-23 13:29:53|8AA68EA66062E0828486888A8CE103F0811101331905013A00011D17C07A4CBF69FA323B3D03D03E4E36E33E15A0C93C3201CEBDA9F12A3D46000190AA44121CF100002070000000B382810948C0E502|14861467|Plyachka-KN12rl
2026-08-23 13:29:51|8AA68EA66062E0828486888A8CE103F07D110133150501390001C999795CC05C8FC2F528BC624033C4B12E6EA3E9BFE19C11A5BDC1673F555227A089B0D93F850D4FAF9465DC3F3AB4C876BE9FAABFB3|14861467|Plyachka-KN12rl
2026-08-23 13:29:07|8AA68EA66062E0828486888A8CE103F0741101834332A9E703000000000000000000000051030000000000000000000000000000000000000000000000000000|14861467|Plyachka-KN12rl
2026-08-23 13:29:07|8AA68EA66062E0828486888A8CE103F07311018243323F126B0007010000080000008882E319250000000000833F00000000000000000000|14861467|Plyachka-KN12rl
2026-08-23 13:29:06|8AA68EA66062E0828486888A8CE103F072110180456E6475726F736174|14861467|Plyachka-KN12rl
2026-08-23 13:28:56|8AA68EA66062E0828486888A8CE103F0711101330C05016200010A000000000000E8266C436400010F0103008C82BC201808B301D03E504B|14861467|Plyachka-KN12rl
2026-08-23 13:28:56|8AA68EA66062E0828486888A8CE103F0701101330B05015E00010501000040005F000110AC0FAC0FFFFFFFFFFFFFFFFFAD0FAB0F6000010F0100000000000000000000D4265A506200010F0100000000|14861467|Plyachka-KN12rl
2026-08-23 13:28:55|8AA68EA66062E0828486888A8CE103F06F1101330A05014E00030D000000000000000000000000005900010DFEFFFFFFD93E3100B33F0000035B000108D93E30004606B1005D000106A53D00006B00|14861467|Plyachka-KN12rl
2026-08-23 13:28:55|8AA68EA66062E0828486888A8CE103F06E110133090501460001120000000000000606060000020101F04884B64E00032C00000000000000000000000000000000000000000000000000000000000000|14861467|Plyachka-KN12rl
2026-08-23 13:28:54|8AA68EA66062E0828486888A8CE103F06D1101330805014600014700000008000000BC5EF0B23E3CB2C0EA0545D2C4A0A5C0C2B63ECC5943B5404FD78D3FD234353EC59A083F00000000000000000000|14861467|Plyachka-KN12rl
2026-08-23 13:28:54|8AA68EA66062E0828486888A8CE103F06C1101330705014600017C48000002CF44FA4300000000100000005AE18D4AAAAD52412D7A59EA1A1730410AD75C1851FD5141E55C8942B1F715415FFEC94100|14861467|Plyachka-KN12rl
2026-08-23 13:28:53|8AA68EA66062E0828486888A8CE103F06B1101330605013A00011D0B370653BF9C69253BADE8B33E4444E33E89AE383C1381B8BDC7BA413D46000190AA44121CF100002070000000B2B48109E8D5E402|14861467|Plyachka-KN12rl
2026-08-23 13:28:53|8AA68EA66062E0828486888A8CE103F06A1101330505013900012A3F7B14AE47E17A743FFA7E6ABC7493683F000000000000000000000000000000000000000000000000063A00012493F58A6A802B53|14861467|Plyachka-KN12rl
2026-08-23 13:28:52|8AA68EA66062E0828486888A8CE103F0691101330405013900015FA9BF000000000000000038F62CB32E7DF93106E57033FA7E6ABC7493683FE19C11A5BDC167BF2F6EA301BC05723FFCA9F1D24D6250|14861467|Plyachka-KN12rl
2026-08-23 13:28:52|8AA68EA66062E0828486888A8CE103F068110133030501390001945D4BC8073D8BBF24B9FC87F4DB97BF7B14AE47E17A843F0AD7A3703D0AB7BF9A9999999999A93F7B14AE47E17A84BF9A9999999999|14861467|Plyachka-KN12rl
2026-08-23 13:28:51|8AA68EA66062E0828486888A8CE103F067110133020501390001C9F5785EC00AD7A3703D22634038F8C264AA60EABF7B14AE47E17A643F211FF46C567DD63F0D71AC8BDB68DC3FF797DD938785AABFCD|14861467|Plyachka-KN12rl
2026-08-23 13:28:51|8AA68EA66062E0828486888A8CE103F0661101330105012A00011D40D7A3703D0ABF65C0D719C4FFDD25E0FF2C3123003200F80000000002390001DD8DF58A6A808CCD2FEC51B81E85AB47C07B14AE47|14861467|Plyachka-KN12rl
2026-08-23 13:28:50|8AA68EA66062E0828486888A8CE103F0651101330005012A00015251B81EC53F40454772F90FE9D3BF3108AC1C5A64E3BFCB32C4B12E6EE7BFA4703D0AD78345400000000000000000EC51B81E850B59|14861467|Plyachka-KN12rl
2026-08-23 13:28:50|8AA68EA66062E0828486888A8CE103F064110133FF05012A000187EB51B81E6545401F85EB51B89E28403333333333F37F4000000000000000000000000048E17A14AEC73240CDCCCCCCCCCC114085EB|14861467|Plyachka-KN12rl
2026-08-23 13:28:49|8AA68EA66062E0828486888A8CE103F063110133FE05011D00010317000021000107010DFFFF0605002A0001AA8DF58A6A808CCD2F0D93B3FF58EEF7FF9D8147004F13520767155C8FC2F5287C454085|14861467|Plyachka-KN12rl
2026-08-23 13:28:49|8AA68EA66062E0828486888A8CE103F062110133FD05011D0001385E03000070170000DF13000000000000010000007017000000000000000000000000000070170000020D00003E030000470B000070|14861467|Plyachka-KN12rl
2026-08-23 13:28:48|8AA68EA66062E0828486888A8CE103F061110133FC0501090000090000000000000000001D000160D53E0000FA3E00004400000048040000512F000000000000FA00000070170000C113000094000000|14861467|Plyachka-KN12rl
2026-08-23 13:28:48|8AA68EA66062E0828486888A8CE103F060110133FB05010700010A010000010000013A00000800011659C06A006000000D00000000010000010000015C00000900001600000000000000000000000000|14861467|Plyachka-KN12rl
2026-08-23 13:28:47|8AA68EA66062E0828486888A8CE103F05F110133FA05010100010B05E662220001001000000006000116F2BF6A00C909000F00000000010000010000014F0200070001165CC06A004202000E00000000|14861467|Plyachka-KN12rl
2026-08-23 13:28:07|8AA68EA66062E0828486888A8CE103F05E1101834332A9E703000000000000000000000051030000000000000000000000000000000000000000000000000000|14861467|Plyachka-KN12rl
2026-08-23 13:28:07|8AA68EA66062E0828486888A8CE103F05D110182433203126B0005010000080000008882CD19250000000000833F00000000000000000000|14861467|Plyachka-KN12rl
2026-08-23 13:28:06|8AA68EA66062E0828486888A8CE103F05C110180456E6475726F736174|14861467|Plyachka-KN12rl
2026-08-23 13:27:56|8AA68EA66062E0828486888A8CE103F05A110133F805015E00010501000040005F000110AD0FA90FFFFFFFFFFFFFFFFFAC0FA90F6000010F0100000000000000000000D426BA4F6200010F0100000000|14861467|Plyachka-KN12rl
2026-08-23 11:56:00|8AA68EA66062E0828486888A8CE103F0771101834332A9E703000000000000000000000051030000000000000000000000000000000000000000000000000000|14856445|UT4UYF/M-KO40wn
2026-08-23 11:56:00|8AA68EA66062E0828486888A8CE103F075110180456E6475726F736174|14856445|UT4UYF/M-KO40wn
2026-08-23 11:55:56|8AA68EA66062E0828486888A8CE103F0741101332505016200010A0000000000004C2C66446400010F010300D2BEA221DE0BBF01D03E504B|14856445|UT4UYF/M-KO40wn
2026-08-23 11:55:56|8AA68EA66062E0828486888A8CE103F0731101332405015E00010501000040005F000110AD0FA90FFFFFFFFFFFFFFFFFAC0FAD0F6000010F0100000000000000000000982BFA506200010F0100000000|14856445|UT4UYF/M-KO40wn
2026-08-23 11:55:55|8AA68EA66062E0828486888A8CE103F07111013322050146000112000066E68B430000000000000000285911604E00032C00000000000000000000000000000000000000000000000000000000000000|14856445|UT4UYF/M-KO40wn
2026-08-23 11:55:54|8AA68EA66062E0828486888A8CE103F06F1101332005014600017C48804802CF44FA43010000000000000074AF7CA74835514173E1DDCEB9B24B41754EA2E56A5E4C41E5759B42FF10254255DC214301|14856445|UT4UYF/M-KO40wn
2026-08-23 11:55:53|8AA68EA66062E0828486888A8CE103F06D1101331E05013900012A3F7B14AE47E17A743FFA7E6ABC7493683F000000000000000000000000000000000000000000000000063A000124C6DF8A6A808CCD|14856445|UT4UYF/M-KO40wn
2026-08-23 11:55:52|8AA68EA66062E0828486888A8CE103F06C1101331D05013900015FB1BF7B14AE47E17A84BFC63B60B3513BCCB207B1213455C1A8A44E40733F88855AD3BCE374BFB91E85EB51B87E3FFCA9F1D24D6260|14856445|UT4UYF/M-KO40wn
2026-08-23 11:55:51|8AA68EA66062E0828486888A8CE103F06A1101331B0501390001C9B89E5AC0295C8FC2F560624066F7E461A1D6E8BFE19C11A5BDC1673FF185C954C1A8DC3F0D71AC8BDB68DC3F68B3EA73B515ABBF9A|14856445|UT4UYF/M-KO40wn
2026-08-23 11:55:51|8AA68EA66062E0828486888A8CE103F0691101331A05012A00011D40F6285C8FC2FD65C0E161CEFF94C6BEFF147634000C01A50000000002390001DDC1DF8A6A8008F617B81E85EB51F845C0CDCCCCCC|14856445|UT4UYF/M-KO40wn
2026-08-23 11:55:50|8AA68EA66062E0828486888A8CE103F0681101331905012A000152285C8FA242409CC420B07268D9BF6D567DAEB662E3BFAAF1D24D6210E6BF7B14AE47E13A4740000000000000000033333333336359|14856445|UT4UYF/M-KO40wn
2026-08-23 11:55:50|8AA68EA66062E0828486888A8CE103F0671101331805012A000187CCCCCCCCCC4840F6285C8FC2D540407B14AE47E104804000000000000000000000000085EB51B81E852E40F6285C8FC2F51440C3F5|14856445|UT4UYF/M-KO40wn
2026-08-23 11:55:49|8AA68EA66062E0828486888A8CE103F0661101331705011D00010317000021000107010DFFFF0605002A0001AAC1DF8A6A8008F617DB5BBCFF4930FBFF3D1B5000C9158507CC12A4703D0AD7E34840CD|14856445|UT4UYF/M-KO40wn
2026-08-23 11:55:49|8AA68EA66062E0828486888A8CE103F0651101331605011D0001385E03000070170000DF13000000000000010000007017000000000000000000000000000070170000020D0000310300002E0B000070|14856445|UT4UYF/M-KO40wn
2026-08-23 11:55:48|8AA68EA66062E0828486888A8CE103F0631101331405010700010A0100000100000141000008000116A0AA6A006B00000D00000000010000010000014700000900001600000000000000000000000000|14856445|UT4UYF/M-KO40wn
2026-08-23 11:55:47|8AA68EA66062E0828486888A8CE103F0621101331305010100010B051A4D22000100100000000600011639AA6A00C909000F000000000100000100000147020007000116A2AA6A00B802000D00000000|14856445|UT4UYF/M-KO40wn
2026-08-23 11:55:00|8AA68EA66062E0828486888A8CE103F0611101834332A9E703000000000000000000000051030000000000000000000000000000000000000000000000000000|14856445|UT4UYF/M-KO40wn
2026-08-23 11:55:00|8AA68EA66062E0828486888A8CE103F060110182433236FC6A0007010000080000008882D011250000000000823F00000000000000000000|14856445|UT4UYF/M-KO40wn
2026-08-23 11:54:59|8AA68EA66062E0828486888A8CE103F05F110180456E6475726F736174|14856445|UT4UYF/M-KO40wn
2026-08-23 11:54:56|8AA68EA66062E0828486888A8CE103F05E1101331205016200010A000000000000E826BC436400010F0103002CA69029560A2F02D03E604A|14856445|UT4UYF/M-KO40wn
2026-08-23 11:54:56|8AA68EA66062E0828486888A8CE103F05D1101331105015E00010501000040005F000110AD0FAB0FFFFFFFFFFFFFFFFFAC0FA90F6000010F0100000000000000000000D4265A506200010F0100000000|14856445|UT4UYF/M-KO40wn
2026-08-23 11:54:55|8AA68EA66062E0828486888A8CE103F05C1101331005014E00030D000000000000000000000000005900010DFEFFFFFFD73E3200E33E0000035B000108D83E32005F06B0005D000106A53D00006B00|14856445|UT4UYF/M-KO40wn
2026-08-23 11:54:55|8AA68EA66062E0828486888A8CE103F05B1101330F0501460001120000CDCC5B43000000000000000038EECB014E00032C00000000000000000000000000000000000000000000000000000000000000|14856445|UT4UYF/M-KO40wn
2026-08-23 11:54:55|8AA68EA66062E0828486888A8CE103F05A1101330E050146000147000000000000007D9DA66F72F8A0C061E27C5E83ABADC047934B03B2AEB84019D39C3F90C81B3F9A78024000000000000000000000|14856445|UT4UYF/M-KO40wn
2026-08-23 11:54:54|8AA68EA66062E0828486888A8CE103F0591101330D05014600017C48804802CF44FA43010000000000000074AF7CA74835514173E1DDCEB9B24B41754EA2E56A5E4C41E5759B42FF10254255DC214301|14856445|UT4UYF/M-KO40wn
2026-08-23 11:54:53|8AA68EA66062E0828486888A8CE103F0581101330C05013A00011D2387FC4DBFFB88223BC7E0C93E374DE33ECD75B43CB309D3BD99B03D3D46000190AA44121CF10000207000000094828109E0C58E02|14856445|UT4UYF/M-KO40wn
2026-08-23 11:54:53|8AA68EA66062E0828486888A8CE103F0571101330B05013900012A3F7B14AE47E17A743FFA7E6ABC7493683F000000000000000000000000000000000000000000000000063A00012489DF8A6A80CAE1|14856445|UT4UYF/M-KO40wn
2026-08-23 11:54:52|8AA68EA66062E0828486888A8CE103F0561101330A05013900015FAEBF0000000000000000FBD6A7B326C1EE30AE7F12342F6EA301BC05523F6007CE1951DA5BBFE19C11A5BDC1673FFCA9F1D24D6250|14856445|UT4UYF/M-KO40wn
2026-08-23 11:54:52|8AA68EA66062E0828486888A8CE103F055110133090501390001947BF2B0506B8ABFF797DD9387859ABF7B14AE47E17A943F9A9999999999B9BF9A9999999999A93F0000000000000000B81E85EB51B8|14856445|UT4UYF/M-KO40wn
2026-08-23 11:54:51|8AA68EA66062E0828486888A8CE103F054110133080501390001C900C05CC0B81E85EB51C862403B92CB7F48BFE9BF7B14AE47E17A643FEB043411363CD93F0D71AC8BDB68DC3F03098A1F63EEAABFB3|14856445|UT4UYF/M-KO40wn
2026-08-23 11:54:51|8AA68EA66062E0828486888A8CE103F0531101330605012A000152D7A370DD4140C217265305A3D6BF6D567DAEB662E3BF917EFB3A70CEE6BF8FC2F5285C4F46400000000000000000C3F5285C8F3259|14856445|UT4UYF/M-KO40wn
2026-08-23 11:54:50|8AA68EA66062E0828486888A8CE103F0521101330505012A0001873D0AD7A3104740F6285C8FC27541400AD7A3703DFE7F4000000000000000000000000048E17A14AEC730401F85EB51B81E15403E0A|14856445|UT4UYF/M-KO40wn
2026-08-23 11:54:49|8AA68EA66062E0828486888A8CE103F0511101330405011D00010317000021000107010DFFFF0605002A0001AA84DF8A6A80460A0C224FB7FF3D67F9FFA56E4B00711469074A145C8FC2F528FC464085|14856445|UT4UYF/M-KO40wn
2026-08-23 11:54:49|8AA68EA66062E0828486888A8CE103F050110133020501090000090000000000000000001D000160D53E0000FA3E0000710000001D070000552F000000000000FA00000070170000B81300003D010000|14856445|UT4UYF/M-KO40wn
2026-08-23 11:54:48|8AA68EA66062E0828486888A8CE103F04F1101330105010700010A010000010000014400000800011666AA6A006000000D00000000010000010000014C00000900001600000000000000000000000000|14856445|UT4UYF/M-KO40wn
2026-08-23 11:54:47|8AA68EA66062E0828486888A8CE103F04E1101330005010100010B05DE4C220001001000000006000116FFA96A00C909000F00000000010000010000014C02000700011668AA6A005402000D00000000|14856445|UT4UYF/M-KO40wn
2026-08-23 11:54:00|8AA68EA66062E0828486888A8CE103F04D1101834332A9E703000000000000000000000051030000000000000000000000000000000000000000000000000000|14856445|UT4UYF/M-KO40wn
2026-08-23 11:54:00|8AA68EA66062E0828486888A8CE103F04C1101824332FAFB6A0002010000080000008882BC11250000000000823F00000000000000000000|14856445|UT4UYF/M-KO40wn
2026-08-23 11:53:59|8AA68EA66062E0828486888A8CE103F04B110180456E6475726F736174|14856445|UT4UYF/M-KO40wn
2026-08-23 11:53:59|8AA68EA66062E0828486888A8CE103F04B110180456E6475726F736174|14861236|Plyachka-KN12rl
2026-08-23 11:53:56|8AA68EA66062E0828486888A8CE103F04A110133FE05015E00010501000040005F000110A80FA60FFFFFFFFFFFFFFFFFAB0FA40F6000010F0100000000000000000000D4265A506200010F0100000000|14856445|UT4UYF/M-KO40wn
2026-08-23 11:53:56|8AA68EA66062E0828486888A8CE103F049110133FD05014E00030D000000000000000000000000005900010DFEFFFFFFD83E32006C3E0000035B000108D83E30004606AF005D000106A53D11006B00|14856445|UT4UYF/M-KO40wn
2026-08-23 11:53:56|8AA68EA66062E0828486888A8CE103F049110133FD05014E00030D000000000000000000000000005900010DFEFFFFFFD83E32006C3E0000035B000108D83E30004606AF005D000106A53D11006B00|14861236|Plyachka-KN12rl
2026-08-23 11:53:55|8AA68EA66062E0828486888A8CE103F048110133FC0501460001120000CDCC1F43000000000000000067D286734E00032C00000000000000000000000000000000000000000000000000000000000000|14856445|UT4UYF/M-KO40wn
2026-08-23 11:53:54|8AA68EA66062E0828486888A8CE103F047110133FB050146000147000000000000007D9DA66F72F8A0C061E27C5E83ABADC047934B03B2AEB84019D39C3F90C81B3F9A78024000000000000000000000|14856445|UT4UYF/M-KO40wn
2026-08-23 11:53:54|8AA68EA66062E0828486888A8CE103F047110133FB050146000147000000000000007D9DA66F72F8A0C061E27C5E83ABADC047934B03B2AEB84019D39C3F90C81B3F9A78024000000000000000000000|14861236|Plyachka-KN12rl
2026-08-23 11:53:54|8AA68EA66062E0828486888A8CE103F046110133F905013A00011D17D96154BF759E263B3D72AD3E233BE33E716A633C92E1D2BD7FC8223D46000190AA44121CF1000020700000009782810980DB8D02|14861236|Plyachka-KN12rl
2026-08-23 11:53:53|8AA68EA66062E0828486888A8CE103F045110133F805013900012A3F7B14AE47E17A743FFA7E6ABC7493683F000000000000000000000000000000000000000000000000063A0001244CDF8A6A8008F6|14856445|UT4UYF/M-KO40wn
2026-08-23 11:53:53|8AA68EA66062E0828486888A8CE103F045110133F805013900012A3F7B14AE47E17A743FFA7E6ABC7493683F000000000000000000000000000000000000000000000000063A0001244CDF8A6A8008F6|14861236|Plyachka-KN12rl
2026-08-23 11:53:52|8AA68EA66062E0828486888A8CE103F044110133F705013900015FAEBF7B14AE47E17A84BF9C5D3DB3CFE3DAB1A4AABE336007CE1951DA5B3F0000000000000000623255302AA933BFFCA9F1D24D6250|14856445|UT4UYF/M-KO40wn
2026-08-23 11:53:52|8AA68EA66062E0828486888A8CE103F043110133F6050139000194B4C876BE9F8ABFA70A462575029ABF7B14AE47E17A843F9A9999999999B9BF7B14AE47E17AA43F0000000000000000B81E85EB51B8|14856445|UT4UYF/M-KO40wn
2026-08-23 11:53:52|8AA68EA66062E0828486888A8CE103F044110133F705013900015FAEBF7B14AE47E17A84BF9C5D3DB3CFE3DAB1A4AABE336007CE1951DA5B3F0000000000000000623255302AA933BFFCA9F1D24D6250|14861236|Plyachka-KN12rl
2026-08-23 11:53:52|8AA68EA66062E0828486888A8CE103F043110133F6050139000194B4C876BE9F8ABFA70A462575029ABF7B14AE47E17A843F9A9999999999B9BF7B14AE47E17AA43F0000000000000000B81E85EB51B8|14861236|Plyachka-KN12rl
2026-08-23 11:53:51|8AA68EA66062E0828486888A8CE103F041110133F305012A000152EB51B8DE4040752497FF907ED3BF6D567DAEB662E3BF85EB51B81E85E7BF6766666666664540000000000000000067666666660659|14861236|Plyachka-KN12rl
2026-08-23 11:53:51|8AA68EA66062E0828486888A8CE103F042110133F405012A00011D403E0AD7A370BD65C0FB03D6FF402CBEFF33DF2E000C01A50000000002390001DD4CDF8A6A8008F617295C8FC2F5C847C0EC51B81E|14856445|UT4UYF/M-KO40wn
2026-08-23 11:53:51|8AA68EA66062E0828486888A8CE103F041110133F305012A000152EB51B8DE4040752497FF907ED3BF6D567DAEB662E3BF85EB51B81E85E7BF6766666666664540000000000000000067666666660659|14856445|UT4UYF/M-KO40wn
2026-08-23 11:53:51|8AA68EA66062E0828486888A8CE103F042110133F405012A00011D403E0AD7A370BD65C0FB03D6FF402CBEFF33DF2E000C01A50000000002390001DD4CDF8A6A8008F617295C8FC2F5C847C0EC51B81E|14861236|Plyachka-KN12rl
2026-08-23 11:53:49|8AA68EA66062E0828486888A8CE103F03F110133F105011D00010317000021000107010DFFFF0605002A0001AA4CDF8A6A8008F61785FEB2FF32CDF7FF47DE46002213480792151F85EB51B83E454048|14861236|Plyachka-KN12rl
2026-08-23 11:53:49|8AA68EA66062E0828486888A8CE103F03E110133EF0501090000090000000000000000001D000160D53E0000FA3E0000810000001F080000562F000000000000FA00000070170000C013000096000000|14861236|Plyachka-KN12rl
2026-08-23 11:53:49|8AA68EA66062E0828486888A8CE103F03F110133F105011D00010317000021000107010DFFFF0605002A0001AA4CDF8A6A8008F61785FEB2FF32CDF7FF47DE46002213480792151F85EB51B83E454048|14856445|UT4UYF/M-KO40wn
2026-08-23 11:53:49|8AA68EA66062E0828486888A8CE103F03E110133EF0501090000090000000000000000001D000160D53E0000FA3E0000810000001F080000562F000000000000FA00000070170000C013000096000000|14856445|UT4UYF/M-KO40wn
2026-08-23 11:53:48|8AA68EA66062E0828486888A8CE103F03D110133EE05010700010A010000010000013F0000080001162AAA6A005200000D00000000010000010000014E00000900001600000000000000000000000000|14861236|Plyachka-KN12rl
2026-08-23 11:53:48|8AA68EA66062E0828486888A8CE103F03D110133EE05010700010A010000010000013F0000080001162AAA6A005200000D00000000010000010000014E00000900001600000000000000000000000000|14856445|UT4UYF/M-KO40wn
2026-08-23 11:52:57|8AA68EA66062E0828486888A8CE103F038110133EC05016200010A000000000000E826AA376400010F010300E87BB838AF070F03D03E7648|14861236|Plyachka-KN12rl
2026-08-23 10:45:53|8AA68EA66062E0828486888A8CE103F0A2110180456E6475726F736174|14846334|dm43-DM43bl
2026-08-23 10:45:50|8AA68EA66062E0828486888A8CE103F09B110133E605012A00038747E17A148E41407B14AE47E1AA5CC0D7A3703D0AF77F4000000000000000000000000015AE47E17A1432C0000000000000D0BFD7A3|14846334|dm43-DM43bl
2026-08-23 10:45:49|8AA68EA66062E0828486888A8CE103F09A110133E505011D00010317000021000107010DFFFF0605002A0003AA57CF8A6A8008F6177BCA510076C71A00D12E3C007D11CA00F8E7C3F5285C8FA24140AE|14846334|dm43-DM43bl
2026-08-23 10:45:49|8AA68EA66062E0828486888A8CE103F099110133E405011D0001386B03000070170000DF13000000000000010000007017000000000000000000000000000070170000040D0000F1020000410A000070|14846334|dm43-DM43bl
2026-08-23 10:45:48|8AA68EA66062E0828486888A8CE103F097110133E205010700010A01000001000001ABFF00080001164A9A6A000C00000D0000000001000001000001BAFF000900001600000000000000000000000000|14846334|dm43-DM43bl
2026-08-23 10:45:47|8AA68EA66062E0828486888A8CE103F096110133E105010100010B05B23C220001001000000006000116E4996A000D00000F0000000001000001000001EF0100070001164D9A6A000D00000D00000000|14846334|dm43-DM43bl
2026-08-23 10:44:56|8AA68EA66062E0828486888A8CE103F095110133E005016200010A000000000000000000006400010F000000000000000000000000000000|14846334|dm43-DM43bl
2026-08-23 10:44:56|8AA68EA66062E0828486888A8CE103F094110133DF05015E00010501000008005F000110A00F9E0FFFFFFFFFFFFFFFFFA00F9B0F6000010F0000000000000000000000000000006200010F0000000000|14846334|dm43-DM43bl
2026-08-23 10:44:55|8AA68EA66062E0828486888A8CE103F093110133DE05014E00030D000000000000000000000000005900010DFEFFFFFFA73E06FE02480000035B000108A73E1CFEE11AC7005D0001067B3DA7008100|14846334|dm43-DM43bl
2026-08-23 10:44:55|8AA68EA66062E0828486888A8CE103F092110133DD0501460001120000000000001818180000020101D3D2ECEC4E00032C00000000000000000000000000000000000000000000000000000000000000|14846334|dm43-DM43bl
2026-08-23 10:44:54|8AA68EA66062E0828486888A8CE103F091110133DC050146000147000000080000007F34FFDEAA7EAAC0899CFDC55207ACC0BB4A26DC4404B7C0073D343D3175703D0B21A03D00000000000000000000|14846334|dm43-DM43bl
2026-08-23 10:44:54|8AA68EA66062E0828486888A8CE103F090110133DB05014600017C48000002CF44FA430000000010000000E521DB6364AA40C12D62BC43B8DD52C19F9B916C013E5041601A3940E26A6E40C135A94000|14846334|dm43-DM43bl
2026-08-23 10:44:53|8AA68EA66062E0828486888A8CE103F08F110133DA05013A00011D0B8315733B8D74BEBA9382983C20F47F3F2B70A9BD4078593C27E58DBE46000190AA44121CF100002070000000B1B48109A0AF4E02|14846334|dm43-DM43bl
2026-08-23 10:44:53|8AA68EA66062E0828486888A8CE103F08E1101834332A9E703000000000000000000000051030000000000000000000000000000000000000000000000000000|14846334|dm43-DM43bl
2026-08-23 10:44:53|8AA68EA66062E0828486888A8CE103F08D1101824332CBEB6A0027010000080000008882FD0B250000000000823F00000000000000000000|14846334|dm43-DM43bl
2026-08-23 10:44:53|8AA68EA66062E0828486888A8CE103F08C110180456E6475726F736174|14846334|dm43-DM43bl
2026-08-23 10:44:52|8AA68EA66062E0828486888A8CE103F08B110133D805013900015FA9BFEC51B81E85EBD1BFAE2394B5BBFD3CB549CAFA34433EE8D9ACFAACBF772D211FF46C963F36CD3B4ED1919CBFFCA9F1D24D6250|14846334|dm43-DM43bl
2026-08-23 10:44:51|8AA68EA66062E0828486888A8CE103F089110133D60501390001C9E17AC4BF0AD7A3703D0A0140ACADD85F764F6E3FFA7E6ABC749358BFCF88D2DEE00B933F3C4ED1915CFEEF3FC7BAB88D06F0A6BFB9|14846334|dm43-DM43bl
2026-08-23 10:44:51|8AA68EA66062E0828486888A8CE103F088110133D505012A00031DC0295C8FC2F5E83240FAF1D8FF012EACFFE95887001401440200000102390003DD1ACF8A6A4004FB0BCDCCCCCCCCCC0440B81E85EB|14846334|dm43-DM43bl
2026-08-23 10:44:50|8AA68EA66062E0828486888A8CE103F087110133D405012A00035214AE47A14140857CD0B359F5E5BF6D567DAEB662E3BF87A757CA32C4D93F7B14AE47E15A5C4000000000000000003333333333E358|14846334|dm43-DM43bl
2026-08-23 10:44:50|8AA68EA66062E0828486888A8CE103F086110133D305012A000387A3703D0A774340B81E85EB51685CC05C8FC2F528008040000000000000000000000000E17A14AE47E130C0C3F5285C8FC2C5BFE17A|14846334|dm43-DM43bl
2026-08-23 10:44:49|8AA68EA66062E0828486888A8CE103F085110133D205011D00010317000021000107010DFFFF0605002A0003AA1ACF8A6A4004FB0BF56C4D0084871A002FC9410003134C012EE9AE47E17A148E4340D7|14846334|dm43-DM43bl
2026-08-23 10:44:49|8AA68EA66062E0828486888A8CE103F084110133D105011D0001384503000070170000DF13000000000000020000007017000000000000000000000000000070170000020D00000D030000BE0A000070|14846334|dm43-DM43bl
2026-08-23 10:44:48|8AA68EA66062E0828486888A8CE103F083110133D00501090000090000000000000000001D000160833E0000A83E00005B000000B3050000582F000000000000FA00000070170000C113000093000000|14846334|dm43-DM43bl
2026-08-23 10:44:48|8AA68EA66062E0828486888A8CE103F082110133CF05010700010A01000001000001A6FF00080001160D9A6A000D00000D0000000001000001000001C3FF000900001600000000000000000000000000|14846334|dm43-DM43bl
2026-08-23 10:44:47|8AA68EA66062E0828486888A8CE103F081110133CE05010100010B05763C220001001000000006000116A7996A000D00000F000000000100000100000161020007000116109A6A000C00000D00000000|14846334|dm43-DM43bl
2026-08-23 06:56:56|8AA68EA66062E0828486888A8CE103F093110133F405016200010A000000000000000000006400010F0103000C9988407F0D8B03D03E2C47|14856596|(¯`·._.·(¯`·._.· I LOVE BALI ·._.·´¯)·._.·´¯)-OI71og
2026-08-23 06:56:56|8AA68EA66062E0828486888A8CE103F092110133F305015E00010501000044005F000110A90FA80FFFFFFFFFFFFFFFFFAB0FA90F6000010F0000000000000000000000000000006200010F0000000000|14856596|(¯`·._.·(¯`·._.· I LOVE BALI ·._.·´¯)·._.·´¯)-OI71og
2026-08-23 06:56:55|8AA68EA66062E0828486888A8CE103F090110133F10501460001120000000000001B1B1B0000020101B7A4C2DE4E00032C00000000000000000000000000000000000000000000000000000000000000|14856596|(¯`·._.·(¯`·._.· I LOVE BALI ·._.·´¯)·._.·´¯)-OI71og
2026-08-23 06:56:55|8AA68EA66062E0828486888A8CE103F091110133F205014E00030D000000000000000000000000005900010DFEFFFFFFD53ED9000C3B0000035B000108D53ED6009B10A1005D000106A53D00005600|14856596|(¯`·._.·(¯`·._.· I LOVE BALI ·._.·´¯)·._.·´¯)-OI71og
2026-08-23 06:56:54|8AA68EA66062E0828486888A8CE103F08F110133F005014600014700000008000000F67553D339789040F9FE1BF76CB8924079DDD4137262BD4037215B3D5D22953D958D1B3D00000000000000000000|14856596|(¯`·._.·(¯`·._.· I LOVE BALI ·._.·´¯)·._.·´¯)-OI71og
2026-08-23 06:56:54|8AA68EA66062E0828486888A8CE103F08E110133EF05014600017C48000002CF44FA430000000010000000924827B2D47548C1202755C98D2B574130A0FAC4B83520C17DF572407D1394407535174000|14856596|(¯`·._.·(¯`·._.· I LOVE BALI ·._.·´¯)·._.·´¯)-OI71og
2026-08-23 06:56:52|8AA68EA66062E0828486888A8CE103F08B110133EC05013900015FB4BF7B14AE47E17A84BF46B7263313951032FF92E5B3AED85F764F1E663FACADD85F764F6EBFFA7E6ABC7493583FFCA9F1D24D6250|14856596|(¯`·._.·(¯`·._.· I LOVE BALI ·._.·´¯)·._.·´¯)-OI71og
2026-08-23 06:56:52|8AA68EA66062E0828486888A8CE103F08A110133EB05013900019450FC1873D782BFCD5D4BC8073D9BBF7B14AE47E17A94BFB81E85EB51B8BEBF7B14AE47E17AA43F00000000000000007B14AE47E17A|14856596|(¯`·._.·(¯`·._.· I LOVE BALI ·._.·´¯)·._.·´¯)-OI71og
2026-08-23 06:56:51|8AA68EA66062E0828486888A8CE103F088110133E905012A00011D4085EB51B81ED564C0FC730700A439AAFF127C960068003A0100000002390001DDB0998A6A00A7340B0000000000E046C07B14AE47|14856596|(¯`·._.·(¯`·._.· I LOVE BALI ·._.·´¯)·._.·´¯)-OI71og
2026-08-23 06:56:51|8AA68EA66062E0828486888A8CE103F089110133EA0501390001C9E10A5D405C8FC2F528C462C08E75711B0DE0E9BFFA7E6ABC7493683F3D9B559FABADD8BFE2E995B20C71DC3F2D431CEBE236AABF48|14856596|(¯`·._.·(¯`·._.· I LOVE BALI ·._.·´¯)·._.·´¯)-OI71og
2026-08-23 06:56:50|8AA68EA66062E0828486888A8CE103F093110133F405016200010A000000000000000000006400010F0103000C9988407F0D8B03D03E2C47|14856596|(¯`·._.·(¯`·._.· I LOVE BALI ·._.·´¯)·._.·´¯)-OI71og
2026-08-23 06:56:50|8AA68EA66062E0828486888A8CE103F087110133E805012A000152E17A142E2DC033C4B12E6EA3D53FE5F21FD26F5FE3BF57EC2FBB270FE7BFC3F5285C8F2246400000000000000000CDCCCCCCCC5C58|14856596|(¯`·._.·(¯`·._.· I LOVE BALI ·._.·´¯)·._.·´¯)-OI71og
2026-08-23 06:56:50|8AA68EA66062E0828486888A8CE103F086110133E705012A000187AE47E17A1413C0295C8FC2F5785D4015AE47E17AE87F40000000000000000000000000D7A3703D0AD73D401F85EB51B81E1040AE47|14856596|(¯`·._.·(¯`·._.· I LOVE BALI ·._.·´¯)·._.·´¯)-OI71og
2026-08-23 06:56:49|8AA68EA66062E0828486888A8CE103F085110133E605011D00010317000021000107010DFFFF0605002A0001AAB0998A6A00A7340BBF0E9AFF39D4E7FF5388F7FFD8FC3603601D33333333333313C015|14856596|(¯`·._.·(¯`·._.· I LOVE BALI ·._.·´¯)·._.·´¯)-OI71og
2026-08-23 06:56:48|8AA68EA66062E0828486888A8CE103F090110133F10501460001120000000000001B1B1B0000020101B7A4C2DE4E00032C00000000000000000000000000000000000000000000000000000000000000|14856596|(¯`·._.·(¯`·._.· I LOVE BALI ·._.·´¯)·._.·´¯)-OI71og
2026-08-23 06:56:48|8AA68EA66062E0828486888A8CE103F083110133E40501090000090000000000000000001D000160D53E0000FA3E0000690000009C0600004F2F000000000000FA00000070170000C013000093000000|14856596|(¯`·._.·(¯`·._.· I LOVE BALI ·._.·´¯)·._.·´¯)-OI71og
2026-08-23 06:56:48|8AA68EA66062E0828486888A8CE103F082110133E305010700010A01000001000001CCFF0008000116D6646A004500000D0000000001000001000001B3FF000900001600000000000000000000000000|14856596|(¯`·._.·(¯`·._.· I LOVE BALI ·._.·´¯)·._.·´¯)-OI71og
2026-08-23 06:56:43|8AA68EA66062E0828486888A8CE103F085110133E605011D00010317000021000107010DFFFF0605002A0001AAB0998A6A00A7340BBF0E9AFF39D4E7FF5388F7FFD8FC3603601D33333333333313C015|14856596|(¯`·._.·(¯`·._.· I LOVE BALI ·._.·´¯)·._.·´¯)-OI71og
2026-08-23 06:56:43|8AA68EA66062E0828486888A8CE103F086110133E705012A000187AE47E17A1413C0295C8FC2F5785D4015AE47E17AE87F40000000000000000000000000D7A3703D0AD73D401F85EB51B81E1040AE47|14856596|(¯`·._.·(¯`·._.· I LOVE BALI ·._.·´¯)·._.·´¯)-OI71og
2026-08-23 06:56:42|8AA68EA66062E0828486888A8CE103F084110133E505011D0001385E03000070170000DF13000000000000010000007017000000000000000000000000000070170000030D0000ED0200000F0A000070|14856596|(¯`·._.·(¯`·._.· I LOVE BALI ·._.·´¯)·._.·´¯)-OI71og
2026-08-23 06:56:41|8AA68EA66062E0828486888A8CE103F082110133E305010700010A01000001000001CCFF0008000116D6646A004500000D0000000001000001000001B3FF000900001600000000000000000000000000|14856596|(¯`·._.·(¯`·._.· I LOVE BALI ·._.·´¯)·._.·´¯)-OI71og
2026-08-23 06:56:34|8AA68EA66062E0828486888A8CE103F0801101834332A9E703000000000000000000000051030000000000000000000000000000000000000000000000000000|14856596|(¯`·._.·(¯`·._.· I LOVE BALI ·._.·´¯)·._.·´¯)-OI71og
2026-08-23 06:56:34|8AA68EA66062E0828486888A8CE103F07F110182433256B66A00EC000000080000008882EFF9240000000000523F00000000000000000000|14856596|(¯`·._.·(¯`·._.· I LOVE BALI ·._.·´¯)·._.·´¯)-OI71og
2026-08-23 06:56:33|8AA68EA66062E0828486888A8CE103F07E110180456E6475726F736174|14856596|(¯`·._.·(¯`·._.· I LOVE BALI ·._.·´¯)·._.·´¯)-OI71og
2026-08-23 06:56:27|8AA68EA66062E0828486888A8CE103F07E110180456E6475726F736174|14856596|(¯`·._.·(¯`·._.· I LOVE BALI ·._.·´¯)·._.·´¯)-OI71og
2026-08-23 06:56:27|8AA68EA66062E0828486888A8CE103F07F110182433256B66A00EC000000080000008882EFF9240000000000523F00000000000000000000|14856596|(¯`·._.·(¯`·._.· I LOVE BALI ·._.·´¯)·._.·´¯)-OI71og
2026-08-23 06:55:56|8AA68EA66062E0828486888A8CE103F07D110133E105016200010A000000000000000000006400010F010300E09C8840BA099803023FDC46|14856596|(¯`·._.·(¯`·._.· I LOVE BALI ·._.·´¯)·._.·´¯)-OI71og
2026-08-23 06:55:55|8AA68EA66062E0828486888A8CE103F07B110133DF05014E00030D000000000000000000000000005900010DFEFFFFFFD23EC8000C3B0000035B000108D43EE700AC11A0005D000106973D00005B00|14856596|(¯`·._.·(¯`·._.· I LOVE BALI ·._.·´¯)·._.·´¯)-OI71og
2026-08-23 06:55:55|8AA68EA66062E0828486888A8CE103F07A110133DE0501460001120000000000001B1B1B000002010127E486114E00032C00000000000000000000000000000000000000000000000000000000000000|14856596|(¯`·._.·(¯`·._.· I LOVE BALI ·._.·´¯)·._.·´¯)-OI71og
2026-08-23 06:55:54|8AA68EA66062E0828486888A8CE103F078110133DC05014600017C48000002CF44FA430000000010000000D68780CEAEE248C1ED32D1D200D85641149B8ED505F02DC12DDC6F4062589340F5F0164000|14856596|(¯`·._.·(¯`·._.· I LOVE BALI ·._.·´¯)·._.·´¯)-OI71og
2026-08-23 06:55:54|8AA68EA66062E0828486888A8CE103F079110133DD05014600014700000008000000166288BC8B2D8940CCAF2A9C3DB999407243FF3A1F2BBD4016125C3DE4478F3D28451E3D00000000000000000000|14856596|(¯`·._.·(¯`·._.· I LOVE BALI ·._.·´¯)·._.·´¯)-OI71og
2026-08-23 06:55:53|8AA68EA66062E0828486888A8CE103F077110133DB05013A00011D170DBC48BFB63DF23A94F3DDBE2862E33E772012BD3102D3BD1502263D46000190AA44121CF100002070000000B2B48109F8067D01|14856596|(¯`·._.·(¯`·._.· I LOVE BALI ·._.·´¯)·._.·´¯)-OI71og
2026-08-23 06:55:53|8AA68EA66062E0828486888A8CE103F076110133DA05013900012A3FFCA9F1D24D62703FFCA9F1D24D62703F000000000000000000000000000000000000000000000000063A00012478998A6A8008F6|14856596|(¯`·._.·(¯`·._.· I LOVE BALI ·._.·´¯)·._.·´¯)-OI71og
2026-08-23 06:55:52|8AA68EA66062E0828486888A8CE103F074110133D8050139000194711B0DE02D80BFCD5D4BC8073D9BBF7B14AE47E17A94BF9A9999999999B9BF9A9999999999A93F0000000000000000B81E85EB51B8|14856596|(¯`·._.·(¯`·._.· I LOVE BALI ·._.·´¯)·._.·´¯)-OI71og
2026-08-23 06:55:52|8AA68EA66062E0828486888A8CE103F075110133D905013900015FAEBF7B14AE47E17A843F6DF21732EA8D58B2378BADB393CB7F48BF7D6D3F462575029A086B3F1461C3D32B6569BFFCA9F1D24D6250|14856596|(¯`·._.·(¯`·._.· I LOVE BALI ·._.·´¯)·._.·´¯)-OI71og
2026-08-23 06:55:51|8AA68EA66062E0828486888A8CE103F073110133D70501390001C90AF75A409A999999996162C05305A3923A01E9BFFCA9F1D24D62603F228E75711B0DDCBF95D40968226CDC3F705F07CE1951AABF76|14856596|(¯`·._.·(¯`·._.· I LOVE BALI ·._.·´¯)·._.·´¯)-OI71og
2026-08-23 06:55:51|8AA68EA66062E0828486888A8CE103F072110133D605012A00011D40CDCCCCCCCCC464C0E24904005D6CAAFF794597002B003A0100000002390001DD73998A6A80841E00295C8FC2F5E845C0D7A3703D|14856596|(¯`·._.·(¯`·._.· I LOVE BALI ·._.·´¯)·._.·´¯)-OI71og
2026-08-23 06:55:50|8AA68EA66062E0828486888A8CE103F070110133D405012A000187333333333321C00AD7A3703DAA5D400000000000F87F40000000000000000000000000D7A3703D0AD73C4052B81E85EB511040A470|14856596|(¯`·._.·(¯`·._.· I LOVE BALI ·._.·´¯)·._.·´¯)-OI71og
2026-08-23 06:55:50|8AA68EA66062E0828486888A8CE103F071110133D505012A0001523D0AD72333C04E62105839B4D83FE5F21FD26F5FE3BFF5DBD7817346E6BFE17A14AE472147400000000000000000713D0AD7A36058|14856596|(¯`·._.·(¯`·._.· I LOVE BALI ·._.·´¯)·._.·´¯)-OI71og
2026-08-23 06:55:50|8AA68EA66062E0828486888A8CE103F07D110133E105016200010A000000000000000000006400010F010300E09C8840BA099803023FDC46|14856596|(¯`·._.·(¯`·._.· I LOVE BALI ·._.·´¯)·._.·´¯)-OI71og
2026-08-23 06:55:49|8AA68EA66062E0828486888A8CE103F06E110133D205011D000138AF1B000070170000DF13000000000000000000007017000000000000000000000000000070170000020D0000EC0200007F0A000070|14856596|(¯`·._.·(¯`·._.· I LOVE BALI ·._.·´¯)·._.·´¯)-OI71og
2026-08-23 06:55:49|8AA68EA66062E0828486888A8CE103F07B110133DF05014E00030D000000000000000000000000005900010DFEFFFFFFD23EC8000C3B0000035B000108D43EE700AC11A0005D000106973D00005B00|14856596|(¯`·._.·(¯`·._.· I LOVE BALI ·._.·´¯)·._.·´¯)-OI71og
2026-08-23 06:55:49|8AA68EA66062E0828486888A8CE103F06F110133D305011D00010317000021000107010DFFFF0605002A0001AA73998A6A80841E007C0B9BFFF01DE7FF2289F0FFE7FABE02261D52B81E85EB5121C033|14856596|(¯`·._.·(¯`·._.· I LOVE BALI ·._.·´¯)·._.·´¯)-OI71og
2026-08-23 06:55:48|8AA68EA66062E0828486888A8CE103F06D110133D10501090000090000000000000000001D000160CC3E0000F13E0000620000002B060000532F000000000000FA000000701700008A13000061050000|14856596|(¯`·._.·(¯`·._.· I LOVE BALI ·._.·´¯)·._.·´¯)-OI71og
2026-08-23 06:55:48|8AA68EA66062E0828486888A8CE103F06C110133D005010700010A01000001000001BFFF00080001169A646A003B00000D0000000001000001000001A2FF000900001600000000000000000000000000|14856596|(¯`·._.·(¯`·._.· I LOVE BALI ·._.·´¯)·._.·´¯)-OI71og
2026-08-23 06:55:48|8AA68EA66062E0828486888A8CE103F07A110133DE0501460001120000000000001B1B1B000002010127E486114E00032C00000000000000000000000000000000000000000000000000000000000000|14856596|(¯`·._.·(¯`·._.· I LOVE BALI ·._.·´¯)·._.·´¯)-OI71og
2026-08-23 06:55:47|8AA68EA66062E0828486888A8CE103F06B110133CF05010100010B05CA0622000100100000000600011634646A00C909000F0000000001000001000001030200070001169D646A006E01000D00000000|14856596|(¯`·._.·(¯`·._.· I LOVE BALI ·._.·´¯)·._.·´¯)-OI71og
2026-08-23 06:55:46|8AA68EA66062E0828486888A8CE103F075110133D905013900015FAEBF7B14AE47E17A843F6DF21732EA8D58B2378BADB393CB7F48BF7D6D3F462575029A086B3F1461C3D32B6569BFFCA9F1D24D6250|14856596|(¯`·._.·(¯`·._.· I LOVE BALI ·._.·´¯)·._.·´¯)-OI71og
2026-08-23 06:55:45|8AA68EA66062E0828486888A8CE103F074110133D8050139000194711B0DE02D80BFCD5D4BC8073D9BBF7B14AE47E17A94BF9A9999999999B9BF9A9999999999A93F0000000000000000B81E85EB51B8|14856596|(¯`·._.·(¯`·._.· I LOVE BALI ·._.·´¯)·._.·´¯)-OI71og
2026-08-23 06:55:43|8AA68EA66062E0828486888A8CE103F06F110133D305011D00010317000021000107010DFFFF0605002A0001AA73998A6A80841E007C0B9BFFF01DE7FF2289F0FFE7FABE02261D52B81E85EB5121C033|14856596|(¯`·._.·(¯`·._.· I LOVE BALI ·._.·´¯)·._.·´¯)-OI71og
2026-08-23 06:55:42|8AA68EA66062E0828486888A8CE103F06E110133D205011D000138AF1B000070170000DF13000000000000000000007017000000000000000000000000000070170000020D0000EC0200007F0A000070|14856596|(¯`·._.·(¯`·._.· I LOVE BALI ·._.·´¯)·._.·´¯)-OI71og
2026-08-23 06:55:42|8AA68EA66062E0828486888A8CE103F06D110133D10501090000090000000000000000001D000160CC3E0000F13E0000620000002B060000532F000000000000FA000000701700008A13000061050000|14856596|(¯`·._.·(¯`·._.· I LOVE BALI ·._.·´¯)·._.·´¯)-OI71og
2026-08-23 06:20:31|8AA68EA66062E0828486888A8CE103F06C110180456E6475726F736174|14856435|LW2DYB-GF11br
2026-08-23 06:20:31|8AA68EA66062E0828486888A8CE103F06D1101824332E5AD6A0009010000080000008882DDF62400000000003B3F00000000000000000000|14856435|LW2DYB-GF11br
2026-08-23 06:19:56|8AA68EA66062E0828486888A8CE103F06B1101333505016200010A000000000000000000006400010F000000000000000000000000000000|14856435|LW2DYB-GF11br
2026-08-23 06:19:56|8AA68EA66062E0828486888A8CE103F06A1101333405015E00010501000048005F0001106F0F6F0FFFFFFFFFFFFFFFFF710F710F6000010F0000000000000000000000000000006200010F0000000000|14856435|LW2DYB-GF11br
2026-08-23 06:19:56|8AA68EA66062E0828486888A8CE103F06A1101333405015E00010501000048005F0001106F0F6F0FFFFFFFFFFFFFFFFF710F710F6000010F0000000000000000000000000000006200010F0000000000|14854869|DIYSATELLITE-GF05ug
2026-08-23 06:19:56|8AA68EA66062E0828486888A8CE103F06B1101333505016200010A000000000000000000006400010F000000000000000000000000000000|14854869|DIYSATELLITE-GF05ug
2026-08-23 06:19:55|8AA68EA66062E0828486888A8CE103F0691101333305014E00030D000000000000000000000000005900010DFEFFFFFF073E45FEB9450000035B000108073E45FE1918B6005D000106B63CEC017000|14856435|LW2DYB-GF11br
2026-08-23 06:19:55|8AA68EA66062E0828486888A8CE103F06811013332050146000112000000000000181818000002010187F3C50D4E00032C00000000000000000000000000000000000000000000000000000000000000|14856435|LW2DYB-GF11br
2026-08-23 06:19:55|8AA68EA66062E0828486888A8CE103F06811013332050146000112000000000000181818000002010187F3C50D4E00032C00000000000000000000000000000000000000000000000000000000000000|14854869|DIYSATELLITE-GF05ug
2026-08-23 06:19:55|8AA68EA66062E0828486888A8CE103F0691101333305014E00030D000000000000000000000000005900010DFEFFFFFF073E45FEB9450000035B000108073E45FE1918B6005D000106B63CEC017000|14854869|DIYSATELLITE-GF05ug
2026-08-23 06:19:54|8AA68EA66062E0828486888A8CE103F0671101333105014600014700000008000000BDF67A137A3DACC0E9586D574C39A640D82E7A0BFBFFB7C02F9D663D33EF953DD04B683D00000000000000000000|14856435|LW2DYB-GF11br
2026-08-23 06:19:54|8AA68EA66062E0828486888A8CE103F0671101333105014600014700000008000000BDF67A137A3DACC0E9586D574C39A640D82E7A0BFBFFB7C02F9D663D33EF953DD04B683D00000000000000000000|14854869|DIYSATELLITE-GF05ug
2026-08-23 06:19:54|8AA68EA66062E0828486888A8CE103F0661101333005014600017C48000002CF44FA430000000010000000E778F3514B5246417C7D2661D96952C19A118EB692334EC176507B402E6EB34063A86E4000|14854869|DIYSATELLITE-GF05ug
2026-08-23 06:19:53|8AA68EA66062E0828486888A8CE103F0651101332F05013A00031D00E0B7D7B8D42F81B96CF93F39FFFF7F3F8E3D8B3B8DD93C3B4370843B46000190AA44121CF100002070000000B2B4810978115C01|14856435|LW2DYB-GF11br
2026-08-23 06:19:53|8AA68EA66062E0828486888A8CE103F0641101332E05013900032A3FFCA9F1D24D62603F7B14AE47E17A743F000000000000000000000000000000000000000000000000063A00032401918A6A404B4C|14856435|LW2DYB-GF11br
2026-08-23 06:19:53|8AA68EA66062E0828486888A8CE103F0641101332E05013900032A3FFCA9F1D24D62603F7B14AE47E17A743F000000000000000000000000000000000000000000000000063A00032401918A6A404B4C|14854869|DIYSATELLITE-GF05ug
2026-08-23 06:19:53|8AA68EA66062E0828486888A8CE103F0651101332F05013A00031D00E0B7D7B8D42F81B96CF93F39FFFF7F3F8E3D8B3B8DD93C3B4370843B46000190AA44121CF100002070000000B2B4810978115C01|14854869|DIYSATELLITE-GF05ug
2026-08-23 06:19:52|8AA68EA66062E0828486888A8CE103F0631101332D05013900035FAEBF00000000000000005779753337A2303186C9B8B207F0164850FC78BF93CB7F48BF7D4DBF20D26F5F07CE793FFA7E6ABC749378|14856435|LW2DYB-GF11br
2026-08-23 06:19:52|8AA68EA66062E0828486888A8CE103F0621101332C0501390003946EA301BC0562BFDBF97E6ABC7493BF0000000000000000000000000000000000000000000000000000000000000000B81E85EB51B8|14856435|LW2DYB-GF11br
2026-08-23 06:19:52|8AA68EA66062E0828486888A8CE103F0631101332D05013900035FAEBF00000000000000005779753337A2303186C9B8B207F0164850FC78BF93CB7F48BF7D4DBF20D26F5F07CE793FFA7E6ABC749378|14854869|DIYSATELLITE-GF05ug
2026-08-23 06:19:52|8AA68EA66062E0828486888A8CE103F0621101332C0501390003946EA301BC0562BFDBF97E6ABC7493BF0000000000000000000000000000000000000000000000000000000000000000B81E85EB51B8|14854869|DIYSATELLITE-GF05ug
2026-08-23 06:19:51|8AA68EA66062E0828486888A8CE103F0611101332B0501390003C951B89EBF7B14AE47E17A943F2D431CEBE2361ABF2D431CEBE2362ABF2D431CEBE2362A3F000000000000F03F6EA301BC0512A4BF2F|14856435|LW2DYB-GF11br
2026-08-23 06:19:51|8AA68EA66062E0828486888A8CE103F0601101332A05012A00011DC01F85EB51B81E1E40E992D6FF9B74B2FFA5743F005700280100000102390001DD01918A6A404B4C007B14AE47E17A84BFB81E85EB|14856435|LW2DYB-GF11br
2026-08-23 06:19:51|8AA68EA66062E0828486888A8CE103F0611101332B0501390003C951B89EBF7B14AE47E17A943F2D431CEBE2361ABF2D431CEBE2362ABF2D431CEBE2362A3F000000000000F03F6EA301BC0512A4BF2F|14854869|DIYSATELLITE-GF05ug
2026-08-23 06:19:51|8AA68EA66062E0828486888A8CE103F0601101332A05012A00011DC01F85EB51B81E1E40E992D6FF9B74B2FFA5743F005700280100000102390001DD01918A6A404B4C007B14AE47E17A84BFB81E85EB|14854869|DIYSATELLITE-GF05ug
2026-08-23 06:19:50|8AA68EA66062E0828486888A8CE103F05F1101332905012A0001523D0AD72329C0DFE00B93A982C93F2141F163CC5DE3BFD3DEE00B93A9E83F48E17A14AE87614000000000000000003333333333C358|14856435|LW2DYB-GF11br
2026-08-23 06:19:50|8AA68EA66062E0828486888A8CE103F05E1101332805012A000187000000004041C052B81E85EB514DC00000000000588040000000000000000000000000C3F5285C8F422BC00AD7A3703D0A1140A470|14856435|LW2DYB-GF11br
2026-08-23 06:19:50|8AA68EA66062E0828486888A8CE103F05E1101332805012A000187000000004041C052B81E85EB514DC00000000000588040000000000000000000000000C3F5285C8F422BC00AD7A3703D0A1140A470|14854869|DIYSATELLITE-GF05ug
2026-08-23 06:19:50|8AA68EA66062E0828486888A8CE103F05F1101332905012A0001523D0AD72329C0DFE00B93A982C93F2141F163CC5DE3BFD3DEE00B93A9E83F48E17A14AE87614000000000000000003333333333C358|14854869|DIYSATELLITE-GF05ug
2026-08-23 06:19:49|8AA68EA66062E0828486888A8CE103F05D1101332705011D00010317000021000107010DFFFF0605002A0001AA01918A6A404B4C0079CB550026580B00CB30C4FF1CF031F9E0E7F6285C8FC25541C000|14856435|LW2DYB-GF11br
2026-08-23 06:19:49|8AA68EA66062E0828486888A8CE103F05C1101332605011D0001384503000070170000DF13000000000000010000007017000000000000000000000000000070170000030D0000FB020000410A000070|14856435|LW2DYB-GF11br
2026-08-23 06:19:49|8AA68EA66062E0828486888A8CE103F05D1101332705011D00010317000021000107010DFFFF0605002A0001AA01918A6A404B4C0079CB550026580B00CB30C4FF1CF031F9E0E7F6285C8FC25541C000|14854869|DIYSATELLITE-GF05ug
2026-08-23 06:19:49|8AA68EA66062E0828486888A8CE103F05C1101332605011D0001384503000070170000DF13000000000000010000007017000000000000000000000000000070170000030D0000FB020000410A000070|14854869|DIYSATELLITE-GF05ug
2026-08-23 06:19:48|8AA68EA66062E0828486888A8CE103F05B110133250501090000090000000000000000001D000160D53D0000033E00005300000025050000562F000000000000FA00000070170000C013000091000000|14856435|LW2DYB-GF11br
2026-08-23 06:19:48|8AA68EA66062E0828486888A8CE103F05A1101332405010700010A0100000100000183FF0008000116305C6A000C00000D000000000100000100000145FF000900001600000000000000000000000000|14856435|LW2DYB-GF11br
2026-08-23 06:19:48|8AA68EA66062E0828486888A8CE103F05A1101332405010700010A0100000100000183FF0008000116305C6A000C00000D000000000100000100000145FF000900001600000000000000000000000000|14854869|DIYSATELLITE-GF05ug
2026-08-23 06:19:48|8AA68EA66062E0828486888A8CE103F05B110133250501090000090000000000000000001D000160D53D0000033E00005300000025050000562F000000000000FA00000070170000C013000091000000|14854869|DIYSATELLITE-GF05ug
2026-08-23 06:19:47|8AA68EA66062E0828486888A8CE103F0591101332305010100010B055AFE210001001000000006000116CA5B6A000C00000E0000000001000001000001A4FF0007000116335C6A000C00000D00000000|14856435|LW2DYB-GF11br
2026-08-23 06:19:47|8AA68EA66062E0828486888A8CE103F0591101332305010100010B055AFE210001001000000006000116CA5B6A000C00000E0000000001000001000001A4FF0007000116335C6A000C00000D00000000|14854869|DIYSATELLITE-GF05ug
2026-08-23 06:19:31|8AA68EA66062E0828486888A8CE103F0581101834332A9E703000000000000000000000051030000000000000000000000000000000000000000000000000000|14856435|LW2DYB-GF11br
2026-08-23 06:19:31|8AA68EA66062E0828486888A8CE103F0571101824332A9AD6A000C010000080000008882C7F62400000000003B3F00000000000000000000|14856435|LW2DYB-GF11br
2026-08-23 06:19:31|8AA68EA66062E0828486888A8CE103F0581101834332A9E703000000000000000000000051030000000000000000000000000000000000000000000000000000|14854869|DIYSATELLITE-GF05ug
2026-08-23 06:19:31|8AA68EA66062E0828486888A8CE103F056110180456E6475726F736174|14854869|DIYSATELLITE-GF05ug
2026-08-23 06:19:31|8AA68EA66062E0828486888A8CE103F0571101824332A9AD6A000C010000080000008882C7F62400000000003B3F00000000000000000000|14854869|DIYSATELLITE-GF05ug
2026-08-23 06:19:30|8AA68EA66062E0828486888A8CE103F056110180456E6475726F736174|14856435|LW2DYB-GF11br
2026-08-23 06:18:56|8AA68EA66062E0828486888A8CE103F0541101332105015E00010501000048005F000110720F740FFFFFFFFFFFFFFFFF720F720F6000010F0000000000000000000000000000006200010F0000000000|14854869|DIYSATELLITE-GF05ug
2026-08-23 06:18:56|8AA68EA66062E0828486888A8CE103F0551101332205016200010A000000000000000000006400010F000000000000000000000000000000|14856435|LW2DYB-GF11br
2026-08-23 06:18:56|8AA68EA66062E0828486888A8CE103F0541101332105015E00010501000048005F000110720F740FFFFFFFFFFFFFFFFF720F720F6000010F0000000000000000000000000000006200010F0000000000|14856435|LW2DYB-GF11br
2026-08-23 06:18:56|8AA68EA66062E0828486888A8CE103F0551101332205016200010A000000000000000000006400010F000000000000000000000000000000|14854869|DIYSATELLITE-GF05ug
2026-08-23 06:18:55|8AA68EA66062E0828486888A8CE103F0521101331F050146000112000000000000191919000002010113C921784E00032C00000000000000000000000000000000000000000000000000000000000000|14854869|DIYSATELLITE-GF05ug
2026-08-23 06:18:55|8AA68EA66062E0828486888A8CE103F0531101332005014E00030D000000000000000000000000005900010DFEFFFFFF0F3E46FE1E460000035B0001080F3E46FE1318B8005D000106E13CE3017000|14856435|LW2DYB-GF11br
2026-08-23 06:18:55|8AA68EA66062E0828486888A8CE103F0521101331F050146000112000000000000191919000002010113C921784E00032C00000000000000000000000000000000000000000000000000000000000000|14856435|LW2DYB-GF11br
2026-08-23 06:18:55|8AA68EA66062E0828486888A8CE103F0531101332005014E00030D000000000000000000000000005900010DFEFFFFFF0F3E46FE1E460000035B0001080F3E46FE1318B8005D000106E13CE3017000|14854869|DIYSATELLITE-GF05ug
2026-08-23 06:18:54|8AA68EA66062E0828486888A8CE103F0511101331E050146000147000000080000004FBAD357CDB3AAC09616AA9B1133A340798BEE94EC13B9C0F304663D8F7E963D415B503D00000000000000000000|14856435|LW2DYB-GF11br
2026-08-23 06:18:54|8AA68EA66062E0828486888A8CE103F0501101331D05014600017C48000002CF44FA430000000010000000476E309865EE4741859C9D0A160553C15EF8B096ED524BC133DA6D40C2E8A54021C45C4000|14856435|LW2DYB-GF11br
2026-08-23 06:18:54|8AA68EA66062E0828486888A8CE103F0511101331E050146000147000000080000004FBAD357CDB3AAC09616AA9B1133A340798BEE94EC13B9C0F304663D8F7E963D415B503D00000000000000000000|14854869|DIYSATELLITE-GF05ug
2026-08-23 06:18:54|8AA68EA66062E0828486888A8CE103F0501101331D05014600017C48000002CF44FA430000000010000000476E309865EE4741859C9D0A160553C15EF8B096ED524BC133DA6D40C2E8A54021C45C4000|14854869|DIYSATELLITE-GF05ug
2026-08-23 06:18:53|8AA68EA66062E0828486888A8CE103F04E1101331B05013900032A3FFCA9F1D24D62603F7B14AE47E17A743F000000000000000000000000000000000000000000000000063A000324C3908A6A404ABE|14854869|DIYSATELLITE-GF05ug
2026-08-23 06:18:53|8AA68EA66062E0828486888A8CE103F04F1101331C05013A00011D2F4408C33ACB990ABA511CD738EBFF7F3F41F297BCE24F4C3AA9ED753B46000190AA44121CF100002070000000B2B4810918275B01|14856435|LW2DYB-GF11br
2026-08-23 06:18:53|8AA68EA66062E0828486888A8CE103F04E1101331B05013900032A3FFCA9F1D24D62603F7B14AE47E17A743F000000000000000000000000000000000000000000000000063A000324C3908A6A404ABE|14856435|LW2DYB-GF11br
2026-08-23 06:18:53|8AA68EA66062E0828486888A8CE103F04F1101331C05013A00011D2F4408C33ACB990ABA511CD738EBFF7F3F41F297BCE24F4C3AA9ED753B46000190AA44121CF100002070000000B2B4810918275B01|14854869|DIYSATELLITE-GF05ug
2026-08-23 06:18:52|8AA68EA66062E0828486888A8CE103F04D1101331A05013900035FA9BF0000000000000000281B2B3340B3A2B1425212B2DF718A8EE4F27F3F623255302AA9333F4850FC1873D782BFFA7E6ABC749378|14856435|LW2DYB-GF11br
2026-08-23 06:18:52|8AA68EA66062E0828486888A8CE103F04C11013319050139000394D85F764F1E66BFDBF97E6ABC7493BF7B14AE47E17A84BF7B14AE47E17A843F00000000000000007B14AE47E17A84BF9A9999999999|14856435|LW2DYB-GF11br
2026-08-23 06:18:52|8AA68EA66062E0828486888A8CE103F04C11013319050139000394D85F764F1E66BFDBF97E6ABC7493BF7B14AE47E17A84BF7B14AE47E17A843F00000000000000007B14AE47E17A84BF9A9999999999|14854869|DIYSATELLITE-GF05ug
2026-08-23 06:18:52|8AA68EA66062E0828486888A8CE103F04D1101331A05013900035FA9BF0000000000000000281B2B3340B3A2B1425212B2DF718A8EE4F27F3F623255302AA9333F4850FC1873D782BFFA7E6ABC749378|14854869|DIYSATELLITE-GF05ug
2026-08-23 06:18:51|8AA68EA66062E0828486888A8CE103F04B110133180501390003C9E17A84BF0000000000000000623255302AA9333F2D431CEBE2361ABF0000000000000000000000000000F03FA54E401361C3A3BFAE|14854869|DIYSATELLITE-GF05ug
2026-08-23 06:18:51|8AA68EA66062E0828486888A8CE103F04B110133180501390003C9E17A84BF0000000000000000623255302AA9333F2D431CEBE2361ABF0000000000000000000000000000F03FA54E401361C3A3BFAE|14856435|LW2DYB-GF11br
2026-08-23 06:18:51|8AA68EA66062E0828486888A8CE103F04A1101331705012A00031DC07B14AE47E17A20403055D9FF4AB6B2FFB86F3C001900280100000102390003DDC3908A6A404ABE2F7B14AE47E17AA43F7B14AE47|14856435|LW2DYB-GF11br
2026-08-23 06:18:51|8AA68EA66062E0828486888A8CE103F04A1101331705012A00031DC07B14AE47E17A20403055D9FF4AB6B2FFB86F3C001900280100000102390003DDC3908A6A404ABE2F7B14AE47E17AA43F7B14AE47|14854869|DIYSATELLITE-GF05ug
2026-08-23 06:18:50|8AA68EA66062E0828486888A8CE103F0491101331605012A0003520000000027C0AF25E4839ECDC23F2141F163CC5DE3BF287E8CB96B09E93F713D0AD7A3A8614000000000000000000AD7A3703DAA58|14856435|LW2DYB-GF11br
2026-08-23 06:18:50|8AA68EA66062E0828486888A8CE103F0481101331505012A00018747E17A14AE3EC0F6285C8FC2D54CC0CDCCCCCCCC4A80400000000000000000000000000000000000802BC07B14AE47E17A13400000|14856435|LW2DYB-GF11br
2026-08-23 06:18:50|8AA68EA66062E0828486888A8CE103F0491101331605012A0003520000000027C0AF25E4839ECDC23F2141F163CC5DE3BF287E8CB96B09E93F713D0AD7A3A8614000000000000000000AD7A3703DAA58|14854869|DIYSATELLITE-GF05ug
2026-08-23 06:18:50|8AA68EA66062E0828486888A8CE103F0481101331505012A00018747E17A14AE3EC0F6285C8FC2D54CC0CDCCCCCCCC4A80400000000000000000000000000000000000802BC07B14AE47E17A13400000|14854869|DIYSATELLITE-GF05ug
2026-08-23 06:18:49|8AA68EA66062E0828486888A8CE103F0471101331405011D00010317000021000107010DFFFF0605002A0001AAC3908A6A404ABE2F84655900F3F10C005517CAFFC7F16DF9CAE6D7A3703D0AD73EC0AE|14856435|LW2DYB-GF11br
2026-08-23 06:18:49|8AA68EA66062E0828486888A8CE103F0461101331305011D0001384503000070170000DF13000000000000010000007017000000000000000000000000000070170000030D0000F8020000410A000070|14856435|LW2DYB-GF11br
2026-08-23 06:18:49|8AA68EA66062E0828486888A8CE103F0471101331405011D00010317000021000107010DFFFF0605002A0001AAC3908A6A404ABE2F84655900F3F10C005517CAFFC7F16DF9CAE6D7A3703D0AD73EC0AE|14854869|DIYSATELLITE-GF05ug
2026-08-23 06:18:49|8AA68EA66062E0828486888A8CE103F0461101331305011D0001384503000070170000DF13000000000000010000007017000000000000000000000000000070170000030D0000F8020000410A000070|14854869|DIYSATELLITE-GF05ug
2026-08-23 06:18:48|8AA68EA66062E0828486888A8CE103F0441101331105010700010A0100000100000183FF0008000116F85B6A000C00000D000000000100000100000149FF000900001600000000000000000000000000|14854869|DIYSATELLITE-GF05ug
2026-08-23 06:18:48|8AA68EA66062E0828486888A8CE103F045110133120501090000090000000000000000001D000160DE3D0000153E00005300000027050000532F000000000000FA00000070170000C013000091000000|14856435|LW2DYB-GF11br
2026-08-23 06:18:48|8AA68EA66062E0828486888A8CE103F0441101331105010700010A0100000100000183FF0008000116F85B6A000C00000D000000000100000100000149FF000900001600000000000000000000000000|14856435|LW2DYB-GF11br
2026-08-23 06:18:48|8AA68EA66062E0828486888A8CE103F045110133120501090000090000000000000000001D000160DE3D0000153E00005300000027050000532F000000000000FA00000070170000C013000091000000|14854869|DIYSATELLITE-GF05ug
2026-08-23 06:18:47|8AA68EA66062E0828486888A8CE103F0431101331005010100010B051EFE2100010010000000060001168E5B6A000C00000E0000000001000001000001AEFF0007000116F75B6A000D00000E00000000|14856435|LW2DYB-GF11br
2026-08-23 06:18:47|8AA68EA66062E0828486888A8CE103F0431101331005010100010B051EFE2100010010000000060001168E5B6A000C00000E0000000001000001000001AEFF0007000116F75B6A000D00000E00000000|14854869|DIYSATELLITE-GF05ug
2026-08-23 06:18:31|8AA68EA66062E0828486888A8CE103F04111018243326DAD6A000E010000080000008882B1F62400000000003B3F00000000000000000000|14854869|DIYSATELLITE-GF05ug
2026-08-23 06:18:31|8AA68EA66062E0828486888A8CE103F0421101834332A9E703000000000000000000000051030000000000000000000000000000000000000000000000000000|14856435|LW2DYB-GF11br
2026-08-23 06:18:31|8AA68EA66062E0828486888A8CE103F04111018243326DAD6A000E010000080000008882B1F62400000000003B3F00000000000000000000|14856435|LW2DYB-GF11br
2026-08-23 06:18:30|8AA68EA66062E0828486888A8CE103F040110180456E6475726F736174|14854869|DIYSATELLITE-GF05ug
2026-08-23 06:18:30|8AA68EA66062E0828486888A8CE103F040110180456E6475726F736174|14856435|LW2DYB-GF11br
2026-08-23 06:17:56|8AA68EA66062E0828486888A8CE103F03F1101330F05016200010A000000000000000000006400010F000000000000000000000000000000|14856435|LW2DYB-GF11br
2026-08-23 06:17:56|8AA68EA66062E0828486888A8CE103F03E1101330E05015E00010501000048005F000110760F740FFFFFFFFFFFFFFFFF760F760F6000010F0000000000000000000000000000006200010F0000000000|14856435|LW2DYB-GF11br
2026-08-23 06:17:55|8AA68EA66062E0828486888A8CE103F03D1101330D05014E00030D000000000000000000000000005900010DFEFFFFFF173E45FE25460000035B000108163E45FE1E18B9005D000106D23CE3017000|14856435|LW2DYB-GF11br
2026-08-23 06:17:55|8AA68EA66062E0828486888A8CE103F03C1101330C0501460001120000000000001A1A1A00000201017891B41B4E00032C00000000000000000000000000000000000000000000000000000000000000|14856435|LW2DYB-GF11br
2026-08-23 06:17:54|8AA68EA66062E0828486888A8CE103F03B1101330B05014600014700000008000000AA675F9B2A05A9C006814CC69D1AA040CF9A8372EE0BBAC00568823D038EAB3DA0084A3D00000000000000000000|14856435|LW2DYB-GF11br
2026-08-23 06:17:54|8AA68EA66062E0828486888A8CE103F03A1101330A05014600017C48000002CF44FA4300000000100000001075718652724941C7173C015C8953C12FCBF6A6965348C1E4047E40DB5FB140A495594000|14856435|LW2DYB-GF11br
2026-08-23 06:17:53|8AA68EA66062E0828486888A8CE103F0391101330905013A00011D23C048933A77FBF1B9774A99B7F4FF7F3FB0031CBC692D843A523B843B46000190AA44121CF100002070000000AFB48109B83C5A01|14856435|LW2DYB-GF11br
2026-08-23 06:17:53|8AA68EA66062E0828486888A8CE103F0381101330805013900012A3FFCA9F1D24D62603FFCA9F1D24D62703F000000000000000000000000000000000000000000000000063A0001248F908A6A4088D2|14856435|LW2DYB-GF11br
2026-08-23 06:17:52|8AA68EA66062E0828486888A8CE103F0371101330705013900015FAEBF0000000000000000D9076D33434C1DB2EE8B34B207F0164850FC883F93CB7F48BF7D6DBFF8C264AA605492BFFA7E6ABC749378|14856435|LW2DYB-GF11br
2026-08-23 06:17:52|8AA68EA66062E0828486888A8CE103F036110133060501390003949C11A5BDC167BF623255302AA993BF0000000000000000000000000000000000000000000000000000000000000000B81E85EB51B8|14856435|LW2DYB-GF11br
2026-08-23 06:17:51|8AA68EA66062E0828486888A8CE103F035110133050501390003C9E17AA4BF7B14AE47E17A843F2D431CEBE2363A3F2D431CEBE2363ABF2D431CEBE2361A3F000000000000F03F98DD9387855AA3BFE1|14856435|LW2DYB-GF11br
2026-08-23 06:17:51|8AA68EA66062E0828486888A8CE103F0341101330405012A00031DC048E17A14AEC72140AC4FDCFF63F8B2FFC2993900C4036A0000000102390003DD86908A6A4088D2239A9999999999A93F7B14AE47|14856435|LW2DYB-GF11br
2026-08-23 06:17:50|8AA68EA66062E0828486888A8CE103F0331101330305012A00035214AE47E124C089635DDC4603B83F2141F163CC5DE3BFB39DEFA7C64BE93F48E17A14AEBF6140000000000000000067666666669658|14856435|LW2DYB-GF11br
2026-08-23 06:17:50|8AA68EA66062E0828486888A8CE103F0321101330205012A0003878FC2F528DC3AC0C3F5285C8F624CC000000000003E804000000000000000000000000090C2F5285C0F2CC0F6285C8FC2F51540E17A|14856435|LW2DYB-GF11br
2026-08-23 06:17:49|8AA68EA66062E0828486888A8CE103F0311101330105011D00010317000021000107010DFFFF0605002A0003AA86908A6A4088D2234B975C00A47C0E00C83CD0FF83F3B0F9D1E50000000000003BC05C|14856435|LW2DYB-GF11br
2026-08-23 06:17:49|8AA68EA66062E0828486888A8CE103F0301101330005011D0001384503000070170000DF13000000000000010000007017000000000000000000000000000070170000040D000015030000660A000070|14856435|LW2DYB-GF11br
2026-08-23 06:17:48|8AA68EA66062E0828486888A8CE103F02F110133FF0501090000090000000000000000001D000160E73D0000153E00005B000000A6050000582F000000000000E100000070170000C113000091000000|14856435|LW2DYB-GF11br
2026-08-23 06:17:48|8AA68EA66062E0828486888A8CE103F02E110133FE05010700010A0100000100000190FF0008000116BC5B6A000C00000C00000000010000010000014CFF000900001600000000000000000000000000|14856435|LW2DYB-GF11br
2026-08-23 06:17:47|8AA68EA66062E0828486888A8CE103F02D110133FD05010100010B05E2FD210001001000000006000116565B6A000C00000E0000000001000001000001B8FF0007000116BF5B6A000D00000D00000000|14856435|LW2DYB-GF11br
2026-08-23 06:17:31|8AA68EA66062E0828486888A8CE103F02C1101834332A9E703000000000000000000000051030000000000000000000000000000000000000000000000000000|14856435|LW2DYB-GF11br
2026-08-23 06:17:30|8AA68EA66062E0828486888A8CE103F02B110182433231AD6A00130100000800000088829BF62400000000003B3F00000000000000000000|14856435|LW2DYB-GF11br
2026-08-23 06:17:30|8AA68EA66062E0828486888A8CE103F02A110180456E6475726F736174|14856435|LW2DYB-GF11br
2026-08-23 02:49:56|8AA68EA66062E0828486888A8CE103F0711101339F05016200010A000000000000000000006400010F010300C071321E13079A01D03EB649|14857775|EA4TA-IN80ck
2026-08-23 02:49:55|8AA68EA66062E0828486888A8CE103F0701101339E05015E00010501000040005F000110AD0FAB0FFFFFFFFFFFFFFFFFAD0FA90F6000010F0000000000000000000000000000006200010F0000000000|14857775|EA4TA-IN80ck
2026-08-23 02:49:55|8AA68EA66062E0828486888A8CE103F06F1101339D05014E00030D000000000000000000000000005900010DFEFFFFFFDA3EFBFF71470000035B000108DA3EFBFFE802C6005D000106A53D00008100|14857775|EA4TA-IN80ck
2026-08-23 02:49:55|8AA68EA66062E0828486888A8CE103F06E1101339C050146000112000000C021440000000000000000EED216B44E00032C00000000000000000000000000000000000000000000000000000000000000|14857775|EA4TA-IN80ck
2026-08-23 02:49:54|8AA68EA66062E0828486888A8CE103F06D1101339B050146000147000000000000005BFF8977A9C4BD40B038C9778C8F4340A3EB64809F5F8DC0E8E4EC3FFA15504013C59D3E00000000000000000000|14857775|EA4TA-IN80ck
2026-08-23 02:49:54|8AA68EA66062E0828486888A8CE103F06C1101339A05014600017C48004802CF44FA43010000000000000064034A49386729419DD934C790D12B41D769B24742CD594161A79743EDA90844F8930F4201|14857775|EA4TA-IN80ck
2026-08-23 02:49:53|8AA68EA66062E0828486888A8CE103F06B1101339905013A00011D239725D23E022BA33A1DAD4B3FC122E43E6BF1863D82AEBDBDA9CD92BC46000190AA44121CF100002070000000B4828109B8CE9B00|14857775|EA4TA-IN80ck
2026-08-23 02:49:53|8AA68EA66062E0828486888A8CE103F06A1101339805013900012A3F7B14AE47E17A743FFCA9F1D24D62603F000000000000000000000000000000000000000000000000063A000124CE5F8A6A4088D2|14857775|EA4TA-IN80ck
2026-08-23 02:49:52|8AA68EA66062E0828486888A8CE103F0691101339705013900015FA9BF7B14AE47E17A843F53FF04337E34253298CDCEB2168C4AEA043471BF1461C3D32B65793F6EA301BC051274BFFA7E6ABC749378|14857775|EA4TA-IN80ck
2026-08-23 02:49:52|8AA68EA66062E0828486888A8CE103F06811013396050139000194EC9E3C2CD48ABFFC3A70CE88D29EBFEC51B81E85EBB13F0AD7A3703D0AB7BF7B14AE47E17A94BF7B14AE47E17A943F9A9999999999|14857775|EA4TA-IN80ck
2026-08-23 02:49:51|8AA68EA66062E0828486888A8CE103F067110133950501390001C9144E46407B14AE47E14A60404FD1915CFE43DA3F623255302AA9533FBE5296218E75E93F143FC6DCB584DC3F81B74082E2C7A8BFC0|14857775|EA4TA-IN80ck
2026-08-23 02:49:50|8AA68EA66062E0828486888A8CE103F0661101339405012A00011DC085EB51B81E453340BB6B41000D60FEFFDBF52000EE02FA0000000002390001DDC95F8A6A40C6E617D7A3703D0A17354067666666|14857775|EA4TA-IN80ck
2026-08-23 02:49:50|8AA68EA66062E0828486888A8CE103F0651101339305012A000152F5285CCF3E402DD49AE61DA7E6BF5C8FC2F5285CE3BFC364AA605452D73FA4703D0AD7C35B40000000000000000090C2F5285CFF58|14857775|EA4TA-IN80ck
2026-08-23 02:49:49|8AA68EA66062E0828486888A8CE103F0641101339205012A000187A3703D0AF74440295C8FC2F5281740F6285C8FC20380400000000000000000000000005C8FC2F5285C33C03E0AD7A3703D064090C2|14857775|EA4TA-IN80ck
2026-08-23 02:49:49|8AA68EA66062E0828486888A8CE103F0631101339105011D00010317000021000107010DFFFF0605002A0001AAC95F8A6A4004FB0B4BE749008AD4190064F745002814940133EAAE47E17A140E4540D7|14857775|EA4TA-IN80ck
2026-08-23 02:49:49|8AA68EA66062E0828486888A8CE103F0621101339005011D0001384503000070170000DF13000000000000020000007017000000000000000000000000000070170000020D000043030000220B000070|14857775|EA4TA-IN80ck
2026-08-23 02:49:48|8AA68EA66062E0828486888A8CE103F0611101338F0501090000090000000000000000001D000160D53E0000FA3E00004C000000C9040000582F000000000000FA00000070170000C013000093000000|14857775|EA4TA-IN80ck
2026-08-23 02:49:47|8AA68EA66062E0828486888A8CE103F0601101338E05010700010A01000001000001ABFF00080001162E2B6A001000000D0000000001000001000001C6FF000900001600000000000000000000000000|14857775|EA4TA-IN80ck
2026-08-23 02:49:47|8AA68EA66062E0828486888A8CE103F05F1101338D05010100010B0522CD210001001000000006000116C82A6A00C909000F0000000001000001000001A3020007000116302B6A000D00000E00000000|14857775|EA4TA-IN80ck
2026-08-23 02:49:15|8AA68EA66062E0828486888A8CE103F05E1101834332A9E703000000000000000000000051030000000000000000000000000000000000000000000000000000|14857775|EA4TA-IN80ck
2026-08-23 02:49:15|8AA68EA66062E0828486888A8CE103F05D11018243326E7C6A0027010000080000008882CDE42400000000002F3F00000000000000000000|14857775|EA4TA-IN80ck
2026-08-23 02:49:15|8AA68EA66062E0828486888A8CE103F05C110180456E6475726F736174|14857775|EA4TA-IN80ck
2026-08-23 02:48:54|8AA68EA66062E0828486888A8CE103F05711013388050146000147000000000000005BFF8977A9C4BD40B038C9778C8F4340A3EB64809F5F8DC0E8E4EC3FFA15504013C59D3E00000000000000000000|14857775|EA4TA-IN80ck
2026-08-23 02:48:52|8AA68EA66062E0828486888A8CE103F0541101338505013900012A3F7B14AE47E17A743FFA7E6ABC7493683F000000000000000000000000000000000000000000000000063A000124915F8A6A4088D2|14856449|DL4PD-JO30cs
2026-08-23 02:48:51|8AA68EA66062E0828486888A8CE103F0501101338105012A00011DC0A4703D0AD7233440C8C745004AC4FEFFF5272500EE02FA0000000002390001DD915F8A6A4088D2237B14AE47E13A324052B81E85|14856449|DL4PD-JO30cs
2026-08-23 02:48:49|8AA68EA66062E0828486888A8CE103F04C1101337D05011D0001385E03000070170000DF13000000000000010000007017000000000000000000000000000070170000020D000039030000470B000070|14856449|DL4PD-JO30cs
2026-08-23 02:48:49|8AA68EA66062E0828486888A8CE103F04D1101337E05011D00010317000021000107010DFFFF0605002A0001AA8C5F8A6A40420F004DEB4400C3641900A2034B008615120297EBF6285C8FC2F546401F|14856449|DL4PD-JO30cs
2026-08-23 02:48:48|8AA68EA66062E0828486888A8CE103F04B1101337C0501090000090000000000000000001D000160D53E0000033F0000530000003A050000512F000000000000FA00000070170000C013000093000000|14856449|DL4PD-JO30cs
2026-08-23 02:48:47|8AA68EA66062E0828486888A8CE103F0491101337A05010100010B05E6CC2100010010000000060001168B2A6A00C909000F00000000010000010000019E020007000116F42A6A000D00000D00000000|14856449|DL4PD-JO30cs
2026-08-23 02:48:15|8AA68EA66062E0828486888A8CE103F0471101824332327C6A0027010000080000008882B7E42400000000002F3F00000000000000000000|14856449|DL4PD-JO30cs
2026-08-23 02:48:15|8AA68EA66062E0828486888A8CE103F046110180456E6475726F736174|14856449|DL4PD-JO30cs
2026-08-23 02:48:15|8AA68EA66062E0828486888A8CE103F0481101834332A9E703000000000000000000000051030000000000000000000000000000000000000000000000000000|14856449|DL4PD-JO30cs
2026-08-23 02:47:56|8AA68EA66062E0828486888A8CE103F0451101337905016200010A000000000000000000006400010F01030062755A1E47070303023FDC46|14857775|EA4TA-IN80ck
2026-08-23 02:47:56|8AA68EA66062E0828486888A8CE103F0451101337905016200010A000000000000000000006400010F01030062755A1E47070303023FDC46|14856449|DL4PD-JO30cs
2026-08-23 02:47:56|8AA68EA66062E0828486888A8CE103F0441101337805015E00010501000040005F000110AB0FA90FFFFFFFFFFFFFFFFFAC0FA90F6000010F0000000000000000000000000000006200010F0000000000|14856449|DL4PD-JO30cs
2026-08-23 02:47:55|8AA68EA66062E0828486888A8CE103F0441101337805015E00010501000040005F000110AB0FA90FFFFFFFFFFFFFFFFFAC0FA90F6000010F0000000000000000000000000000006200010F0000000000|14857775|EA4TA-IN80ck
2026-08-23 02:47:55|8AA68EA66062E0828486888A8CE103F0431101337705014E00030D000000000000000000000000005900010DFEFFFFFFDA3E000016470000035B000108DA3E01005003C5005D000106A53D00007B00|14857775|EA4TA-IN80ck
2026-08-23 02:47:55|8AA68EA66062E0828486888A8CE103F04211013376050146000112000000C0034400000000000000008BB485EF4E00032C00000000000000000000000000000000000000000000000000000000000000|14857775|EA4TA-IN80ck
2026-08-23 02:47:55|8AA68EA66062E0828486888A8CE103F0431101337705014E00030D000000000000000000000000005900010DFEFFFFFFDA3E000016470000035B000108DA3E01005003C5005D000106A53D00007B00|14856449|DL4PD-JO30cs
2026-08-23 02:47:55|8AA68EA66062E0828486888A8CE103F04211013376050146000112000000C0034400000000000000008BB485EF4E00032C00000000000000000000000000000000000000000000000000000000000000|14856449|DL4PD-JO30cs
2026-08-23 02:47:54|8AA68EA66062E0828486888A8CE103F04111013375050146000147000000000000005BFF8977A9C4BD40B038C9778C8F4340A3EB64809F5F8DC0E8E4EC3FFA15504013C59D3E00000000000000000000|14857775|EA4TA-IN80ck
2026-08-23 02:47:54|8AA68EA66062E0828486888A8CE103F0401101337405014600017C48004802CF44FA43010000000000000064034A49386729419DD934C790D12B41D769B24742CD594161A79743EDA90844F8930F4201|14857775|EA4TA-IN80ck
2026-08-23 02:47:54|8AA68EA66062E0828486888A8CE103F04111013375050146000147000000000000005BFF8977A9C4BD40B038C9778C8F4340A3EB64809F5F8DC0E8E4EC3FFA15504013C59D3E00000000000000000000|14856449|DL4PD-JO30cs
2026-08-23 02:47:53|8AA68EA66062E0828486888A8CE103F0401101337405014600017C48004802CF44FA43010000000000000064034A49386729419DD934C790D12B41D769B24742CD594161A79743EDA90844F8930F4201|14856449|DL4PD-JO30cs
2026-08-23 02:47:53|8AA68EA66062E0828486888A8CE103F03F1101337305013A00011D17582E993E3097083B6C18583FEFCAE33E2F064C3D3DAACEBD9DCC96BC46000190AA44121CF100002070000000B7828109F8F99900|14856449|DL4PD-JO30cs
2026-08-23 02:47:53|8AA68EA66062E0828486888A8CE103F03E1101337205013900012A3FFCA9F1D24D62703F7B14AE47E17A743F000000000000000000000000000000000000000000000000063A000124545F8A6A40C6E6|14856449|DL4PD-JO30cs
2026-08-23 02:47:52|8AA68EA66062E0828486888A8CE103F03E1101337205013900012A3FFCA9F1D24D62703F7B14AE47E17A743F000000000000000000000000000000000000000000000000063A000124545F8A6A40C6E6|14857775|EA4TA-IN80ck
2026-08-23 02:47:52|8AA68EA66062E0828486888A8CE103F03D1101337105013900015FAEBF0000000000000000D3B3B1331FC9B53148BABEB393CB7F48BF7D5DBF4850FC1873D7723F2F6EA301BC0562BFFA7E6ABC749378|14857775|EA4TA-IN80ck
2026-08-23 02:47:52|8AA68EA66062E0828486888A8CE103F03C1101337005013900019461C3D32B6589BF8FE4F21FD26F9FBF9A9999999999A93F9A9999999999B9BF7B14AE47E17A94BF0000000000000000B81E85EB51B8|14857775|EA4TA-IN80ck
2026-08-23 02:47:52|8AA68EA66062E0828486888A8CE103F03C1101337005013900019461C3D32B6589BF8FE4F21FD26F9FBF9A9999999999A93F9A9999999999B9BF7B14AE47E17A94BF0000000000000000B81E85EB51B8|14856449|DL4PD-JO30cs
2026-08-23 02:47:52|8AA68EA66062E0828486888A8CE103F03D1101337105013900015FAEBF0000000000000000D3B3B1331FC9B53148BABEB393CB7F48BF7D5DBF4850FC1873D7723F2F6EA301BC0562BFFA7E6ABC749378|14856449|DL4PD-JO30cs
2026-08-23 02:47:51|8AA68EA66062E0828486888A8CE103F03B1101336F0501390001C933B33F40B81E85EB5118604012A5BDC11726D33F168C4AEA0434613F18B7D100DE02EB3FB7627FD93D79DC3F1461C3D32B65A9BF14|14857775|EA4TA-IN80ck
2026-08-23 02:47:51|8AA68EA66062E0828486888A8CE103F03A1101336E05012A00011DC0B81E85EB51383540EA3F4A003132FFFFD50F2A00EE02FA0000000002390001DD545F8A6A40C6E617F6285C8FC2752E4033333333|14857775|EA4TA-IN80ck
2026-08-23 02:47:51|8AA68EA66062E0828486888A8CE103F03B1101336F0501390001C933B33F40B81E85EB5118604012A5BDC11726D33F168C4AEA0434613F18B7D100DE02EB3FB7627FD93D79DC3F1461C3D32B65A9BF14|14856449|DL4PD-JO30cs
2026-08-23 02:47:50|8AA68EA66062E0828486888A8CE103F0381101336C05012A0001878FC2F5289C484085EB51B81E8520400AD7A3703D0E80400000000000000000000000000AD7A3703D4A30C052B81E85EB5104403333|14856449|DL4PD-JO30cs
2026-08-23 02:47:50|8AA68EA66062E0828486888A8CE103F03A1101336E05012A00011DC0B81E85EB51383540EA3F4A003132FFFFD50F2A00EE02FA0000000002390001DD545F8A6A40C6E617F6285C8FC2752E4033333333|14856449|DL4PD-JO30cs
2026-08-23 02:47:49|8AA68EA66062E0828486888A8CE103F0381101336C05012A0001878FC2F5289C484085EB51B81E8520400AD7A3703D0E80400000000000000000000000000AD7A3703D4A30C052B81E85EB5104403333|14857775|EA4TA-IN80ck
2026-08-23 02:47:49|8AA68EA66062E0828486888A8CE103F0371101336B05011D00010317000021000107010DFFFF0605002A0001AA545F8A6A804F470C8C194000F2E418002B514F00AF168202F1EC52B81E85EBB148405C|14856449|DL4PD-JO30cs
2026-08-23 02:47:48|8AA68EA66062E0828486888A8CE103F0361101336A05011D0001385E03000070170000DF13000000000000010000007017000000000000000000000000000070170000000D00002F030000220B000070|14856449|DL4PD-JO30cs
2026-08-23 02:47:48|8AA68EA66062E0828486888A8CE103F035110133690501090000090000000000000000001D000160D53E0000FA3E00005A000000AA050000582F000000000000FA00000070170000C013000093000000|14856449|DL4PD-JO30cs
2026-08-23 02:47:47|8AA68EA66062E0828486888A8CE103F0341101336805010700010A01000001000001B3FF0008000116B52A6A001100000D0000000001000001000001C6FF000900001600000000000000000000000000|14857775|EA4TA-IN80ck
2026-08-23 02:47:47|8AA68EA66062E0828486888A8CE103F0331101336705010100010B05AACC2100010010000000060001164F2A6A00C909000F0000000001000001000001A0020007000116B72A6A000D00000D00000000|14857775|EA4TA-IN80ck
2026-08-23 02:46:48|8AA68EA66062E0828486888A8CE103F01F110133560501090000090000000000000000001D000160D53E0000033F00005B000000BB050000532F000000000000FA00000070170000C113000092000000|14854891|LA4TSA-400MHz-JO59jw
2026-08-23 02:46:15|8AA68EA66062E0828486888A8CE103F01C1101834332A9E703000000000000000000000051030000000000000000000000000000000000000000000000000000|14854891|LA4TSA-400MHz-JO59jw
2026-08-23 02:46:14|8AA68EA66062E0828486888A8CE103F01B1101824332BA7B6A00270100000800000088828BE42400000000002F3F00000000000000000000|14854891|LA4TSA-400MHz-JO59jw
2026-08-23 02:46:14|8AA68EA66062E0828486888A8CE103F01A110180456E6475726F736174|14854891|LA4TSA-400MHz-JO59jw
2026-08-23 02:45:56|8AA68EA66062E0828486888A8CE103F0191101335305016200010A000000000000000000006400010F010300DCB99C368F0B8D01D03E104A|14854891|LA4TSA-400MHz-JO59jw
2026-08-23 02:45:55|8AA68EA66062E0828486888A8CE103F0181101335205015E00010501000040005F000110AD0FA90FFFFFFFFFFFFFFFFFAC0FAC0F6000010F0000000000000000000000000000006200010F0000000000|14854891|LA4TSA-400MHz-JO59jw
2026-08-23 02:45:55|8AA68EA66062E0828486888A8CE103F0171101335105014E00030D000000000000000000000000005900010DFEFFFFFFDA3E0200B3460000035B000108DA3E01005303C4005D000106A53D00007B00|14854891|LA4TSA-400MHz-JO59jw
2026-08-23 02:45:54|8AA68EA66062E0828486888A8CE103F0161101335005014600011200000080CB430000000000000000C70D04B74E00032C00000000000000000000000000000000000000000000000000000000000000|14854891|LA4TSA-400MHz-JO59jw
2026-08-23 02:45:54|8AA68EA66062E0828486888A8CE103F0151101334F050146000147000000000000005BFF8977A9C4BD40B038C9778C8F4340A3EB64809F5F8DC0E8E4EC3FFA15504013C59D3E00000000000000000000|14854891|LA4TSA-400MHz-JO59jw
2026-08-23 02:45:53|8AA68EA66062E0828486888A8CE103F0141101334E05014600017C48804802CF44FA43010000000000000064034A49386729419DD934C790D12B41D769B24742CD594161A79743EDA90844F8930F4201|14854891|LA4TSA-400MHz-JO59jw
2026-08-23 02:45:52|8AA68EA66062E0828486888A8CE103F0131101334C05013900012A3FFA7E6ABC7493683F79E9263108AC7C3F000000000000000000000000000000000000000000000000063A000124DE5E8A6A404ABE|14854891|LA4TSA-400MHz-JO59jw
2026-08-23 02:45:52|8AA68EA66062E0828486888A8CE103F0121101334B05013900015FB1BF0000000000000000579F04341F595EB2C45E9AB393CB7F48BF7D5DBFE19C11A5BDC1673F2D431CEBE2362ABFFCA9F1D24D6270|14854891|LA4TSA-400MHz-JO59jw
2026-08-23 02:45:51|8AA68EA66062E0828486888A8CE103F0111101334A0501390001942B6519E25887BFB91E85EB51B89EBF7B14AE47E17AA43F9A9999999999B9BF7B14AE47E17A84BF7B14AE47E17A84BFEC51B81E85EB|14854891|LA4TSA-400MHz-JO59jw
2026-08-23 02:45:51|8AA68EA66062E0828486888A8CE103F010110133490501390003C951F83240C3F5285C8FF25F40A2D634EF3845C73F4850FC1873D7623F6FA301BC0512EC3F1E386744696FDC3F63EE5A423EE8A9BF4E|14854891|LA4TSA-400MHz-JO59jw
2026-08-23 02:45:50|8AA68EA66062E0828486888A8CE103F00F1101334805012A00011DC085EB51B81E053840FD2652009E0E00006BC63400EE02FA0000000002390001DDD95E8A6A40C6E6171F85EB51B81E2240B81E85EB|14854891|LA4TSA-400MHz-JO59jw
2026-08-23 02:45:50|8AA68EA66062E0828486888A8CE103F00E1101334705012A000152A3703D4A43405DFE43FAEDEBE8BF5C8FC2F5285CE3BF736891ED7C3FC53F52B81E85EBD158400000000000000000B81E85EB51E859|14854891|LA4TSA-400MHz-JO59jw
2026-08-23 02:45:49|8AA68EA66062E0828486888A8CE103F00D1101334605012A0001875C8FC2F5684C40AE47E17A142E2740E17A14AE47198040000000000000000000000000E17A14AE47612AC052B81E85EB5102400AD7|14854891|LA4TSA-400MHz-JO59jw
2026-08-23 02:45:49|8AA68EA66062E0828486888A8CE103F00C1101334505011D00010317000021000107010DFFFF0605002A0001AAD95E8A6A40C6E6175EA93400227717009FB35700ED18700329F03E0AD7A3707D4C4029|14854891|LA4TSA-400MHz-JO59jw
2026-08-23 02:45:48|8AA68EA66062E0828486888A8CE103F00B1101334405011D0001385E03000070170000DF13000000000000010000007017000000000000000000000000000070170000000D00002F030000090B000070|14854891|LA4TSA-400MHz-JO59jw
2026-08-23 02:45:48|8AA68EA66062E0828486888A8CE103F00A110133430501090000090000000000000000001D000160D53E0000033F00005A000000AB050000592F000000000000FA00000070170000C113000094000000|14854891|LA4TSA-400MHz-JO59jw
2026-08-23 02:45:47|8AA68EA66062E0828486888A8CE103F0091101334205010700010A01000001000001C2FF00080001163C2A6A001100000D0000000001000001000001C6FF000900001600000000000000000000000000|14854891|LA4TSA-400MHz-JO59jw
2026-08-23 02:45:47|8AA68EA66062E0828486888A8CE103F0081101334105010100010B0532CC210001001000000006000116D6296A00C909000F00000000010000010000019E0200070001163F2A6A000D00000D00000000|14854891|LA4TSA-400MHz-JO59jw
2026-08-23 02:45:15|8AA68EA66062E0828486888A8CE103F0071101834332A9E703000000000000000000000051030000000000000000000000000000000000000000000000000000|14854891|LA4TSA-400MHz-JO59jw
2026-08-23 02:45:14|8AA68EA66062E0828486888A8CE103F00611018243327E7B6A001F01000008000000888276E42400000000002F3F00000000000000000000|14854891|LA4TSA-400MHz-JO59jw
2026-08-23 02:45:14|8AA68EA66062E0828486888A8CE103F005110180456E6475726F736174|14854891|LA4TSA-400MHz-JO59jw
2026-08-23 02:44:56|8AA68EA66062E0828486888A8CE103F0041101334005016200010A000000000000000000006400010F010300A276601DF9068101D03E104A|14857435|SA2KNG Omni UHF/VHF-KP03cu
2026-08-23 02:44:56|8AA68EA66062E0828486888A8CE103F0031101333F05015E00010501000040005F000110AC0FAB0FFFFFFFFFFFFFFFFFAC0FAC0F6000010F0000000000000000000000000000006200010F0000000000|14857435|SA2KNG Omni UHF/VHF-KP03cu
2026-08-23 02:44:55|8AA68EA66062E0828486888A8CE103F0021101333E05014E00030D000000000000000000000000005900010DFEFFFFFFDA3E00001E460000035B000108DA3E00003C03C3005D000106B43D00008100|14857435|SA2KNG Omni UHF/VHF-KP03cu
2026-08-23 02:44:55|8AA68EA66062E0828486888A8CE103F0011101333D05014600011200000080AD4300000000000000002704B3AE4E00032C00000000000000000000000000000000000000000000000000000000000000|14857435|SA2KNG Omni UHF/VHF-KP03cu
2026-08-23 02:44:54|8AA68EA66062E0828486888A8CE103F0001101333C050146000147000000000000005BFF8977A9C4BD40B038C9778C8F4340A3EB64809F5F8DC0E8E4EC3FFA15504013C59D3E00000000000000000000|14857435|SA2KNG Omni UHF/VHF-KP03cu
2026-08-23 02:44:53|8AA68EA66062E0828486888A8CE103F0FF1101333B05014600017C48804802CF44FA43010000000000000064034A49386729419DD934C790D12B41D769B24742CD594161A79743EDA90844F8930F4201|14857435|SA2KNG Omni UHF/VHF-KP03cu
2026-08-23 02:44:53|8AA68EA66062E0828486888A8CE103F0FE1101333A05013A00011D170D58023EC5051E3BBE08633FF769E33EBDD9643D0731D1BD9FCDA2BC46000190AA44121CF100002070000000AF828109D83A9700|14857435|SA2KNG Omni UHF/VHF-KP03cu
2026-08-23 02:44:53|8AA68EA66062E0828486888A8CE103F0FD1101333905013900012A3FFA7E6ABC7493683FFCA9F1D24D62803F000000000000000000000000000000000000000000000000063A000124A15E8A6A40C6E6|14857435|SA2KNG Omni UHF/VHF-KP03cu
2026-08-23 02:44:52|8AA68EA66062E0828486888A8CE103F0FC1101333805013900015FAEBF7B14AE47E17A84BFC8DF2134E6AE90324BA779B2623255302AA963BFAED85F764F1E663F2D431CEBE2362A3FFCA9F1D24D6270|14854891|LA4TSA-400MHz-JO59jw
2026-08-23 02:44:52|8AA68EA66062E0828486888A8CE103F0FC1101333805013900015FAEBF7B14AE47E17A84BFC8DF2134E6AE90324BA779B2623255302AA963BFAED85F764F1E663F2D431CEBE2362A3FFCA9F1D24D6270|14857435|SA2KNG Omni UHF/VHF-KP03cu
2026-08-23 02:44:52|8AA68EA66062E0828486888A8CE103F0FB11013337050139000194F38E53742487BF6991ED7C3F359EBFB81E85EB51B8AE3F9A9999999999B9BF7B14AE47E17A94BF7B14AE47E17A843FB81E85EB51B8|14857435|SA2KNG Omni UHF/VHF-KP03cu
2026-08-23 02:44:51|8AA68EA66062E0828486888A8CE103F0FA110133360501390001C900802A40E17A14AE47E15F4041F163CC5D4BC03F623255302AA9633F1A51DA1B7C61EC3F5A8638D6C56DDC3FC898BB96900FAABF4E|14857435|SA2KNG Omni UHF/VHF-KP03cu
2026-08-23 02:44:50|8AA68EA66062E0828486888A8CE103F0F91101333505012A00011DC03333333333B339402C4055001673000059003A00EE02FA0000000002390001DDA15E8A6A40C6E617000000000000194000000000|14857435|SA2KNG Omni UHF/VHF-KP03cu
2026-08-23 02:44:50|8AA68EA66062E0828486888A8CE103F0F81101333405012A000152F5285CEF4340343333333333E9BF5C8FC2F5285CE3BF04E78C28ED0DBE3F1F85EB51B81E58400000000000000000A4703D0AD7435A|14857435|SA2KNG Omni UHF/VHF-KP03cu
2026-08-23 02:44:50|8AA68EA66062E0828486888A8CE103F0F71101333305012A00018751B81E854B4E40F6285C8FC2752B4015AE47E17A1E8040000000000000000000000000F6285C8FC27527C048E17A14AE4701401F85|14857435|SA2KNG Omni UHF/VHF-KP03cu
2026-08-23 02:44:49|8AA68EA66062E0828486888A8CE103F0F61101333205011D00010317000021000107010DFFFF0605002A0001AA9C5E8A6A40420F00DC902E0054961600CF4B5B00E119E103E2F11F85EB51B85E4E40EC|14857435|SA2KNG Omni UHF/VHF-KP03cu
2026-08-23 02:44:49|8AA68EA66062E0828486888A8CE103F0F51101333105011D0001385E03000070170000DF13000000000000010000007017000000000000000000000000000070170000020D0000330300002E0B000070|14857435|SA2KNG Omni UHF/VHF-KP03cu
2026-08-23 02:44:48|8AA68EA66062E0828486888A8CE103F0F4110133300501090000090000000000000000001D000160D53E0000FA3E0000620000002B060000582F000000000000FA00000070170000C013000093000000|14857435|SA2KNG Omni UHF/VHF-KP03cu
2026-08-23 02:44:47|8AA68EA66062E0828486888A8CE103F0F31101332F05010700010A01000001000001C9FF0008000116FF296A001200000D0000000001000001000001CFFF000900001600000000000000000000000000|14857435|SA2KNG Omni UHF/VHF-KP03cu
2026-08-23 02:44:14|8AA68EA66062E0828486888A8CE103F0F01101824332427B6A001F01000008000000888260E42400000000002F3F00000000000000000000|14857435|SA2KNG Omni UHF/VHF-KP03cu
2026-08-23 02:44:14|8AA68EA66062E0828486888A8CE103F0EF110180456E6475726F736174|14857435|SA2KNG Omni UHF/VHF-KP03cu
2026-08-23 02:43:56|8AA68EA66062E0828486888A8CE103F0EE1101332D05016200010A000000000000000000006400010F01030076BBB437A90B0303D03E2C47|14857435|SA2KNG Omni UHF/VHF-KP03cu
2026-08-23 02:43:56|8AA68EA66062E0828486888A8CE103F0ED1101332C05015E00010501000040005F000110AC0FAB0FFFFFFFFFFFFFFFFFAD0FAC0F6000010F0000000000000000000000000000006200010F0000000000|14857435|SA2KNG Omni UHF/VHF-KP03cu
2026-08-23 02:43:55|8AA68EA66062E0828486888A8CE103F0EC1101332B05014E00030D000000000000000000000000005900010DFEFFFFFFDA3E02001E460000035B000108DA3E00003803C3005D000106A53D00007B00|14857435|SA2KNG Omni UHF/VHF-KP03cu
2026-08-23 02:43:55|8AA68EA66062E0828486888A8CE103F0EB1101332A050146000112000000808F4300000000000000001B7677664E00032C00000000000000000000000000000000000000000000000000000000000000|14857435|SA2KNG Omni UHF/VHF-KP03cu
2026-08-23 02:43:54|8AA68EA66062E0828486888A8CE103F0EA11013329050146000147000000000000005BFF8977A9C4BD40B038C9778C8F4340A3EB64809F5F8DC0E8E4EC3FFA15504013C59D3E00000000000000000000|14857435|SA2KNG Omni UHF/VHF-KP03cu
2026-08-23 02:43:54|8AA68EA66062E0828486888A8CE103F0E91101332805014600017C48804802CF44FA43010000000000000064034A49386729419DD934C790D12B41D769B24742CD594161A79743EDA90844F8930F4201|14857435|SA2KNG Omni UHF/VHF-KP03cu
2026-08-23 02:43:53|8AA68EA66062E0828486888A8CE103F0E81101332705013A00011D0B930A893DA61A1A3BF6BD643F7753E33EC39B343DA6C0DBBD02EC8FBB46000190AA44121CF100002070000000B682810978509600|14857435|SA2KNG Omni UHF/VHF-KP03cu
2026-08-23 02:43:53|8AA68EA66062E0828486888A8CE103F0E71101332605013900012A3FFCA9F1D24D62603FFCA9F1D24D62803F000000000000000000000000000000000000000000000000063A000124645E8A6A4004FB|14857435|SA2KNG Omni UHF/VHF-KP03cu
2026-08-23 02:43:52|8AA68EA66062E0828486888A8CE103F0E61101332505013900015FAEBF0000000000000000FC171134869E5E32789A7832C7BAB88D06F0463FFA7E6ABC7493583F623255302AA943BFFCA9F1D24D6260|14857435|SA2KNG Omni UHF/VHF-KP03cu
2026-08-23 02:43:52|8AA68EA66062E0828486888A8CE103F0E51101332405013900019482E2C798BB86BF5C2041F163CC9DBFB81E85EB51B8AE3F9A9999999999B9BF7B14AE47E17A84BF7B14AE47E17A843FB81E85EB51B8|14857435|SA2KNG Omni UHF/VHF-KP03cu
2026-08-23 02:43:51|8AA68EA66062E0828486888A8CE103F0E4110133230501390001C985EB1B406766666666D65F40C2A8A44E4013B13F623255302AA9633F653BDF4F8D97EC3FD122DBF97E6ADC3F4FD1915CFE43AABF41|14857435|SA2KNG Omni UHF/VHF-KP03cu
2026-08-23 02:43:51|8AA68EA66062E0828486888A8CE103F0E31101332205012A00011DC03E0AD7A370FD3B405E43580035E100008CF13F00EE02FA0000000002390001DD645E8A6A40420F003333333333330940EC51B81E|14857435|SA2KNG Omni UHF/VHF-KP03cu
2026-08-23 02:43:50|8AA68EA66062E0828486888A8CE103F0E21101332105012A0001520AD7A3904440F6B9DA8AFD65E9BF5C8FC2F5285CE3BFB98D06F01648B03F9A999999995957400000000000000000F6285C8FC2C55A|14857435|SA2KNG Omni UHF/VHF-KP03cu
2026-08-23 02:43:49|8AA68EA66062E0828486888A8CE103F0E11101332005012A000187000000000050405C8FC2F5281C30407B14AE47E12280400000000000000000000000006766666666E624C03E0AD7A3703D0040713D|14857435|SA2KNG Omni UHF/VHF-KP03cu
2026-08-23 02:43:49|8AA68EA66062E0828486888A8CE103F0E01101331F05011D00010317000021000107010DFFFF0605002A0001AA645E8A6A40420F009BD1280014B215002D355E00A51A440483F3295C8FC2F508504000|14857435|SA2KNG Omni UHF/VHF-KP03cu
2026-08-23 02:43:49|8AA68EA66062E0828486888A8CE103F0DF1101331E05011D0001385E03000070170000DF13000000000000010000007017000000000000000000000000000070170000000D00003B0300006D0B000070|14857435|SA2KNG Omni UHF/VHF-KP03cu
2026-08-23 02:43:48|8AA68EA66062E0828486888A8CE103F0DE1101331D0501090000090000000000000000001D000160D53E0000FA3E0000530000003A050000562F000000000000FA00000070170000C113000093000000|14857435|SA2KNG Omni UHF/VHF-KP03cu
2026-08-23 02:43:48|8AA68EA66062E0828486888A8CE103F0DD1101331C05010700010A01000001000001CCFF0008000116C7296A001200000D0000000001000001000001CFFF000900001600000000000000000000000000|14857435|SA2KNG Omni UHF/VHF-KP03cu
2026-08-23 02:43:47|8AA68EA66062E0828486888A8CE103F0DC1101331B05010100010B05BACB21000100100000000600011662296A00C909000F00000000010000010000019B020007000116CA296A000D00000E00000000|14857435|SA2KNG Omni UHF/VHF-KP03cu
2026-08-23 02:42:56|8AA68EA66062E0828486888A8CE103F0D81101331A05016200010A000000000000000000006400010F0103005A73781E2D079A01D03E104A|14857435|SA2KNG Omni UHF/VHF-KP03cu
2026-08-23 02:42:56|8AA68EA66062E0828486888A8CE103F0D71101331905015E00010501000040005F000110AE0FAB0FFFFFFFFFFFFFFFFFAD0FA80F6000010F0000000000000000000000000000006200010F0000000000|14857435|SA2KNG Omni UHF/VHF-KP03cu
2026-08-23 02:42:55|8AA68EA66062E0828486888A8CE103F0D61101331805014E00030D000000000000000000000000005900010DFEFFFFFFDA3E0100B9450000035B000108DA3E01005C03C2005D000106A53D00007B00|14857435|SA2KNG Omni UHF/VHF-KP03cu
2026-08-23 02:42:55|8AA68EA66062E0828486888A8CE103F0D51101331705014600011200000000634300000000000000004294D1A34E00032C00000000000000000000000000000000000000000000000000000000000000|14857435|SA2KNG Omni UHF/VHF-KP03cu
2026-08-23 02:42:54|8AA68EA66062E0828486888A8CE103F0D411013316050146000147000000000000005BFF8977A9C4BD40B038C9778C8F4340A3EB64809F5F8DC0E8E4EC3FFA15504013C59D3E00000000000000000000|14857435|SA2KNG Omni UHF/VHF-KP03cu
2026-08-23 02:42:54|8AA68EA66062E0828486888A8CE103F0D31101331505014600017C48804802CF44FA43010000000000000064034A49386729419DD934C790D12B41D769B24742CD594161A79743EDA90844F8930F4201|14857435|SA2KNG Omni UHF/VHF-KP03cu
2026-08-23 02:42:53|8AA68EA66062E0828486888A8CE103F0D21101331405013A00031D2F65FBC63B5A8D1B3B3757653F4379E33E9720553D76C3D1BD46C597BA46000190AA44121CF100002070000000B482810918669500|14857435|SA2KNG Omni UHF/VHF-KP03cu
2026-08-23 02:42:53|8AA68EA66062E0828486888A8CE103F0D11101331305013900012A3FFCA9F1D24D62503FFCA9F1D24D62803F000000000000000000000000000000000000000000000000063A000124265E8A6A404ABE|14857435|SA2KNG Omni UHF/VHF-KP03cu
2026-08-23 02:42:52|8AA68EA66062E0828486888A8CE103F0D01101331205013900015FAEBF000000000000000042291034B6623A311F2402332D431CEBE2363A3F623255302AA9633F2D431CEBE2363ABFFCA9F1D24D6250|14857435|SA2KNG Omni UHF/VHF-KP03cu
2026-08-23 02:42:52|8AA68EA66062E0828486888A8CE103F0CF11013311050139000194490C022B8786BFD6E76A2BF6979DBF9A9999999999A93F9A9999999999B9BF00000000000000000000000000000000B81E85EB51B8|14857435|SA2KNG Omni UHF/VHF-KP03cu
2026-08-23 02:42:51|8AA68EA66062E0828486888A8CE103F0CE110133100501390001C914AEE73F90C2F5285CCF5F4007F0164850FC783F623255302AA9633F97900F7A36ABEC3F1E386744696FDC3F92ED7C3F355EAABFBB|14857435|SA2KNG Omni UHF/VHF-KP03cu
2026-08-23 02:42:50|8AA68EA66062E0828486888A8CE103F0CD1101330F05012A00011DC07B14AE47E1FA3E4001DA5A00EF4E0100480F4600EE02FA0000000002390001DD265E8A6A404ABE2FEC51B81E85EBB13FAE47E17A|14857435|SA2KNG Omni UHF/VHF-KP03cu
2026-08-23 02:42:50|8AA68EA66062E0828486888A8CE103F0CC1101330E05012A000152285C8F2245400A68226C787AE9BF7A36AB3E575BE3BF6EA301BC0512843F15AE47E17A9456400000000000000000A4703D0AD7735B|14857435|SA2KNG Omni UHF/VHF-KP03cu
2026-08-23 02:42:50|8AA68EA66062E0828486888A8CE103F0CB1101330D05012A00018751B81E85EB5040A4703D0AD76333403333333333278040000000000000000000000000295C8FC2F52822C015AE47E17A14FE3FC3F5|14857435|SA2KNG Omni UHF/VHF-KP03cu
2026-08-23 02:42:49|8AA68EA66062E0828486888A8CE103F0CA1101330C05011D00010317000021000107010DFFFF0605002A0001AA265E8A6A404ABE2F385C22005EA01400DCF960005D1BAC0458F53333333333F35040EC|14857435|SA2KNG Omni UHF/VHF-KP03cu
2026-08-23 02:42:49|8AA68EA66062E0828486888A8CE103F0C91101330B05011D0001385E03000070170000DF13000000000000010000007017000000000000000000000000000070170000020D000043030000220B000070|14857435|SA2KNG Omni UHF/VHF-KP03cu
2026-08-23 02:42:48|8AA68EA66062E0828486888A8CE103F0C81101330A0501090000090000000000000000001D000160D53E0000033F0000530000003A050000562F000000000000FA00000070170000C013000093000000|14857435|SA2KNG Omni UHF/VHF-KP03cu
2026-08-23 02:42:48|8AA68EA66062E0828486888A8CE103F0C71101330905010700010A01000001000001D1FF00080001168B296A001200000D0000000001000001000001CDFF000900001600000000000000000000000000|14857435|SA2KNG Omni UHF/VHF-KP03cu
2026-08-23 02:42:47|8AA68EA66062E0828486888A8CE103F0C61101330805010100010B057ECB21000100100000000600011625296A00C909000F00000000010000010000019B0200070001168E296A000D00000D00000000|14857435|SA2KNG Omni UHF/VHF-KP03cu
2026-08-22 21:37:56|8AA68EA66062E0828486888A8CE103F0491101337705016200010A0000000000001A27F6456400010F010300786E4A1A5C065C01D03EF04B|14846333|dm43-DM43bl
2026-08-22 21:37:55|8AA68EA66062E0828486888A8CE103F0481101337605015E00010501000040005F000110AD0FAB0FFFFFFFFFFFFFFFFFAC0FA90F6000010F010300222EFA05DD027E00BC3E964B6200010F0100000000|14846333|dm43-DM43bl
2026-08-22 21:37:55|8AA68EA66062E0828486888A8CE103F0471101337505014E00030D000000000000000000000000005900010DFEFFFFFFD83E4700383E0000035B000108D83E4A002D08AD005D000106B43D00006600|14846333|dm43-DM43bl
2026-08-22 21:37:54|8AA68EA66062E0828486888A8CE103F046110133740501460001120000000000001717170000020101F12F93C84E00032C00000000000000000000000000000000000000000000000000000000000000|14846333|dm43-DM43bl
2026-08-22 21:37:54|8AA68EA66062E0828486888A8CE103F045110133730501460001470000000800000067A22CEF9CC56FC0B5B0C9970E41B140AD16C4FE9D91B840DC48603D6F16CC3D7784653D00000000000000000000|14846333|dm43-DM43bl
2026-08-22 21:37:53|8AA68EA66062E0828486888A8CE103F0441101337205014600017C48000002CF44FA43000000001000000073DA37ACE1093BC1041A0BE436EB54C1B3299EF1B7B04C41ECD46140757DD14057217B4000|14846333|dm43-DM43bl
2026-08-22 21:37:53|8AA68EA66062E0828486888A8CE103F0431101337105013A00011D2F8B0860BFFB9A473B492B443E8980E33ECE40A03C215BCCBDB6F3423D46000190AA44121CF100002070000000B2B48009F0AC8A23|14846333|dm43-DM43bl
2026-08-22 21:37:52|8AA68EA66062E0828486888A8CE103F0421101337005013900012A3F7B14AE47E17A743FFA7E6ABC7493683F000000000000000000000000000000000000000000000000063A000124AB168A6A404ABE|14846333|dm43-DM43bl
2026-08-22 21:37:52|8AA68EA66062E0828486888A8CE103F0411101336F05013900015FAEBF000000000000000080023EB24008BDB1D1020F34C7BAB88D06F0563FC7BAB88D06F076BFE86A2BF697DD833FFCA9F1D24D6260|14846333|dm43-DM43bl
2026-08-22 21:37:51|8AA68EA66062E0828486888A8CE103F0401101336E05013900019407CE1951DA8BBFE19C11A5BDC197BF7B14AE47E17A943F9A9999999999B9BF9A9999999999A93F7B14AE47E17A843FB81E85EB51B8|14846333|dm43-DM43bl
2026-08-22 21:37:51|8AA68EA66062E0828486888A8CE103F03F1101336D0501390001C90A7F62C00000000000986440E25817B7D100ECBFFA7E6ABC7493683FD9F0F44A5986C83F1E386744696FDC3FB37BF2B0506BAABF60|14846333|dm43-DM43bl
2026-08-22 21:37:50|8AA68EA66062E0828486888A8CE103F03E1101336C05012A00011D4000000000009065C03C9F0100E7075E00F60B82004A02800000000002390001DDAB168A6A404ABE2F15AE47E17A9449C0D7A3703D|14846333|dm43-DM43bl
2026-08-22 21:37:50|8AA68EA66062E0828486888A8CE103F03D1101336B05012A0001525C8FC2F53F409BE61DA7E848C6BF107A36AB3E57E3BF0022FDF675E0E8BF15AE47E17A9443400000000000000000D7A3703D0AB758|14846333|dm43-DM43bl
2026-08-22 21:37:49|8AA68EA66062E0828486888A8CE103F03C1101336A05012A000187703D0AD763404015AE47E17AF45AC015AE47E17AD87F400000000000000000000000005C8FC2F528DC3140A4703D0AD7A31440F628|14846333|dm43-DM43bl
2026-08-22 21:37:49|8AA68EA66062E0828486888A8CE103F03B1101336905011D00010317000021000107010DFFFF0605002A0001AAAB168A6A4088D223C09DA8FF967EF4FF03123900460FA206A318B81E85EB51784040A4|14846333|dm43-DM43bl
2026-08-22 21:37:49|8AA68EA66062E0828486888A8CE103F03A1101834332A9E703000000000000000000000051030000000000000000000000000000000000000000000000000000|14846333|dm43-DM43bl
2026-08-22 21:37:48|8AA68EA66062E0828486888A8CE103F039110182433283336A00FD000000080000008882A9CA240000000000263F00000000000000000000|14846333|dm43-DM43bl
2026-08-22 21:37:48|8AA68EA66062E0828486888A8CE103F038110180456E6475726F736174|14846333|dm43-DM43bl
2026-08-22 21:37:48|8AA68EA66062E0828486888A8CE103F037110133670501090000090000000000000000001D000160D53E0000FA3E00005A000000AA050000512F000000000000FA00000070170000C113000093000000|14846333|dm43-DM43bl
2026-08-22 21:37:47|8AA68EA66062E0828486888A8CE103F0361101336605010700010A010000010000012100000800011657E26900A400000D00000000010000010000014700000900001600000000000000000000000000|14846333|dm43-DM43bl
2026-08-22 21:37:47|8AA68EA66062E0828486888A8CE103F0351101336505010100010B050284210001001000000006000116F1E16900C909000F00000000010000010000015402000700011659E269004D04000E00000000|14846333|dm43-DM43bl
2026-08-22 20:04:54|8AA68EA66062E0828486888A8CE103F0531101338D0501460001120000000000001414140000020101BE4B319B4E00032C00000000000000000000000000000000000000000000000000000000000000|14854975|Jim UHF-FM03kt
2026-08-22 20:04:53|8AA68EA66062E0828486888A8CE103F0501101338A05013A00011D2FDD8858BFC8B3453B8A14973E4886E33EC623783CFD1BDABD8AE42A3D46000190AA44121CF100002070000000B3B4800948873523|14854975|Jim UHF-FM03kt
2026-08-22 20:04:52|8AA68EA66062E0828486888A8CE103F04F1101338905013900012A3F7B14AE47E17A743FFCA9F1D24D62703F000000000000000000000000000000000000000000000000063A000124DF008A6A404ABE|14854975|Jim UHF-FM03kt
2026-08-22 20:04:52|8AA68EA66062E0828486888A8CE103F04E1101338805013900015FB1BF7B14AE47E17A84BF2664FBB20D5513B212F8DA33D42B6519E25877BF6007CE1951DA6B3F93CB7F48BF7D6DBFFCA9F1D24D6250|14854975|Jim UHF-FM03kt
2026-08-22 20:04:51|8AA68EA66062E0828486888A8CE103F04D11013387050139000194C1A8A44E4083BFB7627FD93D7998BF7B14AE47E17A943F295C8FC2F528BCBF7B14AE47E17AA43F0000000000000000EC51B81E85EB|14854975|Jim UHF-FM03kt
2026-08-22 20:04:51|8AA68EA66062E0828486888A8CE103F04C110133860501390001C9665E60C0D7A3703D0A9F63401B9E5E29CB10EBBFFA7E6ABC7493683FA62C431CEBE2D23FE2E995B20C71DC3F4FD1915CFE43AABF55|14854975|Jim UHF-FM03kt
2026-08-22 20:04:50|8AA68EA66062E0828486888A8CE103F04B1101338505012A00011D401F85EB51B8BE65C0DF51EBFF4BF45E00AAB763004901DF0200000002390001DDDF008A6A404ABE2F33333333337348C066666666|14854975|Jim UHF-FM03kt
2026-08-22 20:04:41|8AA68EA66062E0828486888A8CE103F04A1101834332A9E703000000000000000000000051030000000000000000000000000000000000000000000000000000|14854975|Jim UHF-FM03kt
2026-08-22 20:04:41|8AA68EA66062E0828486888A8CE103F0491101824332B51D6A0002010000080000008882B9C3240000000000263F00000000000000000000|14854975|Jim UHF-FM03kt
2026-08-22 20:04:40|8AA68EA66062E0828486888A8CE103F048110180456E6475726F736174|14854975|Jim UHF-FM03kt
2026-08-22 20:03:56|8AA68EA66062E0828486888A8CE103F0471101337D05016200010A0000000000004C2C56456400010F010300DE67582AA40A3C02D03E104A|14854975|Jim UHF-FM03kt
2026-08-22 20:03:55|8AA68EA66062E0828486888A8CE103F0461101337C05015E00010501000040005F000110AD0FAB0FFFFFFFFFFFFFFFFFAD0FAC0F6000010F010300DA2FA208F8027200BC3EE64B6200010F0100000000|14854975|Jim UHF-FM03kt
2026-08-22 20:03:55|8AA68EA66062E0828486888A8CE103F0451101337B05014E00030D000000000000000000000000005900010DFEFFFFFFD83E46007B3D0000035B000108D83E47008A07AD005D000106973D00006600|14854975|Jim UHF-FM03kt
2026-08-22 20:03:54|8AA68EA66062E0828486888A8CE103F0441101337A0501460001120000000000001616160000020101962ACB5C4E00032C00000000000000000000000000000000000000000000000000000000000000|14854975|Jim UHF-FM03kt
2026-08-22 20:03:54|8AA68EA66062E0828486888A8CE103F0431101337905014600014700000008000000A10A8E4CE36B9FC0AF528ADAFAC8B040D5FF6D76CEA2B74081BA243D088EBB3DEF4D643D00000000000000000000|14854975|Jim UHF-FM03kt
2026-08-22 20:03:53|8AA68EA66062E0828486888A8CE103F0421101337805014600017C48000002CF44FA43000000001000000066593C222D691D41A46C5147A51655C140C7D580740A4F41CC2B2740DE51CF40C8C3704000|14854975|Jim UHF-FM03kt
2026-08-22 20:03:53|8AA68EA66062E0828486888A8CE103F0411101337705013A00011D0046BA5CBFDD66503BFCF1783E0785E33E4494793C3C13DABD8C4EEE3C46000190AA44121CF100002070000000B3B48009E89C3423|14854975|Jim UHF-FM03kt
2026-08-22 20:03:51|8AA68EA66062E0828486888A8CE103F03E11013374050139000194C1A8A44E4083BFD42B6519E25897BF7B14AE47E17A843F9A9999999999B9BF7B14AE47E17AA43F0000000000000000B81E85EB51B8|14854975|Jim UHF-FM03kt
2026-08-22 20:03:51|8AA68EA66062E0828486888A8CE103F03D110133730501390001C93D8A61C01F85EB51B826644033C4B12E6EA3EBBF462575029A086B3F88F4DBD78173CE3FE2E995B20C71DC3F18265305A392AABF55|14854975|Jim UHF-FM03kt
2026-08-22 20:03:50|8AA68EA66062E0828486888A8CE103F03B1101337105012A0001525C8FC25541402FDD24068195CBBF4CC8073D9B55E3BF075F984C158CE8BF295C8FC2F50844400000000000000000CDCCCCCCCCCC58|14854975|Jim UHF-FM03kt
2026-08-22 20:03:49|8AA68EA66062E0828486888A8CE103F03A1101337005012A000187D7A3703DEA41400AD7A3703D3A55C0B91E85EB51E07F4000000000000000000000000000000000004031407B14AE47E17AF43FF628|14854975|Jim UHF-FM03kt
2026-08-22 20:03:49|8AA68EA66062E0828486888A8CE103F0391101336F05011D00010317000021000107010DFFFF0605002A0001AAA2008A6A4088D223C3A4ABFF27DFF5FF12AF3D009810C706BA1700000000000042400A|14854975|Jim UHF-FM03kt
2026-08-22 20:03:48|8AA68EA66062E0828486888A8CE103F0371101336D0501090000090000000000000000001D000160D53E0000FA3E00004B000000B9040000512F000000000000FA00000070170000C113000093000000|14854975|Jim UHF-FM03kt
2026-08-22 20:03:47|8AA68EA66062E0828486888A8CE103F0361101336C05010700010A010000010000012100000800011667CC69008A00000D00000000010000010000014E00000900001600000000000000000000000000|14854975|Jim UHF-FM03kt
2026-08-22 20:03:47|8AA68EA66062E0828486888A8CE103F0351101336B05010100010B05FA6D21000100100000000600011601CC6900C909000F00000000010000010000014F02000700011669CC6900E503000D00000000|14854975|Jim UHF-FM03kt
2026-08-22 20:03:41|8AA68EA66062E0828486888A8CE103F0341101834332A9E703000000000000000000000051030000000000000000000000000000000000000000000000000000|14854975|Jim UHF-FM03kt
2026-08-22 20:03:40|8AA68EA66062E0828486888A8CE103F0331101824332791D6A00FD000000080000008882A3C3240000000000263F00000000000000000000|14854975|Jim UHF-FM03kt
2026-08-22 20:03:40|8AA68EA66062E0828486888A8CE103F032110180456E6475726F736174|14854975|Jim UHF-FM03kt
2026-08-22 20:02:56|8AA68EA66062E0828486888A8CE103F0311101336A05016200010A0000000000001A2C56456400010F010300266B681AAA065C01D03EF04B|14854975|Jim UHF-FM03kt
2026-08-22 20:02:55|8AA68EA66062E0828486888A8CE103F02F1101336805014E00030D000000000000000000000000005900010DFEFFFFFFD83E4D00013D0000035B000108D83E4B00E807AB005D000106A53D00006600|14854975|Jim UHF-FM03kt
2026-08-22 20:02:54|8AA68EA66062E0828486888A8CE103F02E110133670501460001120000000000001818180000020101F50CF00B4E00032C00000000000000000000000000000000000000000000000000000000000000|14854975|Jim UHF-FM03kt
2026-08-22 20:02:54|8AA68EA66062E0828486888A8CE103F02D1101336605014600014700000008000000C12C22D1B05C9FC0449ED106CC35AE40A6DE0D178DC0B840C920333DBA10BC3D56C95B3D00000000000000000000|14854975|Jim UHF-FM03kt
2026-08-22 20:02:53|8AA68EA66062E0828486888A8CE103F02C1101336505014600017C48000002CF44FA430000000010000000B91037D4CE622241D8C35E93BB0556C134837A6623344C419EF72D40EF8EB1400789674000|14854975|Jim UHF-FM03kt
2026-08-22 20:02:53|8AA68EA66062E0828486888A8CE103F02B1101336405013A00011D2F228260BF26CD5F3BE0673C3EA444E33E0429B73C7ACDC9BD0DB81D3D46000190AA44121CF100002070000000B2B4800988B23323|14854975|Jim UHF-FM03kt
2026-08-22 20:02:52|8AA68EA66062E0828486888A8CE103F02A1101336305013900012A3FFCA9F1D24D62703FFA7E6ABC7493683F000000000000000000000000000000000000000000000000063A0001246A008A6A404ABE|14854975|Jim UHF-FM03kt
2026-08-22 20:02:52|8AA68EA66062E0828486888A8CE103F0291101336205013900015FAEBF7B14AE47E17A84BF180A613291C69BB20927F633BB490C022B8776BF5396218E75717BBF865AD3BCE3147D3FFCA9F1D24D6260|14854975|Jim UHF-FM03kt
2026-08-22 20:02:51|8AA68EA66062E0828486888A8CE103F02811013361050139000194DBD781734684BFAED85F764F1E96BF7B14AE47E17A943F9A9999999999B9BF7B14AE47E17AA43F7B14AE47E17A843FB81E85EB51B8|14854975|Jim UHF-FM03kt
2026-08-22 20:02:51|8AA68EA66062E0828486888A8CE103F027110133600501390001C970C562C05C8FC2F528BC644061C3D32B6519ECBF79E9263108AC6C3FA62C431CEBE2C63F49BF7D1D3867DC3FE27A14AE47E1AABFF5|14854975|Jim UHF-FM03kt
2026-08-22 20:02:50|8AA68EA66062E0828486888A8CE103F0261101335F05012A00011D403E0AD7A3708D65C09FC8EBFF30CC5E0047436000D300DF0200000002390001DD65008A6A40C6E617295C8FC2F5A849C03E0AD7A3|14854975|Jim UHF-FM03kt
2026-08-22 20:02:50|8AA68EA66062E0828486888A8CE103F0251101335E05012A000152A3703D0A4040FF21FDF675E0C4BF4CC8073D9B55E3BF14D044D8F0F4E8BFB81E85EB517843400000000000000000C3F5285C8FB258|14854975|Jim UHF-FM03kt
2026-08-22 20:02:49|8AA68EA66062E0828486888A8CE103F0241101335D05012A000187000000000040407B14AE47E1FA54C07B14AE47E1D67F400000000000000000000000005C8FC2F5285C32408FC2F5285C8FF23F0AD7|14854975|Jim UHF-FM03kt
2026-08-22 20:02:49|8AA68EA66062E0828486888A8CE103F0231101335C05011D00010317000021000107010DFFFF0605002A0001AA65008A6A40C6E6174BDFA7FF6A46F4FFA7DF3700F10E9206DC1815AE47E17A14404000|14854975|Jim UHF-FM03kt
2026-08-22 20:02:48|8AA68EA66062E0828486888A8CE103F0221101335B05011D0001384503000070170000DF13000000000000010000007017000000000000000000000000000070170000020D000011030000A50A000070|14854975|Jim UHF-FM03kt
2026-08-22 20:02:48|8AA68EA66062E0828486888A8CE103F0211101335A0501090000090000000000000000001D000160D53E0000FA3E00006A000000AC060000542F000000000000FA00000070170000BF13000093000000|14854975|Jim UHF-FM03kt
2026-08-22 20:02:47|8AA68EA66062E0828486888A8CE103F0201101335905010700010A01000001000001170000080001162ACC69008C00000D00000000010000010000014700000900001600000000000000000000000000|14854975|Jim UHF-FM03kt
2026-08-22 20:02:47|8AA68EA66062E0828486888A8CE103F01F1101335805010100010B05BE6D210001001000000006000116C5CB6900C909000F00000000010000010000014A0200070001162DCC6900C303000E00000000|14854975|Jim UHF-FM03kt
2026-08-22 20:02:41|8AA68EA66062E0828486888A8CE103F01E1101834332A9E703000000000000000000000051030000000000000000000000000000000000000000000000000000|14854975|Jim UHF-FM03kt
2026-08-22 20:02:40|8AA68EA66062E0828486888A8CE103F01D11018243323D1D6A00000100000800000088828DC3240000000000263F00000000000000000000|14854975|Jim UHF-FM03kt
2026-08-22 20:02:40|8AA68EA66062E0828486888A8CE103F01C110180456E6475726F736174|14854975|Jim UHF-FM03kt
2026-08-22 20:01:56|8AA68EA66062E0828486888A8CE103F01B1101335705016200010A0000000000004C2CF6456400010F0103001C70521CDF067501D03EF04B|14854975|Jim UHF-FM03kt
2026-08-22 20:01:55|8AA68EA66062E0828486888A8CE103F01A1101335605015E00010501000040005F000110AD0FA90FFFFFFFFFFFFFFFFFAC0FAD0F6000010F010300BC2A5807A7026500BC3EBC486200010F0100000000|14854975|Jim UHF-FM03kt
2026-08-22 20:01:55|8AA68EA66062E0828486888A8CE103F0191101335505014E00030D000000000000000000000000005900010DFEFFFFFFD83E5400863C0000035B000108D83E54007608AA005D000106A53D00006000|14854975|Jim UHF-FM03kt
2026-08-22 20:01:54|8AA68EA66062E0828486888A8CE103F01711013353050146000147000000080000008ED2B21ADB1A9FC081A0DEB690B7AA40D24EDF1C75C2B94075F2273DAF5CAE3D68B04F3D00000000000000000000|14854975|Jim UHF-FM03kt
2026-08-22 20:01:53|8AA68EA66062E0828486888A8CE103F0161101335205014600017C48000002CF44FA4300000000100000008405B2BE460C2641614145131BDB56C115CDCA33F83D4941E9A61F409778B6405727634000|14854975|Jim UHF-FM03kt
2026-08-22 20:01:52|8AA68EA66062E0828486888A8CE103F0141101335005013900012A3FFCA9F1D24D62703FFA7E6ABC7493683F000000000000000000000000000000000000000000000000063A0001242D008A6AC0152E|14854975|Jim UHF-FM03kt
2026-08-22 20:01:40|8AA68EA66062E0828486888A8CE103F0081101834332A9E703000000000000000000000051030000000000000000000000000000000000000000000000000000|14854975|Jim UHF-FM03kt
2026-08-22 20:01:40|8AA68EA66062E0828486888A8CE103F0071101824332011D6A00FD00000008000000888277C3240000000000263F00000000000000000000|14854975|Jim UHF-FM03kt
2026-08-22 20:01:40|8AA68EA66062E0828486888A8CE103F006110180456E6475726F736174|14854975|Jim UHF-FM03kt
2026-08-22 13:49:55|8AA68EA66062E0828486888A8CE103F04D110133BB05016200010A0000000000001A2C16446400010F0103003A66FA235C06E401023F604A|14844637|DEX-X-JO20ul
2026-08-22 13:49:55|8AA68EA66062E0828486888A8CE103F04C110133BA05015E00010501000000005F000110AB0FA80FFFFFFFFFFFFFFFFFAC0FA90F6000010F010300DA2F3E08F8027200F83E1C486200010F0100000000|14844637|DEX-X-JO20ul
2026-08-22 13:49:55|8AA68EA66062E0828486888A8CE103F04B110133B905014E00030D000000000000000000000000005900010DFEFFFFFFDA3E280093410000035B000108D93E22005F05B7005D000106A53D00006B00|14844637|DEX-X-JO20ul
2026-08-22 13:49:54|8AA68EA66062E0828486888A8CE103F04A110133B80501460001120000CDCC5343000000000000000030D3CF474E00032C00000000000000000000000000000000000000000000000000000000000000|14844637|DEX-X-JO20ul
2026-08-22 13:49:54|8AA68EA66062E0828486888A8CE103F049110133B7050146000147000000000000003284BF26C8E2B2C07C81582FC7C4A2C0C745DE8AF35EB54041D189402665083FB30A044000000000000000000000|14844637|DEX-X-JO20ul
2026-08-22 13:49:53|8AA68EA66062E0828486888A8CE103F048110133B605014600017C48004802CF44FA430100000000000000D5084E426C035341FE5785DC3DF8244190A8BB8E11E65141F1B0D84391DA90429BD7484301|14844637|DEX-X-JO20ul
2026-08-22 13:49:53|8AA68EA66062E0828486888A8CE103F047110133B505013A00011D0B55D139BF3FBF403B7F3D063F4EEBE33ED1A4DE3C6DDBCEBD882C083D46000190AA44121CF100002070000000A2828009E033DE21|14844637|DEX-X-JO20ul
2026-08-22 13:49:52|8AA68EA66062E0828486888A8CE103F046110133B405013900012A3F7B14AE47E17A743FFCA9F1D24D62603F000000000000000000000000000000000000000000000000063A000124FFA8896A4004FB|14844637|DEX-X-JO20ul
2026-08-22 13:49:51|8AA68EA66062E0828486888A8CE103F045110133B305013900015FAEBF7B14AE47E17A84BF486B41B3BB43A5B258253034623255302AA933BF6007CE1951DA5BBF07F0164850FC783FFA7E6ABC749368|14844637|DEX-X-JO20ul
2026-08-22 13:49:51|8AA68EA66062E0828486888A8CE103F044110133B205013900019428ED0DBE3089BF96B20C71AC8B9BBF7B14AE47E17A943F9A9999999999B9BF7B14AE47E17AA43F0000000000000000EC51B81E85EB|14844637|DEX-X-JO20ul
2026-08-22 13:49:51|8AA68EA66062E0828486888A8CE103F043110133B10501390001C914AE57C0D7A3703D0AD76140A5BDC1172653E7BF95F6065F984C653F68226C787AA5E03F04780B24287EDC3F462575029A08ABBF8D|14844637|DEX-X-JO20ul
2026-08-22 13:49:50|8AA68EA66062E0828486888A8CE103F042110133B005012A00011D4052B81E85EB6166C0480EB3FFE09EE8FF51203200BC00F40000000002390001DDF9A8896A404ABE2FF6285C8FC25544C0AE47E17A|14844637|DEX-X-JO20ul
2026-08-22 13:49:49|8AA68EA66062E0828486888A8CE103F041110133AF05012A000152EB51B8DE4240BAFC87F4DBD7DDBFFFB27BF2B050E3BFA857CA32C4B1E4BF7B14AE47E1DA4840000000000000000015AE47E17AD459|14844637|DEX-X-JO20ul
2026-08-22 13:49:49|8AA68EA66062E0828486888A8CE103F040110133AE05012A000187285C8FC2D54B40AE47E17A14AE074033333333330F8040000000000000000000000000EC51B81E856B2B40D7A3703D0AD70B401F85|14844637|DEX-X-JO20ul
2026-08-22 13:49:48|8AA68EA66062E0828486888A8CE103F03F110133AD05011D00010317000021000107010DFFFF0605002A0001AAF9A8896A404ABE2F780CC5FF4707FFFF16D05600D8173E073B100AD7A3703DEA4B40F6|14844637|DEX-X-JO20ul
2026-08-22 13:49:48|8AA68EA66062E0828486888A8CE103F03E110133AC05011D0001385E03000070170000DF13000000000000020000007017000000000000000000000000000070170000000D000033030000220B000070|14844637|DEX-X-JO20ul
2026-08-22 13:49:48|8AA68EA66062E0828486888A8CE103F03D110133AB0501090000090000000000000000001D000160D53E0000033F00004C000000C9040000562F000000000000FA00000070170000C013000093000000|14844637|DEX-X-JO20ul
2026-08-22 13:49:47|8AA68EA66062E0828486888A8CE103F03C110133AA05010700010A0100000100000137000008000116177569006F00000E00000000010000010000014C00000900001600000000000000000000000000|14844637|DEX-X-JO20ul
2026-08-22 13:49:47|8AA68EA66062E0828486888A8CE103F03B110133A905010100010B055216210001001000000006000116B2746900C909000F00000000010000010000015C0200070001161A7569001704000D00000000|14844637|DEX-X-JO20ul
2026-08-22 13:49:12|8AA68EA66062E0828486888A8CE103F03A1101834332A9E703000000000000000000000051030000000000000000000000000000000000000000000000000000|14844637|DEX-X-JO20ul
2026-08-22 13:49:12|8AA68EA66062E0828486888A8CE103F0391101824332CBC569000C010000080000008882A9A3240000000000D83E00000000000000000000|14844637|DEX-X-JO20ul
2026-08-22 13:49:12|8AA68EA66062E0828486888A8CE103F038110180456E6475726F736174|14844637|DEX-X-JO20ul
2026-08-22 13:48:55|8AA68EA66062E0828486888A8CE103F037110133A805016200010A0000000000004C2C16446400010F01030074A94A1A8A0A5C01D03EA04B|14844637|DEX-X-JO20ul
2026-08-22 13:48:55|8AA68EA66062E0828486888A8CE103F036110133A705015E00010501000040005F000110AC0FAB0FFFFFFFFFFFFFFFFFAC0FAC0F6000010F010300DA2F2008F8027200F83E72476200010F0100000000|14844637|DEX-X-JO20ul
2026-08-22 13:48:54|8AA68EA66062E0828486888A8CE103F035110133A605014E00030D000000000000000000000000005900010DFEFFFFFFD93E2B0023410000035B000108D93E2C00FF05B6005D000106A53D00007000|14844637|DEX-X-JO20ul
2026-08-22 13:48:54|8AA68EA66062E0828486888A8CE103F034110133A50501460001120000CDCC1743000000000000000018F370514E00032C00000000000000000000000000000000000000000000000000000000000000|14844637|DEX-X-JO20ul
2026-08-22 13:48:53|8AA68EA66062E0828486888A8CE103F033110133A4050146000147000000000000003284BF26C8E2B2C07C81582FC7C4A2C0C745DE8AF35EB54041D189402665083FB30A044000000000000000000000|14844637|DEX-X-JO20ul
2026-08-22 13:48:53|8AA68EA66062E0828486888A8CE103F032110133A305014600017C48004802CF44FA430100000000000000D5084E426C035341FE5785DC3DF8244190A8BB8E11E65141F1B0D84391DA90429BD7484301|14844637|DEX-X-JO20ul
2026-08-22 13:48:52|8AA68EA66062E0828486888A8CE103F031110133A205013A00011D00838242BFB4DE4A3BE7B0F23E5FD4E33EE466C43CFB52D8BD20920E3D46000190AA44121CF1000020700000009D8280098049DD21|14844637|DEX-X-JO20ul
2026-08-22 13:48:52|8AA68EA66062E0828486888A8CE103F030110133A105013900012A3F7B14AE47E17A743FFCA9F1D24D62603F000000000000000000000000000000000000000000000000063A000124C2A8896A40420F|14844637|DEX-X-JO20ul
2026-08-22 13:48:51|8AA68EA66062E0828486888A8CE103F02F110133A005013900015FB1BF7B14AE47E17A84BFCD7642B3514592B2834B2334623255302AA9633F93CB7F48BF7D6DBFD42B6519E258773FFCA9F1D24D6260|14844637|DEX-X-JO20ul
2026-08-22 13:48:51|8AA68EA66062E0828486888A8CE103F02E1101339F0501390001940A462575028ABF107A36AB3E579BBF7B14AE47E17A943F295C8FC2F528BCBFB81E85EB51B89E3F0000000000000000EC51B81E85EB|14844637|DEX-X-JO20ul
2026-08-22 13:48:50|8AA68EA66062E0828486888A8CE103F02D1101339E0501390001C93D8A59C0A4703D0AD72B62408E06F0164850E8BF1461C3D32B65693FBD7493180456DE3F7B14AE47E17ADC3FE27A14AE47E1AABFA7|14844637|DEX-X-JO20ul
2026-08-22 13:48:50|8AA68EA66062E0828486888A8CE103F02C1101339D05012A00011D4033333333333366C06F0FB7FF5A34E8FF95122D00BC00F40000000002390001DDBCA8896A4088D2235C8FC2F5287C45C0295C8FC2|14844637|DEX-X-JO20ul
2026-08-22 13:48:49|8AA68EA66062E0828486888A8CE103F02B1101339C05012A000152703D0A17424061E5D022DBF9DABFFFB27BF2B050E3BF80D93D7958A8E5BFB81E85EB51B847400000000000000000295C8FC2F58859|14844637|DEX-X-JO20ul
2026-08-22 13:48:49|8AA68EA66062E0828486888A8CE103F02A1101339B05012A0001873D0AD7A3F04940A4703D0AD7A312407B14AE47E1088040000000000000000000000000E17A14AE47612E409A99999999990D40D7A3|14844637|DEX-X-JO20ul
2026-08-22 13:48:48|8AA68EA66062E0828486888A8CE103F0291101339A05011D00010317000021000107010DFFFF0605002A0001AABCA8896A4088D223CA7CBFFFC74CFDFF77BC5200A9163507DC116766666666064A4071|14844637|DEX-X-JO20ul
2026-08-22 13:48:48|8AA68EA66062E0828486888A8CE103F0281101339905011D0001385E03000070170000DF13000000000000010000007017000000000000000000000000000070170000020D0000320300002E0B000070|14844637|DEX-X-JO20ul
2026-08-22 13:48:48|8AA68EA66062E0828486888A8CE103F027110133980501090000090000000000000000001D000160D53E0000FA3E00006A000000AC060000552F000000000000FA00000070170000C013000094000000|14844637|DEX-X-JO20ul
2026-08-22 13:48:47|8AA68EA66062E0828486888A8CE103F0261101339705010700010A010000010000013F000008000116DB7469007000000D00000000010000010000015500000900001600000000000000000000000000|14844637|DEX-X-JO20ul
2026-08-22 13:48:46|8AA68EA66062E0828486888A8CE103F0251101339605010100010B05161621000100100000000600011676746900C909000F000000000100000100000159020007000116DD746900ED03000E00000000|14844637|DEX-X-JO20ul
2026-08-22 13:47:51|8AA68EA66062E0828486888A8CE103F0171101338B0501390001C98FA25BC048E17A14AE8F62402A3A92CB7F48E9BF1461C3D32B65693F2597FF907EFBDA3FB7627FD93D79DC3F9E5E29CB10C7AABFB3|14844637|DEX-X-JO20ul
2026-08-22 13:47:50|8AA68EA66062E0828486888A8CE103F0161101338A05012A00011D408FC2F5285C0F66C08700BBFF4CD3E7FF3AB82800BC00F40000000002390001DD84A8896A404ABE2F713D0AD7A37046C0C3F5285C|14844637|DEX-X-JO20ul
2026-08-22 13:47:49|8AA68EA66062E0828486888A8CE103F0141101338805012A000187D7A3703D0A484090C2F5285C8F184015AE47E17A028040000000000000000000000000F6285C8FC2B5304048E17A14AE470F40713D|14844637|DEX-X-JO20ul
2026-08-22 13:47:48|8AA68EA66062E0828486888A8CE103F0131101338705011D00010317000021000107010DFFFF0605002A0001AA7FA8896A40C6E617A238BAFF7195FBFFB7474E00601524076713E17A14AE472148400A|14844637|DEX-X-JO20ul
2026-08-22 13:47:48|8AA68EA66062E0828486888A8CE103F011110133850501090000090000000000000000001D000160D53E0000FA3E0000620000002B060000542F000000000000FA00000070170000C013000093000000|14844637|DEX-X-JO20ul
2026-08-22 13:47:47|8AA68EA66062E0828486888A8CE103F0101101338405010700010A01000001000001440000080001169E7469007300000D00000000010000010000015800000900001600000000000000000000000000|14844637|DEX-X-JO20ul
2026-08-22 12:18:05|8AA68EA66062E0828486888A8CE103F0681101834332A9E703000000000000000000000051030000000000000000000000000000000000000000000000000000|14853518|SA2KNG Omni UHF/VHF-KP03cu
2026-08-22 12:18:05|8AA68EA66062E0828486888A8CE103F067110182433276B0690011010000080000008882D79B240000000000D73E00000000000000000000|14853518|SA2KNG Omni UHF/VHF-KP03cu
2026-08-22 12:18:05|8AA68EA66062E0828486888A8CE103F066110180456E6475726F736174|14853518|SA2KNG Omni UHF/VHF-KP03cu
2026-08-22 12:17:55|8AA68EA66062E0828486888A8CE103F065110133E705016200010A000000000000E8262C426400010F010300DE6786337606C402D03EC648|14853518|SA2KNG Omni UHF/VHF-KP03cu
2026-08-22 12:17:55|8AA68EA66062E0828486888A8CE103F064110133E605015E00010501000040005F000110AD0FA90FFFFFFFFFFFFFFFFFAC0FAB0F6000010F0103004227040670025800F83E98446200010F0100000000|14853518|SA2KNG Omni UHF/VHF-KP03cu
2026-08-22 12:17:55|8AA68EA66062E0828486888A8CE103F063110133E505014E00030D000000000000000000000000005900010DFEFFFFFFDA3E1B0093410000035B000108DA3E1B00FB04B8005D000106A53D00007000|14853518|SA2KNG Omni UHF/VHF-KP03cu
2026-08-22 12:17:54|8AA68EA66062E0828486888A8CE103F062110133E40501460001120000337302440000000000000000725FDF5D4E00032C00000000000000000000000000000000000000000000000000000000000000|14853518|SA2KNG Omni UHF/VHF-KP03cu
2026-08-22 12:17:53|8AA68EA66062E0828486888A8CE103F061110133E305014600014700000000000000DCB425953563A4C0C53EA0C5F5F6ACC08608CDF7CB3AB840E0782640055C9C3FBBF2144100000000000000000000|14853518|SA2KNG Omni UHF/VHF-KP03cu
2026-08-22 12:17:53|8AA68EA66062E0828486888A8CE103F060110133E205014600017C48004802CF44FA43010000000000000027C4A87FABFB5141C0E54EE1D94D4841EE33C58132884D41B1AF314379E0A5424E981F4401|14853518|SA2KNG Omni UHF/VHF-KP03cu
2026-08-22 12:17:52|8AA68EA66062E0828486888A8CE103F05F110133E105013A00031D17E8ED1EBFC0B2083BBC2D253FB6F9E33EB6C0193D3483D0BDABE9143D46000190AA44121CF100002070000000B682800960F98921|14853518|SA2KNG Omni UHF/VHF-KP03cu
2026-08-22 12:17:52|8AA68EA66062E0828486888A8CE103F05E110133E005013900032A3FFA7E6ABC7493783FFCA9F1D24D62503F000000000000000000000000000000000000000000000000063A0003246793896A40C6E6|14853518|SA2KNG Omni UHF/VHF-KP03cu
2026-08-22 12:17:51|8AA68EA66062E0828486888A8CE103F05D110133DF05013900035FAEBF0000000000000000F5C4E4B20D0547319C015434C58F31772D215F3FAED85F764F1E66BFAED85F764F1E76BF7B14AE47E17A74|14853518|SA2KNG Omni UHF/VHF-KP03cu
2026-08-22 12:17:51|8AA68EA66062E0828486888A8CE103F05C110133DE050139000394643BDF4F8D87BF0C93A98251499DBF7B14AE47E17AA43F9A9999999999B9BF7B14AE47E17AA43F0000000000000000B81E85EB51B8|14853518|SA2KNG Omni UHF/VHF-KP03cu
2026-08-22 12:17:50|8AA68EA66062E0828486888A8CE103F05B110133DD0501390003C9008052C0295C8FC2F5106140E86A2BF697DDE3BF168C4AEA0434613F68226C787AA5E43FC8293A92CB7FDC3F96B20C71AC8BABBF5A|14853518|SA2KNG Omni UHF/VHF-KP03cu
2026-08-22 12:17:50|8AA68EA66062E0828486888A8CE103F05A110133DC05012A00031D405C8FC2F528DC65407073BBFF29E2C5FF04924300BD015D0000000002390003DD6793896A40C6E6170000000000E040C000000000|14853518|SA2KNG Omni UHF/VHF-KP03cu
2026-08-22 12:17:49|8AA68EA66062E0828486888A8CE103F059110133DB05012A0003527A14AEE7444099BB96900F7AE2BF3B014D840D4FE3BF9A9999999999E1BF295C8FC2F5484C400000000000000000F6285C8FC2255B|14853518|SA2KNG Omni UHF/VHF-KP03cu
2026-08-22 12:17:49|8AA68EA66062E0828486888A8CE103F058110133DA05012A0001875C8FC2F5785040000000000000344033333333331F80400000000000000000000000009A99999999192240000000000000124048E1|14853518|SA2KNG Omni UHF/VHF-KP03cu
2026-08-22 12:17:48|8AA68EA66062E0828486888A8CE103F057110133D905011D00010317000021000107010DFFFF0605002A0001AA6793896A40C6E617A690D5FF13CE030008E25F00831A24076C0B52B81E85EB81504029|14853518|SA2KNG Omni UHF/VHF-KP03cu
2026-08-22 12:17:48|8AA68EA66062E0828486888A8CE103F056110133D805011D0001385E03000070170000DF13000000000000010000007017000000000000000000000000000070170000020D00003A030000470B000070|14853518|SA2KNG Omni UHF/VHF-KP03cu
2026-08-22 12:17:48|8AA68EA66062E0828486888A8CE103F055110133D70501090000090000000000000000001D000160D53E0000FA3E0000620000002B060000532F000000000000FA00000070170000C113000094000000|14853518|SA2KNG Omni UHF/VHF-KP03cu
2026-08-22 12:17:47|8AA68EA66062E0828486888A8CE103F054110133D605010700010A01000001000001350000080001169D5F69004A00000D00000000010000010000012F00000900001600000000000000000000000000|14853518|SA2KNG Omni UHF/VHF-KP03cu
2026-08-22 12:17:46|8AA68EA66062E0828486888A8CE103F053110133D505010100010B05C200210001001000000006000116385F6900C909000F00000000010000010000016B020007000116A05F69002D03000E00000000|14853518|SA2KNG Omni UHF/VHF-KP03cu
2026-08-22 12:17:05|8AA68EA66062E0828486888A8CE103F0521101834332A9E703000000000000000000000051030000000000000000000000000000000000000000000000000000|14853518|SA2KNG Omni UHF/VHF-KP03cu
2026-08-22 12:17:05|8AA68EA66062E0828486888A8CE103F05111018243323AB0690011010000080000008882C19B240000000000D73E00000000000000000000|14853518|SA2KNG Omni UHF/VHF-KP03cu
2026-08-22 12:17:05|8AA68EA66062E0828486888A8CE103F050110180456E6475726F736174|14853518|SA2KNG Omni UHF/VHF-KP03cu
2026-08-22 12:16:55|8AA68EA66062E0828486888A8CE103F04F110133D405016200010A000000000000AC2BCC426400010F0103000EB0A032D90AB802D03EC648|14853518|SA2KNG Omni UHF/VHF-KP03cu
2026-08-22 12:16:55|8AA68EA66062E0828486888A8CE103F04E110133D305015E00010501000040005F000110AB0FA90FFFFFFFFFFFFFFFFFAB0FAB0F6000010F0103004227D2058C025800BC3E48446200010F0100000000|14853518|SA2KNG Omni UHF/VHF-KP03cu
2026-08-22 12:16:54|8AA68EA66062E0828486888A8CE103F04D110133D205014E00030D000000000000000000000000005900010DFEFFFFFFD93E1E003B410000035B000108D93E1D000E05B7005D000106A53D00007000|14853518|SA2KNG Omni UHF/VHF-KP03cu
2026-08-22 12:16:54|8AA68EA66062E0828486888A8CE103F04C110133D1050146000112000066E6E64300000000000000004EFB779C4E00032C00000000000000000000000000000000000000000000000000000000000000|14853518|SA2KNG Omni UHF/VHF-KP03cu
2026-08-22 12:16:54|8AA68EA66062E0828486888A8CE103F04B110133D005014600014700000000000000DCB425953563A4C0C53EA0C5F5F6ACC08608CDF7CB3AB840E0782640055C9C3FBBF2144100000000000000000000|14853518|SA2KNG Omni UHF/VHF-KP03cu
2026-08-22 12:16:53|8AA68EA66062E0828486888A8CE103F04A110133CF05014600017C48004802CF44FA43010000000000000027C4A87FABFB5141C0E54EE1D94D4841EE33C58132884D41B1AF314379E0A5424E981F4401|14853518|SA2KNG Omni UHF/VHF-KP03cu
2026-08-22 12:16:52|8AA68EA66062E0828486888A8CE103F049110133CE05013A00011D0C563C28BF4F950E3BB1B01B3F49F9E33EE9F2063DF7E2CFBD8A17143D46000190AA44121CF100002070000000A9828009000F8921|14853518|SA2KNG Omni UHF/VHF-KP03cu
2026-08-22 12:16:52|8AA68EA66062E0828486888A8CE103F048110133CD05013900012A3FFA7E6ABC7493783FFCA9F1D24D62503F000000000000000000000000000000000000000000000000063A0001243393896A804F47|14853518|SA2KNG Omni UHF/VHF-KP03cu
2026-08-22 12:16:51|8AA68EA66062E0828486888A8CE103F047110133CC05013900015FAEBF0000000000000000EFEC1EB3048E2FB1E29B41342D431CEBE2362A3F2D431CEBE2362ABFC58F31772D215FBF7B14AE47E17A74|14853518|SA2KNG Omni UHF/VHF-KP03cu
2026-08-22 12:16:51|8AA68EA66062E0828486888A8CE103F046110133CB0501390003940DBE30992A88BFD6E76A2BF6979DBFB81E85EB51B89E3F9A9999999999B9BF7B14AE47E17AA43F0000000000000000B81E85EB51B8|14853518|SA2KNG Omni UHF/VHF-KP03cu
2026-08-22 12:16:51|8AA68EA66062E0828486888A8CE103F045110133CA0501390003C9995954C052B81E85EB51614062A1D634EF38E5BF2F6EA301BC05623F55C1A8A44E40E33FC8293A92CB7FDC3F96B20C71AC8BABBFED|14853518|SA2KNG Omni UHF/VHF-KP03cu
2026-08-22 12:16:50|8AA68EA66062E0828486888A8CE103F044110133C905012A00031D40E17A14AE47316640F263BEFFAD8AC5FF62193F00BD015D0000000002390003DD2A93896A4004FB0B52B81E85EB3142C09A999999|14853518|SA2KNG Omni UHF/VHF-KP03cu
2026-08-22 12:16:49|8AA68EA66062E0828486888A8CE103F043110133C805012A00035285EB51784440AFB6627FD93DE1BF3B014D840D4FE3BF73D712F241CFE2BF7B14AE47E1FA4A4000000000000000005C8FC2F5288C5A|14853518|SA2KNG Omni UHF/VHF-KP03cu
2026-08-22 12:16:49|8AA68EA66062E0828486888A8CE103F042110133C705012A0003871E85EB51184F406766666666E6364048E17A14AE19804000000000000000000000000048E17A14AEC72440B81E85EB51B81240B81E|14853518|SA2KNG Omni UHF/VHF-KP03cu
2026-08-22 12:16:48|8AA68EA66062E0828486888A8CE103F041110133C605011D00010317000021000107010DFFFF0605002A0003AA2A93896A4004FB0B1754CFFF171702001CEF5C00A41932073C0D0AD7A3703D2A4F40B9|14853518|SA2KNG Omni UHF/VHF-KP03cu
2026-08-22 12:16:48|8AA68EA66062E0828486888A8CE103F040110133C505011D0001385E03000070170000DF13000000000000000000007017000000000000000000000000000070170000020D000028030000F00A000070|14853518|SA2KNG Omni UHF/VHF-KP03cu
2026-08-22 12:16:47|8AA68EA66062E0828486888A8CE103F03F110133C40501090000090000000000000000001D000160D53E0000FA3E00005A000000AA050000512F000000000000FA00000070170000C013000093000000|14853518|SA2KNG Omni UHF/VHF-KP03cu
2026-08-22 12:16:47|8AA68EA66062E0828486888A8CE103F03E110133C305010700010A010000010000013C000008000116615F69005100000D00000000010000010000013D00000900001600000000000000000000000000|14853518|SA2KNG Omni UHF/VHF-KP03cu
2026-08-22 12:16:46|8AA68EA66062E0828486888A8CE103F03D110133C205010100010B058600210001001000000006000116FC5E6900C909000F000000000100000100000168020007000116635F69003E03000E00000000|14853518|SA2KNG Omni UHF/VHF-KP03cu
2026-08-22 12:16:05|8AA68EA66062E0828486888A8CE103F03C1101834332A9E703000000000000000000000051030000000000000000000000000000000000000000000000000000|14853518|SA2KNG Omni UHF/VHF-KP03cu
2026-08-22 12:16:05|8AA68EA66062E0828486888A8CE103F03B1101824332FEAF69000E010000080000008882AB9B240000000000D73E00000000000000000000|14853518|SA2KNG Omni UHF/VHF-KP03cu
2026-08-22 12:16:05|8AA68EA66062E0828486888A8CE103F03A110180456E6475726F736174|14853518|SA2KNG Omni UHF/VHF-KP03cu
2026-08-22 12:15:55|8AA68EA66062E0828486888A8CE103F039110133C105016200010A0000000000004C2CBC436400010F010300B45F7017F4054301D03EA04B|14853518|SA2KNG Omni UHF/VHF-KP03cu
2026-08-22 12:15:55|8AA68EA66062E0828486888A8CE103F038110133C005015E00010501000040005F000110AD0FAC0FFFFFFFFFFFFFFFFFAD0FAB0F6000010F010300403338092E037E00BC3E5C496200010F0100000000|14853518|SA2KNG Omni UHF/VHF-KP03cu
2026-08-22 12:15:54|8AA68EA66062E0828486888A8CE103F037110133BF05014E00030D000000000000000000000000005900010DFEFFFFFFD93E2300FA400000035B000108D93E2700B905B5005D000106B43D00007000|14853518|SA2KNG Omni UHF/VHF-KP03cu
2026-08-22 12:15:54|8AA68EA66062E0828486888A8CE103F036110133BE050146000112000066E6C8430000000000000000702B22E74E00032C00000000000000000000000000000000000000000000000000000000000000|14853518|SA2KNG Omni UHF/VHF-KP03cu
2026-08-22 12:15:53|8AA68EA66062E0828486888A8CE103F035110133BD05014600014700000000000000DCB425953563A4C0C53EA0C5F5F6ACC08608CDF7CB3AB840E0782640055C9C3FBBF2144100000000000000000000|14853518|SA2KNG Omni UHF/VHF-KP03cu
2026-08-22 12:15:53|8AA68EA66062E0828486888A8CE103F034110133BC05014600017C48804802CF44FA43010000000000000027C4A87FABFB5141C0E54EE1D94D4841EE33C58132884D41B1AF314379E0A5424E981F4401|14853518|SA2KNG Omni UHF/VHF-KP03cu
2026-08-22 12:15:52|8AA68EA66062E0828486888A8CE103F033110133BB05013A00011D00225D32BFB625243B9EF70F3F9BFEE33E8E97F73CA95CCFBD600B093D46000190AA44121CF100002070000000A2828009A0248821|14853518|SA2KNG Omni UHF/VHF-KP03cu
2026-08-22 12:15:52|8AA68EA66062E0828486888A8CE103F032110133BA05013900012A3FFA7E6ABC7493783FFCA9F1D24D62503F000000000000000000000000000000000000000000000000063A000124F692896A40420F|14853518|SA2KNG Omni UHF/VHF-KP03cu
2026-08-22 12:15:52|8AA68EA66062E0828486888A8CE103F031110133B905013900015FAEBF7B14AE47E17A84BFF3B926B3E70B7FB29CDA2D3493CB7F48BF7D5D3FC7BAB88D06F056BFFCA9F1D24D62403FFCA9F1D24D6270|14853518|SA2KNG Omni UHF/VHF-KP03cu
2026-08-22 12:15:51|8AA68EA66062E0828486888A8CE103F030110133B80501390001947E6ABC749388BFD6E76A2BF6979DBFB81E85EB51B89E3F9A9999999999B9BFB81E85EB51B89E3F0000000000000000B81E85EB51B8|14853518|SA2KNG Omni UHF/VHF-KP03cu
2026-08-22 12:15:50|8AA68EA66062E0828486888A8CE103F02F110133B70501390001C9AEF755C0000000000090614041F163CC5D4BE6BF7B14AE47E17A643F1EA7E8482EFFE13FC8293A92CB7FDC3F752497FF907EABBFFA|14853518|SA2KNG Omni UHF/VHF-KP03cu
2026-08-22 12:15:50|8AA68EA66062E0828486888A8CE103F02E110133B605012A00031D40A4703D0AD77366400A9FC1FF7733C5FF4FDB3A00BD015D0000000002390003DDED92896A808D5B00D7A3703D0A7743C000000000|14853518|SA2KNG Omni UHF/VHF-KP03cu
2026-08-22 12:15:49|8AA68EA66062E0828486888A8CE103F02D110133B505012A000352703D0AF7434024B9FC87F4DBDFBF3B014D840D4FE3BF560E2DB29DEFE3BF9A99999999B949400000000000000000B81E85EB51185A|14853518|SA2KNG Omni UHF/VHF-KP03cu
2026-08-22 12:15:49|8AA68EA66062E0828486888A8CE103F02C110133B405012A0003871E85EB51384D40B81E85EB51383940F6285C8FC213804000000000000000000000000015AE47E17A9427405C8FC2F5285C1340D7A3|14853518|SA2KNG Omni UHF/VHF-KP03cu
2026-08-22 12:15:48|8AA68EA66062E0828486888A8CE103F02B110133B305011D00010317000021000107010DFFFF0605002A0003AAED92896A808D5B009C50C9FFB25D0000368F5900A7183807FC0ECDCCCCCCCC4C4D40B8|14853518|SA2KNG Omni UHF/VHF-KP03cu
2026-08-22 12:15:48|8AA68EA66062E0828486888A8CE103F02A110133B205011D0001385E03000070170000DF13000000000000020000007017000000000000000000000000000070170000000D00002E030000090B000070|14853518|SA2KNG Omni UHF/VHF-KP03cu
2026-08-22 12:15:48|8AA68EA66062E0828486888A8CE103F029110133B10501090000090000000000000000001D000160D53E0000033F0000530000003A050000542F000000000000FA00000070170000C013000097000000|14853518|SA2KNG Omni UHF/VHF-KP03cu
2026-08-22 12:15:47|8AA68EA66062E0828486888A8CE103F028110133B005010700010A0100000100000144000008000116245F69006C00000E00000000010000010000014700000900001600000000000000000000000000|14853518|SA2KNG Omni UHF/VHF-KP03cu
2026-08-22 12:15:47|8AA68EA66062E0828486888A8CE103F027110133AF05010100010B054A00210001001000000006000116BF5E6900C909000F00000000010000010000015E020007000116275F6900AE04000E00000000|14853518|SA2KNG Omni UHF/VHF-KP03cu
2026-08-22 12:11:05|8AA68EA66062E0828486888A8CE103F0CE1101834332A9E703000000000000000000000051030000000000000000000000000000000000000000000000000000|14853479|Plyachka-KN12rl
2026-08-22 12:11:04|8AA68EA66062E0828486888A8CE103F0CD1101824332D2AE6900050100000800000088823D9B240000000000D73E00000000000000000000|14853479|Plyachka-KN12rl
2026-08-22 12:11:04|8AA68EA66062E0828486888A8CE103F0CC110180456E6475726F736174|14853479|Plyachka-KN12rl
2026-08-22 12:10:55|8AA68EA66062E0828486888A8CE103F0CB1101336205016200010A000000000000E8261C436400010F010300C2834A243208E401D03E004B|14853479|Plyachka-KN12rl
2026-08-22 12:10:55|8AA68EA66062E0828486888A8CE103F0CA1101336105015E00010501000040005F000110AD0FAB0FFFFFFFFFFFFFFFFFAD0FAD0F6000010F0100000000000000000000D4260A506200010F0100000000|14853479|Plyachka-KN12rl
2026-08-22 12:10:54|8AA68EA66062E0828486888A8CE103F0C91101336005014E00030D000000000000000000000000005900010DFEFFFFFFD83E3A00B03E0000035B000108D83E3E001B07AF005D000106A53D00006600|14853479|Plyachka-KN12rl
2026-08-22 12:10:54|8AA68EA66062E0828486888A8CE103F0C81101335F05014600011200009A99CB420000000000000000E26CE28C4E00032C00000000000000000000000000000000000000000000000000000000000000|14853479|Plyachka-KN12rl
2026-08-22 12:10:53|8AA68EA66062E0828486888A8CE103F0C71101335E05014600014700000000000000DCB425953563A4C0C53EA0C5F5F6ACC08608CDF7CB3AB840E0782640055C9C3FBBF2144100000000000000000000|14853479|Plyachka-KN12rl
2026-08-22 12:10:53|8AA68EA66062E0828486888A8CE103F0C61101335D05014600017C48004802CF44FA43010000000000000027C4A87FABFB5141C0E54EE1D94D4841EE33C58132884D41B1AF314379E0A5424E981F4401|14853479|Plyachka-KN12rl
2026-08-22 12:10:52|8AA68EA66062E0828486888A8CE103F0C51101335C05013A00011D0B63A757BF99522C3B07789B3E3FEAE33E0F6DC83C2A03CDBD26B4033D46000190AA44121CF1000020700000009A828009C0908321|14853479|Plyachka-KN12rl
2026-08-22 12:10:52|8AA68EA66062E0828486888A8CE103F0C41101335B05013900012A3F7B14AE47E17A743FFA7E6ABC7493683F000000000000000000000000000000000000000000000000063A000124C991896A4004FB|14853479|Plyachka-KN12rl
2026-08-22 12:10:51|8AA68EA66062E0828486888A8CE103F0C31101335A05013900015FAEBF7B14AE47E17A94BFF57E90B2364CD9B2DFDFC633C7BAB88D06F046BF93CB7F48BF7D5DBFE19C11A5BDC1673FFCA9F1D24D6250|14853479|Plyachka-KN12rl
2026-08-22 12:10:51|8AA68EA66062E0828486888A8CE103F0C2110133590501390001942575029A088BBF4A0C022B871699BF7B14AE47E17A943F9A9999999999B9BFB81E85EB51B89E3F7B14AE47E17A843FB81E85EB51B8|14853479|Plyachka-KN12rl
2026-08-22 12:10:50|8AA68EA66062E0828486888A8CE103F0C1110133580501390001C90A2F60C08FC2F5285C87634014D044D8F0F4EABF95F6065F984C653F8FE4F21FD26FD33F3FC6DCB5847CDC3F03098A1F63EEAABF46|14853479|Plyachka-KN12rl
2026-08-22 12:10:50|8AA68EA66062E0828486888A8CE103F0C01101335705012A00011D40AE47E17A14CE65C09F76D4FF4E97C3FF44502A00BD015D0000000002390001DDC991896A4004FB0B3E0AD7A3705D48C0D7A3703D|14853479|Plyachka-KN12rl
2026-08-22 12:10:49|8AA68EA66062E0828486888A8CE103F0BF1101335605012A000152CCCCCC0C40403CBD5296218ED1BF3B014D840D4FE3BF857CD0B359F5E7BF52B81E85EBD144400000000000000000C3F5285C8FF258|14853479|Plyachka-KN12rl
2026-08-22 12:10:49|8AA68EA66062E0828486888A8CE103F0BE1101335505012A00018785EB51B8FE43405C8FC2F5283C404090C2F5285CEB7F4000000000000000000000000052B81E85EB91334015AE47E17A1415406766|14853479|Plyachka-KN12rl
2026-08-22 12:10:48|8AA68EA66062E0828486888A8CE103F0BD1101335405011D00010317000021000107010DFFFF0605002A0001AAC391896A404ABE2F1B21B0FFB11CF8FFB8AB43005712DE06611615AE47E17A1444401F|14853479|Plyachka-KN12rl
2026-08-22 12:10:48|8AA68EA66062E0828486888A8CE103F0BC1101335305011D0001385E03000070170000E013000000000000010000007017000000000000000000000000000070170000020D000036030000E30A000070|14853479|Plyachka-KN12rl
2026-08-22 12:10:47|8AA68EA66062E0828486888A8CE103F0BB110133520501090000090000000000000000001D000160D53E0000FA3E0000690000009C060000502F000000000000FA00000070170000C113000093000000|14853479|Plyachka-KN12rl
2026-08-22 12:10:47|8AA68EA66062E0828486888A8CE103F0BA1101335105010700010A010000010000013C000008000116F95D69005500000E00000000010000010000015800000900001600000000000000000000000000|14853479|Plyachka-KN12rl
2026-08-22 12:10:46|8AA68EA66062E0828486888A8CE103F0B91101335005010100010B051EFF200001001000000006000116945D6900C909000F00000000010000010000014F020007000116FC5D69001002000E00000000|14853479|Plyachka-KN12rl
2026-08-22 12:10:04|8AA68EA66062E0828486888A8CE103F0B81101834332A9E703000000000000000000000051030000000000000000000000000000000000000000000000000000|14853479|Plyachka-KN12rl
2026-08-22 12:10:04|8AA68EA66062E0828486888A8CE103F0B7110182433296AE690000010000080000008882279B240000000000D73E00000000000000000000|14853479|Plyachka-KN12rl
2026-08-22 12:10:04|8AA68EA66062E0828486888A8CE103F0B6110180456E6475726F736174|14853479|Plyachka-KN12rl
2026-08-22 12:09:55|8AA68EA66062E0828486888A8CE103F0B51101334E05015E00010501000040005F000110AC0FAB0FFFFFFFFFFFFFFFFFAB0FAB0F6000010F0100000000000000000000382CAA506200010F0100000000|14853479|Plyachka-KN12rl
2026-08-22 12:09:54|8AA68EA66062E0828486888A8CE103F0B31101334C05014600011200003333274200000000000000005481E11E4E00032C00000000000000000000000000000000000000000000000000000000000000|14853479|Plyachka-KN12rl
2026-08-22 12:09:53|8AA68EA66062E0828486888A8CE103F0B21101334B05014600014700000000000000DCB425953563A4C0C53EA0C5F5F6ACC08608CDF7CB3AB840E0782640055C9C3FBBF2144100000000000000000000|14853479|Plyachka-KN12rl
2026-08-22 12:09:51|8AA68EA66062E0828486888A8CE103F0AE1101334705013900015FB1BF7B14AE47E17A84BFFEBED9B2F4BE62B26245AF331461C3D32B65693F00000000000000002F6EA301BC05523FFCA9F1D24D6260|14853479|Plyachka-KN12rl
2026-08-22 12:09:51|8AA68EA66062E0828486888A8CE103F0AD1101334605013900019496218E75718BBF3D9B559FABAD98BF7B14AE47E17A943F9A9999999999B9BF7B14AE47E17AA43F7B14AE47E17A843FEC51B81E85EB|14853479|Plyachka-KN12rl
2026-08-22 12:09:50|8AA68EA66062E0828486888A8CE103F0AB1101334405012A00011D40EC51B81E85B365C07000D9FFA541C3FFABB62700BD015D0000000002390001DD8C91896A40420F0015AE47E17A1449C0EC51B81E|14853479|Plyachka-KN12rl
2026-08-22 12:09:49|8AA68EA66062E0828486888A8CE103F0AA1101334305012A0001521E85EB913D4025068195438BCCBF3B014D840D4FE3BFC8293A92CB7FE8BF9A99999999194440000000000000000052B81E85EBD158|14853479|Plyachka-KN12rl
2026-08-22 12:09:49|8AA68EA66062E0828486888A8CE103F0A91101334205012A000187000000004042409A99999999B940403E0AD7A370E17F400000000000000000000000009A9999999919354048E17A14AE47154052B8|14853479|Plyachka-KN12rl
2026-08-22 12:09:48|8AA68EA66062E0828486888A8CE103F0A81101334105011D00010317000021000107010DFFFF0605002A0001AA8C91896A40420F002049ACFF7AA1F6FF98AA3E00EA10B7068517F6285C8FC255424000|14853479|Plyachka-KN12rl
2026-08-22 12:09:48|8AA68EA66062E0828486888A8CE103F0A61101333F0501090000090000000000000000001D000160D53E0000FA3E00004B000000B9040000562F000000000000FA00000070170000BF13000093000000|14853479|Plyachka-KN12rl
2026-08-22 12:09:46|8AA68EA66062E0828486888A8CE103F0A41101333D05010100010B05E2FE2000010010000000060001165C5D6900C909000F00000000010000010000014F020007000116C45D69007F02000E00000000|14853479|Plyachka-KN12rl
2026-08-22 12:09:04|8AA68EA66062E0828486888A8CE103F0A31101834332A9E703000000000000000000000051030000000000000000000000000000000000000000000000000000|14853479|Plyachka-KN12rl
2026-08-22 12:09:04|8AA68EA66062E0828486888A8CE103F0A1110180456E6475726F736174|14853479|Plyachka-KN12rl
2026-08-22 07:54:54|8AA68EA66062E0828486888A8CE103F0561101336005014E00030D000000000000000000000000005900010DFEFFFFFF913E42FE69480000035B000108923E45FE5718C7005D0001065F3D8C008100|14848516|Jim UHF-FM03kt
2026-08-22 07:54:50|8AA68EA66062E0828486888A8CE103F04E110133580501390001C9E17AA4BF0AD7A3703D0AB7BF2D431CEBE2364ABF2D431CEBE2363ABF2D431CEBE2364ABF000000000000F03F2AA913D044D8A0BF6D|14848516|Jim UHF-FM03kt
2026-08-22 07:54:49|8AA68EA66062E0828486888A8CE103F04C1101335605012A00015251B81EC53D4011C7BAB88D06E4BF95F6065F984CE3BF623255302AA9DF3FA4703D0AD7D35D400000000000000000295C8FC2F5A858|14848516|Jim UHF-FM03kt
2026-08-22 07:54:49|8AA68EA66062E0828486888A8CE103F04B1101335505012A00018733333333B33E40E17A14AE473152C015AE47E17AEC7F400000000000000000000000003E0AD7A370FD31C052B81E85EB51194085EB|14848516|Jim UHF-FM03kt
2026-08-22 07:54:48|8AA68EA66062E0828486888A8CE103F0491101335305011D0001385E03000070170000DF13000000000000010000007017000000000000000000000000000070170000040D0000F4020000280A000070|14848516|Jim UHF-FM03kt
2026-08-22 07:54:47|8AA68EA66062E0828486888A8CE103F048110133520501090000090000000000000000001D000160673E00008C3E00005B000000B1050000542F000000000000FA00000070170000C113000093000000|14848516|Jim UHF-FM03kt
2026-08-22 07:54:41|8AA68EA66062E0828486888A8CE103F0441101824332CB7269002C010000080000008882B586240000000000CD3E00000000000000000000|14848516|Jim UHF-FM03kt
2026-08-22 07:54:41|8AA68EA66062E0828486888A8CE103F043110180456E6475726F736174|14848516|Jim UHF-FM03kt
2026-08-22 07:53:55|8AA68EA66062E0828486888A8CE103F0421101334F05016200010A000000000000000000006400010F000000000000000000000000000000|14848516|Jim UHF-FM03kt
2026-08-22 07:53:54|8AA68EA66062E0828486888A8CE103F0401101334D05014E00030D000000000000000000000000005900010DFEFFFFFF9C3E39FE09480000035B000108983EFEFDBA1CC7005D000106513DDA018100|14848516|Jim UHF-FM03kt
2026-08-22 07:53:54|8AA68EA66062E0828486888A8CE103F03F1101334C0501460001120000000000001414140000020101EC944E4E4E00032C00000000000000000000000000000000000000000000000000000000000000|14848516|Jim UHF-FM03kt
2026-08-22 07:53:53|8AA68EA66062E0828486888A8CE103F03E1101334B050146000147000000080000003BFD0417CE6C6BC04A506EB4D89FB1C081517DE02D4DB8C03BF9683D96B48C3DA8B0933D00000000000000000000|14848516|Jim UHF-FM03kt
2026-08-22 07:53:53|8AA68EA66062E0828486888A8CE103F03D1101334A05014600017C48000002CF44FA430000000010000000E1FBF103FCFF3A41633C5BA3BDAB54C19C0D4A170F6D4D4118E068401F9D9040B1F5A44000|14848516|Jim UHF-FM03kt
2026-08-22 07:53:52|8AA68EA66062E0828486888A8CE103F03B1101334805013900012A3FFCA9F1D24D62503FFCA9F1D24D62503F000000000000000000000000000000000000000000000000063A0001248F55896AC0E1E4|14848516|Jim UHF-FM03kt
2026-08-22 07:53:51|8AA68EA66062E0828486888A8CE103F03A1101334705013900015FB1BF7B14AE47E17A843F028A0AB4D4EA14B3E342243455C1A8A44E40A3BF1461C3D32B65793F28A089B0E1E995BFFCA9F1D24D6250|14848516|Jim UHF-FM03kt
2026-08-22 07:53:51|8AA68EA66062E0828486888A8CE103F0391101334605013900019422FDF675E08CBF2D431CEBE2369ABFB81E85EB51B89E3F00000000000000007B14AE47E17A943FB81E85EB51B89E3FEC51B81E85EB|14848516|Jim UHF-FM03kt
2026-08-22 07:53:41|8AA68EA66062E0828486888A8CE103F036110180456E6475726F736174|14848516|Jim UHF-FM03kt
2026-08-22 07:52:55|8AA68EA66062E0828486888A8CE103F0351101333C05016200010A000000000000000000006400010F000000000000000000000000000000|14848516|Jim UHF-FM03kt
2026-08-22 07:52:55|8AA68EA66062E0828486888A8CE103F0341101333B05015E00010501000048005F0001109B0F980FFFFFFFFFFFFFFFFF9B0F960F6000010F0000000000000000000000000000006200010F0000000000|14848516|Jim UHF-FM03kt
2026-08-22 07:52:54|8AA68EA66062E0828486888A8CE103F0331101333A05014E00030D000000000000000000000000005900010DFEFFFFFFA63EF5FD09480000035B000108A63E04FE631CC7005D000106513DE3017B00|14848516|Jim UHF-FM03kt
2026-08-22 07:52:53|8AA68EA66062E0828486888A8CE103F0301101333705014600017C48000002CF44FA430000000010000000E59BD243391F3B4142967D98CA9753C1CD7E1CAE5E1A504117CC604079647B4047DEB44000|14848516|Jim UHF-FM03kt
2026-08-22 07:52:52|8AA68EA66062E0828486888A8CE103F02E1101333505013900012A3FFCA9F1D24D62503FFCA9F1D24D62503F000000000000000000000000000000000000000000000000063A0001245155896A404ABE|14848516|Jim UHF-FM03kt
2026-08-22 07:52:50|8AA68EA66062E0828486888A8CE103F02B110133320501390001C985EBC1BF85EB51B81E85FF3F2D431CEBE2366A3F95F6065F984C55BF22FDF675E09C913F3C4ED1915CFEEF3F910F7A36AB3EA7BF2D|14848516|Jim UHF-FM03kt
2026-08-22 03:08:52|8AA68EA66062E0828486888A8CE103F0111101332205013A00011D0C728D50BBACF473B97BAC72BAA4FF7F3F0AB9303D42D9833A8134F63B46000190AA44121CF100002070000000AE828009F057931F|14847921|EA4TA-IN80ck
2026-08-22 03:08:51|8AA68EA66062E0828486888A8CE103F00E1101331F050139000194575BB1BFEC8EBFACADD85F764F9EBF7B14AE47E17AA43F00000000000000007B14AE47E17A843F7B14AE47E17AA43FB81E85EB51B8|14847921|EA4TA-IN80ck
2026-08-22 03:08:50|8AA68EA66062E0828486888A8CE103F00D1101331E0501390001C951B89EBF295C8FC2F528BCBF2D431CEBE2366ABF2D431CEBE2362ABF93CB7F48BF7D4DBF000000000000F03FAED85F764F1EA6BF3F|14847921|EA4TA-IN80ck
2026-08-22 03:08:50|8AA68EA66062E0828486888A8CE103F00C1101331D05012A00011DC052B81E85EB11314057DA3800335FF6FF8B9C1A008B006F0000000102390001DDBF12896A80460A0C0AD7A3703D0AD7BFB81E85EB|14847921|EA4TA-IN80ck
2026-08-22 03:08:49|8AA68EA66062E0828486888A8CE103F00B1101331C05012A000152CCCCCC4C3A404A9D8026C286E5BF2A3A92CB7F48E3BF280F0BB5A679DB3F6766666666C65C4000000000000000001F85EB51B8CE58|14847921|EA4TA-IN80ck
2026-08-22 03:08:49|8AA68EA66062E0828486888A8CE103F00A1101331B05012A000187D7A3703D2A42409A9999999999C9BF0000000000F87F400000000000000000000000008FC2F5285C8F35C00AD7A3703D0A0B40CDCC|14847921|EA4TA-IN80ck
2026-08-22 03:08:48|8AA68EA66062E0828486888A8CE103F0091101331A05011D00010317000021000107010DFFFF0605002A0001AABF12896A80460A0C6B04510089E11800A9013E0001128A0058E800000000004042400A|14847921|EA4TA-IN80ck
2026-08-22 03:08:48|8AA68EA66062E0828486888A8CE103F0081101331905011D0001384503000070170000DF13000000000000010000007017000000000000000000000000000070170000020D000029030000090B000070|14847921|EA4TA-IN80ck
2026-08-22 03:08:47|8AA68EA66062E0828486888A8CE103F007110133180501090000090000000000000000001D000160713E00009E3E00006A000000A3060000582F000000000000E100000070170000C113000093000000|14847921|EA4TA-IN80ck
2026-08-22 03:08:47|8AA68EA66062E0828486888A8CE103F0061101331705010700010A01000001000001A6FF000800011674DF68000D00000D0000000001000001000001C1FF000900001600000000000000000000000000|14847921|EA4TA-IN80ck
2026-08-22 03:08:46|8AA68EA66062E0828486888A8CE103F0051101331605010100010B0516802000010010000000060001160FDF68000D00000F00000000010000010000012B02000700011676DF68000D00000E00000000|14847921|EA4TA-IN80ck
2026-08-22 03:08:20|8AA68EA66062E0828486888A8CE103F0041101834332A9E703000000000000000000000051030000000000000000000000000000000000000000000000000000|14847921|EA4TA-IN80ck
2026-08-22 03:08:20|8AA68EA66062E0828486888A8CE103F0031101824332BF2F690029010000080000008882746E240000000000983E00000000000000000000|14847921|EA4TA-IN80ck
2026-08-22 03:08:20|8AA68EA66062E0828486888A8CE103F002110180456E6475726F736174|14847921|EA4TA-IN80ck
2026-08-22 03:07:55|8AA68EA66062E0828486888A8CE103F0011101331505016200010A000000000000000000006400010F01000000000000000000000226B243|14847921|EA4TA-IN80ck
2026-08-22 03:07:55|8AA68EA66062E0828486888A8CE103F0001101331405015E00010501000040005F000110AD0FAC0FFFFFFFFFFFFFFFFFAC0FAE0F6000010F0000000000000000000000000000006200010F0000000000|14847921|EA4TA-IN80ck
2026-08-22 03:07:54|8AA68EA66062E0828486888A8CE103F0FF1101331305014E00030D000000000000000000000000005900010DFEFFFFFFD73ECEFF78470000035B000108DA3EFBFFDB02C6005D000106A53D00007B00|14847921|EA4TA-IN80ck
2026-08-22 03:07:54|8AA68EA66062E0828486888A8CE103F0FE1101331205014600011200000040314400000000000000003687AB844E00032C00000000000000000000000000000000000000000000000000000000000000|14847921|EA4TA-IN80ck
2026-08-22 03:07:53|8AA68EA66062E0828486888A8CE103F0FD110133110501460001470000000000000055108B96F7D4BD400C86F61A8E397DC05DEF85AB413184C0D6871B3F8214893F107D413F00000000000000000000|14847921|EA4TA-IN80ck
2026-08-22 03:07:53|8AA68EA66062E0828486888A8CE103F0FC1101331005014600017C48004802CF44FA430100000000000000D14BD189AD3E23413E5BDE0854582A417B4C52C5A0E85941648D8D42A2B4D7426C36B74201|14847921|EA4TA-IN80ck
2026-08-22 03:07:52|8AA68EA66062E0828486888A8CE103F0FB1101330F05013A00011D17259E9A3E60E89ABC59341A3F4D183D3F41FE25C079464B3EAE9CD0C046000190AA44121CF100002070000000A2828009906D921F|14847921|EA4TA-IN80ck
2026-08-22 03:07:52|8AA68EA66062E0828486888A8CE103F0FA1101330E05013900012A3FFCA9F1D24D62503FFCA9F1D24D62503F000000000000000000000000000000000000000000000000063A0001248712896A8008F6|14847921|EA4TA-IN80ck
2026-08-22 03:07:51|8AA68EA66062E0828486888A8CE103F0F91101330D05013900015FC93F713D0AD7A3700DC090010F373584C2B6888122B7AED85F764F1E663FFCA9F1D24D6250BFC7BAB88D06F076BFFA7E6ABC749378|14847921|EA4TA-IN80ck
2026-08-22 03:07:51|8AA68EA66062E0828486888A8CE103F0F81101330C05013900019428ED0DBE3089BF32E6AE25E4839EBF00000000000010C0C3F5285C8FC2C53FAE47E17A14AE0DC033333333333310C09A9999999999|14847921|EA4TA-IN80ck
2026-08-22 03:07:50|8AA68EA66062E0828486888A8CE103F0F71101330B0501390001C9E1DA43403333333333C35E40411361C3D32BD93F97FF907EFB3AA0BF54742497FF90E83F4703780B2428E03FED0DBE30992AA8BF8D|14847921|EA4TA-IN80ck
2026-08-22 03:07:50|8AA68EA66062E0828486888A8CE103F0F61101330A05012A00011DC0E17A14AE47E131409F183E00B1CCF6FF14A11E008B006F0000000102390001DD8212896A80841E007B14AE47E17A3A407B14AE47|14847921|EA4TA-IN80ck
2026-08-22 03:07:49|8AA68EA66062E0828486888A8CE103F0F51101330905012A00015251B81E453D402B1895D40968E6BF2A3A92CB7F48E3BFC8293A92CB7FD83F5C8FC2F5280C5C4000000000000000001F85EB51B8EE58|14847921|EA4TA-IN80ck
2026-08-22 03:07:49|8AA68EA66062E0828486888A8CE103F0F41101330805012A000187AE47E17A144440D7A3703D0AD7EB3F7B14AE47E10080400000000000000000000000008FC2F5285C0F34C0AE47E17A14AE094085EB|14847921|EA4TA-IN80ck
2026-08-22 03:07:48|8AA68EA66062E0828486888A8CE103F0F31101330705011D00010317000021000107010DFFFF0605002A0001AA8212896A80841E00E6874C00C4B11800FF8343008313040196E90AD7A3703D2A444015|14847921|EA4TA-IN80ck
2026-08-22 03:07:48|8AA68EA66062E0828486888A8CE103F0F21101330605011D0001385E03000070170000DF13000000000000010000007017000000000000000000000000000070170000030D000035030000F00A000070|14847921|EA4TA-IN80ck
2026-08-22 03:07:47|8AA68EA66062E0828486888A8CE103F0F1110133050501090000090000000000000000001D000160B13E0000D53E00005300000037050000542F000000000000FA00000070170000C213000093000000|14847921|EA4TA-IN80ck
2026-08-22 03:07:47|8AA68EA66062E0828486888A8CE103F0F01101330405010700010A01000001000001B0FF000800011637DF68000E00000D0000000001000001000001C6FF000900001600000000000000000000000000|14847921|EA4TA-IN80ck
2026-08-22 03:07:46|8AA68EA66062E0828486888A8CE103F0EF1101330305010100010B05DA7F200001001000000006000116D3DE68001505000F0000000001000001000001A00200070001163ADF68000D00000D00000000|14847921|EA4TA-IN80ck
2026-08-22 03:07:20|8AA68EA66062E0828486888A8CE103F0EE1101834332A9E703000000000000000000000051030000000000000000000000000000000000000000000000000000|14847921|EA4TA-IN80ck
2026-08-22 03:07:20|8AA68EA66062E0828486888A8CE103F0ED1101824332832F6900290100000800000088825E6E240000000000983E00000000000000000000|14847921|EA4TA-IN80ck
2026-08-22 03:07:20|8AA68EA66062E0828486888A8CE103F0EC110180456E6475726F736174|14847921|EA4TA-IN80ck
2026-08-22 03:06:55|8AA68EA66062E0828486888A8CE103F0EB1101330205016200010A000000000000000000006400010F0103002EBD181F4707A601D03EB649|14847921|EA4TA-IN80ck
2026-08-22 03:06:55|8AA68EA66062E0828486888A8CE103F0EA1101330105015E00010501000040005F000110AE0FAB0FFFFFFFFFFFFFFFFFAE0FAC0F6000010F0000000000000000000000000000006200010F0000000000|14847921|EA4TA-IN80ck
2026-08-22 03:06:50|8AA68EA66062E0828486888A8CE103F0E0110133F705012A00011DC00AD7A3703DCA3240BF0D4300303AF7FFDDFF22008B006F0000000002390001DD4412896A808CCD2F295C8FC2F5283340EC51B81E|14847921|EA4TA-IN80ck
2026-08-22 03:06:49|8AA68EA66062E0828486888A8CE103F0DF110133F605012A00015214AE47E13F40C976BE9F1A2FE7BF2A3A92CB7F48E3BF9CC420B07268D53F90C2F5285C4F5B40000000000000000085EB51B81E1559|14847921|EA4TA-IN80ck
2026-08-22 03:06:49|8AA68EA66062E0828486888A8CE103F0DE110133F505012A0001870AD7A370FD45406666666666660040AE47E17A140680400000000000000000000000003E0AD7A3707D32C07B14AE47E17A0840E17A|14847921|EA4TA-IN80ck
2026-08-22 03:06:48|8AA68EA66062E0828486888A8CE103F0DD110133F405011D00010317000021000107010DFFFF0605002A0001AA4412896A808CCD2FC8B147001765180012B74800EE147C01EFEA15AE47E17A1446403E|14847921|EA4TA-IN80ck
2026-08-22 03:06:48|8AA68EA66062E0828486888A8CE103F0DC110133F305011D0001385E03000070170000DF13000000000000010000007017000000000000000000000000000070170000020D000044030000090B000070|14847921|EA4TA-IN80ck
2026-08-22 03:06:47|8AA68EA66062E0828486888A8CE103F0DB110133F20501090000090000000000000000001D000160D53E0000033F0000620000002C060000532F000000000000FA00000070170000C113000093000000|14847921|EA4TA-IN80ck
2026-08-22 03:05:54|8AA68EA66062E0828486888A8CE103F0D2110133EC05014600011200000040134400000000000000000584DF0A4E00032C00000000000000000000000000000000000000000000000000000000000000|14844522|DEX-X-JO20ul
2026-08-22 03:05:53|8AA68EA66062E0828486888A8CE103F0D0110133EA05014600017C48004802CF44FA430100000000000000D14BD189AD3E23413E5BDE0854582A417B4C52C5A0E85941648D8D42A2B4D7426C36B74201|14844522|DEX-X-JO20ul
2026-08-22 03:05:50|8AA68EA66062E0828486888A8CE103F0CA110133E405012A00011DC07B14AE47E1BA3340FB4D4700079EF7FF384627008B006F0000000002390001DD0D12896A80841E005C8FC2F5285C30403E0AD7A3|14844522|DEX-X-JO20ul
2026-08-22 03:05:49|8AA68EA66062E0828486888A8CE103F0C9110133E305012A000152AE47E1FA40403E7958A835CDE7BF2A3A92CB7F48E3BF6E3480B74082D23F713D0AD7A3A05A40000000000000000000000000004059|14844522|DEX-X-JO20ul
2026-08-22 03:05:49|8AA68EA66062E0828486888A8CE103F0C8110133E205012A000187EB51B81EE54740B81E85EB51B80A409A999999990B8040000000000000000000000000A4703D0AD7E330C05C8FC2F5285C07403333|14844522|DEX-X-JO20ul
2026-08-22 03:05:47|8AA68EA66062E0828486888A8CE103F0C5110133DF0501090000090000000000000000001D000160D53E0000FA3E00004400000048040000592F000000000000FA00000070170000C113000093000000|14844522|DEX-X-JO20ul
2026-08-22 03:05:47|8AA68EA66062E0828486888A8CE103F0C4110133DE05010700010A01000001000001B8FF0008000116C3DE68001000000D0000000001000001000001C6FF000900001600000000000000000000000000|14844522|DEX-X-JO20ul
2026-08-22 03:05:46|8AA68EA66062E0828486888A8CE103F0C3110133DD05010100010B05627F2000010010000000060001165FDE6800C909000F00000000010000010000019E020007000116C6DE68000D00000D00000000|14844522|DEX-X-JO20ul
2026-08-22 03:04:52|8AA68EA66062E0828486888A8CE103F0B9110133D605013A00011D2FCD41863EE2540F3B8B155B3FD84FE43E06366C3DC0E1D0BD0E483ABC46000190AA44121CF1000020700000009B82800970AE8F1F|14844522|DEX-X-JO20ul
2026-08-22 03:04:52|8AA68EA66062E0828486888A8CE103F0B8110133D505013900012A3FFCA9F1D24D62703F7B14AE47E17A743F000000000000000000000000000000000000000000000000063A000124CF11896A808CCD|14844522|DEX-X-JO20ul
2026-08-22 03:04:51|8AA68EA66062E0828486888A8CE103F0B7110133D405013900015FAEBF000000000000000032C6B133C19812327EE190B32F6EA301BC0552BF1461C3D32B6579BF1461C3D32B65793F7B14AE47E17A74|14844522|DEX-X-JO20ul
2026-08-22 03:04:20|8AA68EA66062E0828486888A8CE103F0AC1101834332A9E703000000000000000000000051030000000000000000000000000000000000000000000000000000|14844522|DEX-X-JO20ul
2026-08-22 03:04:19|8AA68EA66062E0828486888A8CE103F0AB1101824332CF2E6900290100000800000088821C6E240000000000983E00000000000000000000|14844522|DEX-X-JO20ul
2026-08-22 03:04:19|8AA68EA66062E0828486888A8CE103F0AA110180456E6475726F736174|14844522|DEX-X-JO20ul
2026-08-22 03:03:53|8AA68EA66062E0828486888A8CE103F0A4110133C405014600017C48804802CF44FA430100000000000000D14BD189AD3E23413E5BDE0854582A417B4C52C5A0E85941648D8D42A2B4D7426C36B74201|14844522|DEX-X-JO20ul
2026-08-22 03:03:49|8AA68EA66062E0828486888A8CE103F09C110133BC05012A000187EB51B81E854B4052B81E85EB5119400AD7A3703D168040000000000000000000000000CDCCCCCCCCCC2BC085EB51B81E850540F628|14844522|DEX-X-JO20ul
2026-08-22 03:03:48|8AA68EA66062E0828486888A8CE103F09A110133BA05011D0001385E03000070170000DF13000000000000010000007017000000000000000000000000000070170000020D000057030000470B000070|14844522|DEX-X-JO20ul
2026-08-22 03:03:47|8AA68EA66062E0828486888A8CE103F099110133B90501090000090000000000000000001D000160D53E0000033F0000620000002C060000542F000000000000FA00000070170000C013000093000000|14844522|DEX-X-JO20ul
2026-08-22 03:03:47|8AA68EA66062E0828486888A8CE103F098110133B805010700010A01000001000001C2FF00080001164ADE68001100000D0000000001000001000001C8FF000900001600000000000000000000000000|14844522|DEX-X-JO20ul
2026-08-22 01:32:55|8AA68EA66062E0828486888A8CE103F0D71101330805016200010A000000000000000000006400010F0103005A73FE1F4707CC01023F9C45|14847424|Sofia SAT Club - Hadji Boby UHF-KN21lq
2026-08-22 01:32:55|8AA68EA66062E0828486888A8CE103F0D61101330705015E00010501000040005F000110AC0FAC0FFFFFFFFFFFFFFFFFAC0FA90F6000010F0000000000000000000000000000006200010F0000000000|14847424|Sofia SAT Club - Hadji Boby UHF-KN21lq
2026-08-22 01:32:55|8AA68EA66062E0828486888A8CE103F0D71101330805016200010A000000000000000000006400010F0103005A73FE1F4707CC01023F9C45|14847488|Plyachka-KN12rl
2026-08-22 01:32:55|8AA68EA66062E0828486888A8CE103F0D61101330705015E00010501000040005F000110AC0FAC0FFFFFFFFFFFFFFFFFAC0FA90F6000010F0000000000000000000000000000006200010F0000000000|14847488|Plyachka-KN12rl
2026-08-22 01:32:54|8AA68EA66062E0828486888A8CE103F0D51101330605014E00030D000000000000000000000000005900010DFEFFFFFFDA3EFDFF47470000035B000108DA3EFAFFD502C6005D000106B43D00008100|14847424|Sofia SAT Club - Hadji Boby UHF-KN21lq
2026-08-22 01:32:54|8AA68EA66062E0828486888A8CE103F0D4110133050501460001120000008016440000000000000000F2D9976E4E00032C00000000000000000000000000000000000000000000000000000000000000|14847424|Sofia SAT Club - Hadji Boby UHF-KN21lq
2026-08-22 01:32:54|8AA68EA66062E0828486888A8CE103F0D51101330605014E00030D000000000000000000000000005900010DFEFFFFFFDA3EFDFF47470000035B000108DA3EFAFFD502C6005D000106B43D00008100|14847488|Plyachka-KN12rl
2026-08-22 01:32:54|8AA68EA66062E0828486888A8CE103F0D4110133050501460001120000008016440000000000000000F2D9976E4E00032C00000000000000000000000000000000000000000000000000000000000000|14847488|Plyachka-KN12rl
2026-08-22 01:32:53|8AA68EA66062E0828486888A8CE103F0D311013304050146000147000000000000001629A277F5EBBB40DF0945065CC4A240D180A4CB239A96C003A5A33ED633983F0FBE1D3F00000000000000000000|14847424|Sofia SAT Club - Hadji Boby UHF-KN21lq
2026-08-22 01:32:53|8AA68EA66062E0828486888A8CE103F0D21101330305014600017C48804802CF44FA430100000000000000E6A7465707392C4157FA87BA9BA83341932F3DF08F855941356F804198397B421F97C44101|14847424|Sofia SAT Club - Hadji Boby UHF-KN21lq
2026-08-22 01:32:53|8AA68EA66062E0828486888A8CE103F0D311013304050146000147000000000000001629A277F5EBBB40DF0945065CC4A240D180A4CB239A96C003A5A33ED633983F0FBE1D3F00000000000000000000|14847488|Plyachka-KN12rl
2026-08-22 01:32:53|8AA68EA66062E0828486888A8CE103F0D21101330305014600017C48804802CF44FA430100000000000000E6A7465707392C4157FA87BA9BA83341932F3DF08F855941356F804198397B421F97C44101|14847488|Plyachka-KN12rl
2026-08-22 01:32:52|8AA68EA66062E0828486888A8CE103F0D11101330205013A00011D0BCDF9D53EF28CA13A82784A3F1DDEE43E9D4F763DCC3CBDBD606879BC46000190AA44121CF100002070000000A1828009F0733B1F|14847424|Sofia SAT Club - Hadji Boby UHF-KN21lq
2026-08-22 01:32:52|8AA68EA66062E0828486888A8CE103F0D01101330105013900012A3F7B14AE47E17A743FFCA9F1D24D62603F000000000000000000000000000000000000000000000000063A00012440FC886A4004FB|14847424|Sofia SAT Club - Hadji Boby UHF-KN21lq
2026-08-22 01:32:52|8AA68EA66062E0828486888A8CE103F0D11101330205013A00011D0BCDF9D53EF28CA13A82784A3F1DDEE43E9D4F763DCC3CBDBD606879BC46000190AA44121CF100002070000000A1828009F0733B1F|14847488|Plyachka-KN12rl
2026-08-22 01:32:52|8AA68EA66062E0828486888A8CE103F0D01101330105013900012A3F7B14AE47E17A743FFCA9F1D24D62603F000000000000000000000000000000000000000000000000063A00012440FC886A4004FB|14847488|Plyachka-KN12rl
2026-08-22 01:32:51|8AA68EA66062E0828486888A8CE103F0CE110133FF0501390001942575029A088BBFD200DE02098A9FBFB81E85EB51B8AE3F0AD7A3703D0AB7BF7B14AE47E17A94BF7B14AE47E17A943F9A9999999999|14847394|Sofia SAT Club - Bay Ivan-KN22lx
2026-08-22 01:32:51|8AA68EA66062E0828486888A8CE103F0CF1101330005013900015FA9BF7B14AE47E17A843F5016D032A5B0DEAFACF349B3623255302AA933BFAED85F764F1E663F9CC420B0726881BFFA7E6ABC749378|14847424|Sofia SAT Club - Hadji Boby UHF-KN21lq
2026-08-22 01:32:51|8AA68EA66062E0828486888A8CE103F0CE110133FF0501390001942575029A088BBFD200DE02098A9FBFB81E85EB51B8AE3F0AD7A3703D0AB7BF7B14AE47E17A94BF7B14AE47E17A943F9A9999999999|14847424|Sofia SAT Club - Hadji Boby UHF-KN21lq
2026-08-22 01:32:51|8AA68EA66062E0828486888A8CE103F0CF1101330005013900015FA9BF7B14AE47E17A843F5016D032A5B0DEAFACF349B3623255302AA933BFAED85F764F1E663F9CC420B0726881BFFA7E6ABC749378|14847488|Plyachka-KN12rl
2026-08-22 01:32:51|8AA68EA66062E0828486888A8CE103F0CE110133FF0501390001942575029A088BBFD200DE02098A9FBFB81E85EB51B8AE3F0AD7A3703D0AB7BF7B14AE47E17A94BF7B14AE47E17A943F9A9999999999|14847488|Plyachka-KN12rl
2026-08-22 01:32:50|8AA68EA66062E0828486888A8CE103F0CC110133FD05012A00011DC0AE47E17A14EE31402DB63F004B401E00B7EF25001401A80000000002390001DD40FC886A4004FB0B52B81E85EBD1354000000000|14847394|Sofia SAT Club - Bay Ivan-KN22lx
2026-08-22 01:32:50|8AA68EA66062E0828486888A8CE103F0CD110133FE0501390001C900C04640E17A14AE47496040C9E53FA4DFBEDA3F623255302AA9533F3B014D840D4FE93FCFF753E3A59BDC3F95D40968226CA8BF46|14847424|Sofia SAT Club - Hadji Boby UHF-KN21lq
2026-08-22 01:32:50|8AA68EA66062E0828486888A8CE103F0CC110133FD05012A00011DC0AE47E17A14EE31402DB63F004B401E00B7EF25001401A80000000002390001DD40FC886A4004FB0B52B81E85EBD1354000000000|14847424|Sofia SAT Club - Hadji Boby UHF-KN21lq
2026-08-22 01:32:50|8AA68EA66062E0828486888A8CE103F0CD110133FE0501390001C900C04640E17A14AE47496040C9E53FA4DFBEDA3F623255302AA9533F3B014D840D4FE93FCFF753E3A59BDC3F95D40968226CA8BF46|14847488|Plyachka-KN12rl
2026-08-22 01:32:50|8AA68EA66062E0828486888A8CE103F0CC110133FD05012A00011DC0AE47E17A14EE31402DB63F004B401E00B7EF25001401A80000000002390001DD40FC886A4004FB0B52B81E85EBD1354000000000|14847488|Plyachka-KN12rl
2026-08-22 01:32:49|8AA68EA66062E0828486888A8CE103F0CB110133FC05012A000152C2F5289C3F40F697DD938785E6BF48E17A14AE47E3BFBBB88D06F016D83FC3F5285C8FF25B4000000000000000003333333333F358|14847424|Sofia SAT Club - Hadji Boby UHF-KN21lq
2026-08-22 01:32:49|8AA68EA66062E0828486888A8CE103F0CA110133FB05012A000187AE47E17A5444407B14AE47E1BA38403E0AD7A3700180400000000000000000000000008FC2F5285CCF33C0AE47E17A14AEFB3F5C8F|14847424|Sofia SAT Club - Hadji Boby UHF-KN21lq
2026-08-22 01:32:49|8AA68EA66062E0828486888A8CE103F0CB110133FC05012A000152C2F5289C3F40F697DD938785E6BF48E17A14AE47E3BFBBB88D06F016D83FC3F5285C8FF25B4000000000000000003333333333F358|14847488|Plyachka-KN12rl
2026-08-22 01:32:49|8AA68EA66062E0828486888A8CE103F0CA110133FB05012A000187AE47E17A5444407B14AE47E1BA38403E0AD7A3700180400000000000000000000000008FC2F5285CCF33C0AE47E17A14AEFB3F5C8F|14847488|Plyachka-KN12rl
2026-08-22 01:32:48|8AA68EA66062E0828486888A8CE103F0C9110133FA05011D00010317000021000107010DFFFF0605002A0001AA3AFC886A404ABE2F4A884B00928D180068AD4400D5131901DFE9F6285C8FC29544401F|14847424|Sofia SAT Club - Hadji Boby UHF-KN21lq
2026-08-22 01:32:48|8AA68EA66062E0828486888A8CE103F0C8110133F905011D0001385E03000070170000DF13000000000000010000007017000000000000000000000000000070170000020D000045030000220B000070|14847424|Sofia SAT Club - Hadji Boby UHF-KN21lq
2026-08-22 01:32:48|8AA68EA66062E0828486888A8CE103F0C9110133FA05011D00010317000021000107010DFFFF0605002A0001AA3AFC886A404ABE2F4A884B00928D180068AD4400D5131901DFE9F6285C8FC29544401F|14847488|Plyachka-KN12rl
2026-08-22 01:32:48|8AA68EA66062E0828486888A8CE103F0C8110133F905011D0001385E03000070170000DF13000000000000010000007017000000000000000000000000000070170000020D000045030000220B000070|14847488|Plyachka-KN12rl
2026-08-22 01:32:47|8AA68EA66062E0828486888A8CE103F0C6110133F705010700010A01000001000001B0FF00080001160CC968000E00000D0000000001000001000001C6FF000900001600000000000000000000000000|14847394|Sofia SAT Club - Bay Ivan-KN22lx
2026-08-22 01:32:47|8AA68EA66062E0828486888A8CE103F0C7110133F80501090000090000000000000000001D000160D53E0000033F0000530000003A050000552F000000000000FA00000070170000C113000092000000|14847424|Sofia SAT Club - Hadji Boby UHF-KN21lq
2026-08-22 01:32:47|8AA68EA66062E0828486888A8CE103F0C6110133F705010700010A01000001000001B0FF00080001160CC968000E00000D0000000001000001000001C6FF000900001600000000000000000000000000|14847424|Sofia SAT Club - Hadji Boby UHF-KN21lq
2026-08-22 01:32:47|8AA68EA66062E0828486888A8CE103F0C7110133F80501090000090000000000000000001D000160D53E0000033F0000530000003A050000552F000000000000FA00000070170000C113000092000000|14847488|Plyachka-KN12rl
2026-08-22 01:32:47|8AA68EA66062E0828486888A8CE103F0C6110133F705010700010A01000001000001B0FF00080001160CC968000E00000D0000000001000001000001C6FF000900001600000000000000000000000000|14847488|Plyachka-KN12rl
2026-08-22 01:32:46|8AA68EA66062E0828486888A8CE103F0C5110133F605010100010B059669200001001000000006000116A8C86800C909000F0000000001000001000001A50200070001160FC968000C00000D00000000|14847394|Sofia SAT Club - Bay Ivan-KN22lx
2026-08-22 01:32:46|8AA68EA66062E0828486888A8CE103F0C5110133F605010100010B059669200001001000000006000116A8C86800C909000F0000000001000001000001A50200070001160FC968000C00000D00000000|14847424|Sofia SAT Club - Hadji Boby UHF-KN21lq
2026-08-22 01:32:46|8AA68EA66062E0828486888A8CE103F0C5110133F605010100010B059669200001001000000006000116A8C86800C909000F0000000001000001000001A50200070001160FC968000C00000D00000000|14847488|Plyachka-KN12rl
2026-08-22 01:32:13|8AA68EA66062E0828486888A8CE103F0C41101834332A9E703000000000000000000000051030000000000000000000000000000000000000000000000000000|14847424|Sofia SAT Club - Hadji Boby UHF-KN21lq
2026-08-22 01:32:13|8AA68EA66062E0828486888A8CE103F0C41101834332A9E703000000000000000000000051030000000000000000000000000000000000000000000000000000|14847488|Plyachka-KN12rl
2026-08-22 01:32:12|8AA68EA66062E0828486888A8CE103F0C2110180456E6475726F736174|14847394|Sofia SAT Club - Bay Ivan-KN22lx
2026-08-22 01:32:12|8AA68EA66062E0828486888A8CE103F0C311018243323D1969002401000008000000888234662400000000008F3E00000000000000000000|14847424|Sofia SAT Club - Hadji Boby UHF-KN21lq
2026-08-22 01:32:12|8AA68EA66062E0828486888A8CE103F0C2110180456E6475726F736174|14847424|Sofia SAT Club - Hadji Boby UHF-KN21lq
2026-08-22 01:32:12|8AA68EA66062E0828486888A8CE103F0C311018243323D1969002401000008000000888234662400000000008F3E00000000000000000000|14847488|Plyachka-KN12rl
2026-08-22 01:32:12|8AA68EA66062E0828486888A8CE103F0C2110180456E6475726F736174|14847488|Plyachka-KN12rl
2026-08-22 01:31:55|8AA68EA66062E0828486888A8CE103F0C1110133F505016200010A000000000000000000006400010F010300C0713C37A90B0F03D03E8C46|14847488|Plyachka-KN12rl
2026-08-22 01:31:55|8AA68EA66062E0828486888A8CE103F0C0110133F405015E00010501000040005F000110AC0FAB0FFFFFFFFFFFFFFFFFAC0FAD0F6000010F0000000000000000000000000000006200010F0000000000|14847488|Plyachka-KN12rl
2026-08-22 01:31:54|8AA68EA66062E0828486888A8CE103F0BF110133F305014E00030D000000000000000000000000005900010DFEFFFFFFDA3EFEFF47470000035B000108DA3EFDFF0103C5005D000106A53D00007B00|14847488|Plyachka-KN12rl
2026-08-22 01:31:54|8AA68EA66062E0828486888A8CE103F0BE110133F20501460001120000008007440000000000000000541E6A9C4E00032C00000000000000000000000000000000000000000000000000000000000000|14847488|Plyachka-KN12rl
2026-08-22 01:31:53|8AA68EA66062E0828486888A8CE103F0BD110133F1050146000147000000000000001629A277F5EBBB40DF0945065CC4A240D180A4CB239A96C003A5A33ED633983F0FBE1D3F00000000000000000000|14847488|Plyachka-KN12rl
2026-08-22 01:31:53|8AA68EA66062E0828486888A8CE103F0BC110133F005014600017C48804802CF44FA430100000000000000E6A7465707392C4157FA87BA9BA83341932F3DF08F855941356F804198397B421F97C44101|14847488|Plyachka-KN12rl
2026-08-22 01:31:52|8AA68EA66062E0828486888A8CE103F0BA110133EE05013900012A3F7B14AE47E17A743FFA7E6ABC7493683F000000000000000000000000000000000000000000000000063A00012403FC886A40420F|14847488|Plyachka-KN12rl
2026-08-22 01:31:51|8AA68EA66062E0828486888A8CE103F0B9110133ED05013900015FAEBF7B14AE47E17A843FC5F35733E5C97B3171C194B32D431CEBE2363A3FC7BAB88D06F056BFFA7E6ABC7493583FFA7E6ABC749378|14847488|Plyachka-KN12rl
2026-08-22 01:31:51|8AA68EA66062E0828486888A8CE103F0B8110133EC050139000194B4C876BE9F8ABF54E3A59BC420A0BFB81E85EB51B8AE3F9A9999999999B9BF7B14AE47E17A84BF7B14AE47E17A843FB81E85EB51B8|14847488|Plyachka-KN12rl
2026-08-22 01:31:51|8AA68EA66062E0828486888A8CE103F0B8110133EC050139000194B4C876BE9F8ABF54E3A59BC420A0BFB81E85EB51B8AE3F9A9999999999B9BF7B14AE47E17A84BF7B14AE47E17A843FB81E85EB51B8|14847394|Sofia SAT Club - Bay Ivan-KN22lx
2026-08-22 01:31:50|8AA68EA66062E0828486888A8CE103F0B7110133EB0501390001C9287C4340F6285C8FC22D6040CD5D4BC8073DD73FC58F31772D215F3FB2BFEC9E3C2CEA3F721B0DE02D90DC3FA245B6F3FDD4A8BF3A|14847488|Plyachka-KN12rl
2026-08-22 01:31:50|8AA68EA66062E0828486888A8CE103F0B6110133EA05012A00011DC09A99999999D93240590B4400A0A81E0013862A001401A80000000002390001DD03FC886A40420F00B81E85EB51B832405C8FC2F5|14847488|Plyachka-KN12rl
2026-08-22 01:31:49|8AA68EA66062E0828486888A8CE103F0B5110133E905012A0001523D0AD70341400C93A9825149E7BF48E17A14AE47E3BF07F0164850FCD43F85EB51B81E355B4000000000000000007B14AE47E11A59|14847488|Plyachka-KN12rl
2026-08-22 01:31:48|8AA68EA66062E0828486888A8CE103F0B2110133E605011D0001385E03000070170000DF13000000000000010000007017000000000000000000000000000070170000020D00002C030000090B000070|14847488|Plyachka-KN12rl
2026-08-22 01:31:48|8AA68EA66062E0828486888A8CE103F0B3110133E705011D00010317000021000107010DFFFF0605002A0001AA03FC886A40420F009811470066441800EA5D49001C1586011EEB33333333335346405C|14847394|Sofia SAT Club - Bay Ivan-KN22lx
2026-08-22 01:31:47|8AA68EA66062E0828486888A8CE103F0B1110133E50501090000090000000000000000001D000160D53E0000FA3E00004B000000B9040000532F000000000000FA00000070170000C113000093000000|14847488|Plyachka-KN12rl
2026-08-22 01:31:47|8AA68EA66062E0828486888A8CE103F0B1110133E50501090000090000000000000000001D000160D53E0000FA3E00004B000000B9040000532F000000000000FA00000070170000C113000093000000|14847394|Sofia SAT Club - Bay Ivan-KN22lx
2026-08-22 01:31:12|8AA68EA66062E0828486888A8CE103F0AC110180456E6475726F736174|14847394|Sofia SAT Club - Bay Ivan-KN22lx
2026-08-21 21:56:56|8AA68EA66062E0828486888A8CE103F0571101834332A9E703000000000000000000000051030000000000000000000000000000000000000000000000000000|14846332|dm43-DM43bl
2026-08-21 21:56:56|8AA68EA66062E0828486888A8CE103F0561101824332D6E66800FB000000080000008882C753240000000000893E00000000000000000000|14846332|dm43-DM43bl
2026-08-21 21:56:56|8AA68EA66062E0828486888A8CE103F055110180456E6475726F736174|14846332|dm43-DM43bl
2026-08-21 21:56:55|8AA68EA66062E0828486888A8CE103F0541101330005016200010A000000000000BA2CF6456400010F010300A8617E180E064301D03EF04B|14846332|dm43-DM43bl
2026-08-21 21:56:54|8AA68EA66062E0828486888A8CE103F053110133FF05015E00010501000040005F000110AC0FAB0FFFFFFFFFFFFFFFFFAC0FA90F6000010F010300EE341E0A49038B00F83E0C496200010F0100000000|14846332|dm43-DM43bl
2026-08-21 21:56:54|8AA68EA66062E0828486888A8CE103F052110133FE05014E00030D000000000000000000000000005900010DFEFFFFFFD93E4400463D0000035B000108D93E42005307AC005D000106A53D00006600|14846332|dm43-DM43bl
2026-08-21 21:56:53|8AA68EA66062E0828486888A8CE103F051110133FD0501460001120000000000001515150000020101CCDD4F594E00032C00000000000000000000000000000000000000000000000000000000000000|14846332|dm43-DM43bl
2026-08-21 21:56:53|8AA68EA66062E0828486888A8CE103F050110133FC0501460001470000000800000076D0832E6055774083F9FDBDFD60B340F458BCA5F9E5B64037EE6F3D7508D33D204A7A3D00000000000000000000|14846332|dm43-DM43bl
2026-08-21 21:56:52|8AA68EA66062E0828486888A8CE103F04F110133FB05014600017C48000002CF44FA430000000010000000D3E64AA0CC8740C18FC3C2818BC952C1C2AADF51CB5B5041E9D15040A80EC2406D1D854000|14846332|dm43-DM43bl
2026-08-21 21:56:52|8AA68EA66062E0828486888A8CE103F04E110133FA05013A00011D2316435ABFF562273BFE638B3E4F62E43E49EE6B3CC6E5C9BDCBAE313D46000190AA44121CF100002070000000B1B4800928B2751E|14846332|dm43-DM43bl
2026-08-21 21:56:51|8AA68EA66062E0828486888A8CE103F04D110133F905013900012A3FFA7E6ABC7493783FFA7E6ABC7493683F000000000000000000000000000000000000000000000000063A000124A2C9886A80CAE1|14846332|dm43-DM43bl
2026-08-21 21:56:51|8AA68EA66062E0828486888A8CE103F04C110133F805013900015FAEBF00000000000000008022C8B2C97615B2A8D0EB33ED0DBE30992A783F2D431CEBE2363A3FFCA9F1D24D6250BFFCA9F1D24D6250|14846332|dm43-DM43bl
2026-08-21 21:56:50|8AA68EA66062E0828486888A8CE103F04B110133F7050139000394B74082E2C788BF9A999999999999BF7B14AE47E17A843F0AD7A3703D0AB7BF9A9999999999A93F00000000000000009A9999999999|14846332|dm43-DM43bl
2026-08-21 21:56:50|8AA68EA66062E0828486888A8CE103F04A110133F60501390003C985FB60C00000000000E063402141F163CC5DEBBF7B14AE47E17A643F88855AD3BCE3D03FE9B7AF03E78CDC3FF797DD938785AABF81|14846332|dm43-DM43bl
2026-08-21 21:56:49|8AA68EA66062E0828486888A8CE103F049110133F505012A00031D4048E17A14AECF65C0B9E2080065EC5B0068B18700DE00640000000002390003DD99C9886A4088D223CDCCCCCCCCEC48C0EC51B81E|14846332|dm43-DM43bl
2026-08-21 21:56:48|8AA68EA66062E0828486888A8CE103F047110133F305012A0003873D0AD7A3F04240A4703D0AD7635CC0C3F5285C8FE67F40000000000000000000000000295C8FC2F5683040000000000000174048E1|14846332|dm43-DM43bl
2026-08-21 21:56:48|8AA68EA66062E0828486888A8CE103F046110133F205011D00010317000021000107010DFFFF0605002A0003AA99C9886A4088D2234AB0ADFFD90EF8FF55AF40008E119A06141748E17A14AE07434071|14846332|dm43-DM43bl
2026-08-21 21:56:48|8AA68EA66062E0828486888A8CE103F045110133F105011D0001385E03000070170000DF13000000000000010000007017000000000000000000000000000070170000040D0000EF020000280A000070|14846332|dm43-DM43bl
2026-08-21 21:56:47|8AA68EA66062E0828486888A8CE103F044110133F00501090000090000000000000000001D000160D53E0000033F00005B000000BB050000532F000000000000FA00000070170000C013000094000000|14846332|dm43-DM43bl
2026-08-21 21:56:46|8AA68EA66062E0828486888A8CE103F043110133EF05010700010A01000001000001230000080001169E966800AC00000E00000000010000010000014700000900001600000000000000000000000000|14846332|dm43-DM43bl
2026-08-21 21:55:56|8AA68EA66062E0828486888A8CE103F0411101834332A9E703000000000000000000000051030000000000000000000000000000000000000000000000000000|14846332|dm43-DM43bl
2026-08-21 21:55:56|8AA68EA66062E0828486888A8CE103F04011018243329AE66800F8000000080000008882B153240000000000893E00000000000000000000|14846332|dm43-DM43bl
2026-08-21 21:55:56|8AA68EA66062E0828486888A8CE103F03F110180456E6475726F736174|14846332|dm43-DM43bl
2026-08-21 21:55:54|8AA68EA66062E0828486888A8CE103F03D110133EC05015E00010501000040005F000110AB0FA90FFFFFFFFFFFFFFFFFAB0FAC0F6000010F0103008831240913037E00F83EBC486200010F0100000000|14846332|dm43-DM43bl
2026-08-21 21:55:54|8AA68EA66062E0828486888A8CE103F03C110133EB05014E00030D000000000000000000000000005900010DFEFFFFFFD83E4D00863C0000035B000108D83E4800C107AA005D000106A53D00006600|14846332|dm43-DM43bl
2026-08-21 21:55:53|8AA68EA66062E0828486888A8CE103F03A110133E9050146000147000000080000009B5DFE9B549465407200C8C75BF1B1406FF105743E14B840698B553DE280C73D82204F3D00000000000000000000|14846332|dm43-DM43bl
2026-08-21 21:55:52|8AA68EA66062E0828486888A8CE103F038110133E705013A00011D173E845EBF6E27403BED105B3E5B3BE43E713F823C91ECC8BDE5701D3D46000190AA44121CF100002070000000B3B48009C8C7741E|14846332|dm43-DM43bl
2026-08-21 16:21:27|8AA68EA66062E0828486888A8CE103F0431101834332A9E703000000000000000000000051030000000000000000000000000000000000000000000000000000|14843562|VK4ATW - Discone-QG62lh
2026-08-21 16:21:27|8AA68EA66062E0828486888A8CE103F04211018243324A98680016010000080000008882B3382400000000004A3E00000000000000000000|14843562|VK4ATW - Discone-QG62lh
2026-08-21 16:21:26|8AA68EA66062E0828486888A8CE103F041110180456E6475726F736174|14843562|VK4ATW - Discone-QG62lh
2026-08-21 16:20:54|8AA68EA66062E0828486888A8CE103F03E1101330E05014E00030D000000000000000000000000005900010DFEFFFFFF223E42FE09480000035B000108223E41FE6218BE005D000106EF3C95007B00|14843562|VK4ATW - Discone-QG62lh
2026-08-21 16:20:53|8AA68EA66062E0828486888A8CE103F03D1101330D0501460001120000000000001818180000020101D8D1E2354E00032C00000000000000000000000000000000000000000000000000000000000000|14843562|VK4ATW - Discone-QG62lh
2026-08-21 16:20:53|8AA68EA66062E0828486888A8CE103F03C1101330C050146000147000000080000002ADD5AACD449AA407276EF697C7123408CDFE34EF3F8BAC0ECC4C03D30898E3DE7755B3D00000000000000000000|14843562|VK4ATW - Discone-QG62lh
2026-08-21 16:20:52|8AA68EA66062E0828486888A8CE103F03B1101330B05014600017C48000002CF44FA43000000001000000035519B4D9F7C55C16B7DF258A0E94541664573BC79F144C11B8FC24090639640F4EF5A4000|14843562|VK4ATW - Discone-QG62lh
2026-08-21 16:20:52|8AA68EA66062E0828486888A8CE103F03A1101330A05013A00011D2F7D1CBC399D1E59B83463E838FFFF7F3FDD0400BB7E6AF238956331BB46000190AA44121CF100002070000000B2B480096013421D|14843562|VK4ATW - Discone-QG62lh
2026-08-21 16:20:51|8AA68EA66062E0828486888A8CE103F0391101330905013900012A3FFCA9F1D24D62503F7B14AE47E17A743F000000000000000000000000000000000000000000000000063A000124E27A886A404ABE|14843562|VK4ATW - Discone-QG62lh
2026-08-21 16:20:51|8AA68EA66062E0828486888A8CE103F0381101330805013900035FAEBF0000000000000000412C0533588EB1B165880233623255302AA9533F623255302AA933BF93CB7F48BF7D4DBFFCA9F1D24D6270|14843562|VK4ATW - Discone-QG62lh
2026-08-21 16:20:50|8AA68EA66062E0828486888A8CE103F037110133070501390001948F31772D215FBFF5DBD781734694BF7B14AE47E17A84BF7B14AE47E17A843F00000000000000007B14AE47E17A84BFB81E85EB51B8|14843562|VK4ATW - Discone-QG62lh
2026-08-21 16:20:50|8AA68EA66062E0828486888A8CE103F036110133060501390001C9E17A84BF7B14AE47E17A843F2D431CEBE2363A3F2D431CEBE2361ABF2D431CEBE2361A3F000000000000F03F23DBF97E6ABCA4BFC5|14843562|VK4ATW - Discone-QG62lh
2026-08-21 16:20:49|8AA68EA66062E0828486888A8CE103F0351101330505012A00011DC0C3F5285C8FC21F40EAD6270004D52600AA08B9008001B60200000102390001DDDD7A886AC041C8177B14AE47E17AA43F7B14AE47|14843562|VK4ATW - Discone-QG62lh
2026-08-21 16:20:49|8AA68EA66062E0828486888A8CE103F0341101330405012A0001528FC2F5283FC061545227A089A03F736891ED7C3FE3BF96B20C71AC8BE93FAE47E17A14D661400000000000000000F6285C8FC28558|14843562|VK4ATW - Discone-QG62lh
2026-08-21 16:20:48|8AA68EA66062E0828486888A8CE103F0331101330305012A000187D7A3703D0A37C0C3F5285C8F226340000000000032804000000000000000000000000015AE47E17AD437C07B14AE47E17AE4BF295C|14843562|VK4ATW - Discone-QG62lh
2026-08-21 16:20:48|8AA68EA66062E0828486888A8CE103F0321101330205011D00010317000021000107010DFFFF0605002A0001AADD7A886AC041C817DFC15F0099590D00B495D6FF24F545FAF7E4EC51B81E852B37C00A|14843562|VK4ATW - Discone-QG62lh
2026-08-21 16:20:47|8AA68EA66062E0828486888A8CE103F0311101330105011D0001384503000070170000DF13000000000000010000007017000000000000000000000000000070170000040D0000FD0200004D0A000070|14843562|VK4ATW - Discone-QG62lh
2026-08-21 16:20:47|8AA68EA66062E0828486888A8CE103F030110133000501090000090000000000000000001D000160FA3D00001E3E00005300000027050000542F000000000000FA00000070170000C213000091000000|14843562|VK4ATW - Discone-QG62lh
2026-08-21 16:20:46|8AA68EA66062E0828486888A8CE103F02F110133FF05010700010A010000010000018BFF0008000116304868000C00000C000000000100000100000158FF000900001600000000000000000000000000|14843562|VK4ATW - Discone-QG62lh
2026-08-21 16:20:46|8AA68EA66062E0828486888A8CE103F02E110133FE05010100010B0536E81F0001001000000006000116CC4768000C00000E0000000001000001000001CAFF0007000116324868000D00000D00000000|14843562|VK4ATW - Discone-QG62lh
2026-08-21 16:20:27|8AA68EA66062E0828486888A8CE103F02D1101834332A9E703000000000000000000000051030000000000000000000000000000000000000000000000000000|14843562|VK4ATW - Discone-QG62lh
2026-08-21 16:20:27|8AA68EA66062E0828486888A8CE103F02C11018243320E986800160100000800000088829D382400000000004A3E00000000000000000000|14843562|VK4ATW - Discone-QG62lh
2026-08-21 16:20:26|8AA68EA66062E0828486888A8CE103F02B110180456E6475726F736174|14843562|VK4ATW - Discone-QG62lh
2026-08-21 14:07:17|8AA68EA66062E0828486888A8CE103F0CD1101824332E07868000C0100000800000088823E2D240000000000493E00000000000000000000|14842586|PE0SAT-11-JO21mr
2026-08-21 14:07:17|8AA68EA66062E0828486888A8CE103F0CC110180456E6475726F736174|14842586|PE0SAT-11-JO21mr
2026-08-21 14:06:55|8AA68EA66062E0828486888A8CE103F0CB1101331E05016200010A0000000000001A2C16446400010F010300266BFC1CAA067501D03E504B|14842586|PE0SAT-11-JO21mr
2026-08-21 14:06:54|8AA68EA66062E0828486888A8CE103F0CA1101331D05015E00010501000040005F000110AC0FA90FFFFFFFFFFFFFFFFFAD0FAE0F6000010F010300742CD007C2027200F83E98446200010F0100000000|14842586|PE0SAT-11-JO21mr
2026-08-21 14:06:54|8AA68EA66062E0828486888A8CE103F0C91101331C05014E00030D000000000000000000000000005900010DFEFFFFFFDA3E280093410000035B000108DA3E2700B105B8005D000106A53D00007000|14842586|PE0SAT-11-JO21mr
2026-08-21 14:06:53|8AA68EA66062E0828486888A8CE103F0C81101331B050146000112000000000000090909000002010149E6F8904E00032C00000000000000000000000000000000000000000000000000000000000000|14842586|PE0SAT-11-JO21mr
2026-08-21 14:06:53|8AA68EA66062E0828486888A8CE103F0C71101331A050146000147000000080000007A45FA040B9AB7C0BEAE35E709D39DC0502B0E08D3FBB0405B63C13E50E4063EABFB4F3E00000000000000000000|14842586|PE0SAT-11-JO21mr
2026-08-21 14:06:52|8AA68EA66062E0828486888A8CE103F0C61101331905014600017C48000002CF44FA43000000001000000087D5075F14CF4E414B91625B8EF6E6C0C9DE168CDA3C5541DB28B641A46F06419E301E4100|14842586|PE0SAT-11-JO21mr
2026-08-21 14:06:52|8AA68EA66062E0828486888A8CE103F0C51101331805013A00011D00D05C3FBF4D61113B2ACAFB3E2F9EE43E5BE4A43CBCBCCDBDAD54443D46000190AA44121CF100002070000000B3B480092065C71C|14842586|PE0SAT-11-JO21mr
2026-08-21 14:06:51|8AA68EA66062E0828486888A8CE103F0C41101331705013900012A3F7B14AE47E17A743FFCA9F1D24D62603F000000000000000000000000000000000000000000000000063A0001247A5B886A00093D|14842586|PE0SAT-11-JO21mr
2026-08-21 14:06:51|8AA68EA66062E0828486888A8CE103F0C31101331605013900015FAEBF7B14AE47E17A843F91A3AAB3FFE1B532DF8B0E3488855AD3BCE374BFDF718A8EE4F26F3FC7BAB88D06F066BFFA7E6ABC749368|14842586|PE0SAT-11-JO21mr
2026-08-21 14:06:50|8AA68EA66062E0828486888A8CE103F0C211013315050139000194D26F5F07CE89BFEA263108AC1C9ABF7B14AE47E17A943F9A9999999999B9BF7B14AE47E17AA43F0000000000000000B81E85EB51B8|14842586|PE0SAT-11-JO21mr
2026-08-21 14:06:50|8AA68EA66062E0828486888A8CE103F0C1110133140501390001C9EBF158C052B81E85EB096240C5B12E6EA301E8BF623255302AA9633FF8E461A1D634DF3FBE30992A1895DC3FE27A14AE47E1AABF20|14842586|PE0SAT-11-JO21mr
2026-08-21 14:06:49|8AA68EA66062E0828486888A8CE103F0C01101331305012A00011D401F85EB51B86666C0F665B3FFB89EEFFF2F312F005A01310100000002390001DD745B886A4088D22300000000002045C052B81E85|14842586|PE0SAT-11-JO21mr
2026-08-21 14:06:49|8AA68EA66062E0828486888A8CE103F0BF1101331205012A000152285C8F6242403355302AA913DCBFCD5D4BC8073DE3BF039A081B9E5EE5BF90C2F5285C0F484000000000000000009A99999999A959|14842586|PE0SAT-11-JO21mr
2026-08-21 14:06:48|8AA68EA66062E0828486888A8CE103F0BE1101331105012A000187CCCCCCCCCC4A40713D0AD7A370DDBFAE47E17A140C804000000000000000000000000048E17A14AE472D400000000000000A40C3F5|14842586|PE0SAT-11-JO21mr
2026-08-21 14:06:48|8AA68EA66062E0828486888A8CE103F0BD1101331005011D00010317000021000107010DFFFF0605002A0001AA745B886A4088D223FAF1C1FF8A24FFFF49A154005417D5062111C3F5285C8FE24A40CD|14842586|PE0SAT-11-JO21mr
2026-08-21 14:06:47|8AA68EA66062E0828486888A8CE103F0BC1101330F05011D0001385E03000070170000DF13000000000000010000007017000000000000000000000000000070170000040D0000F60200004D0A000070|14842586|PE0SAT-11-JO21mr
2026-08-21 14:06:47|8AA68EA66062E0828486888A8CE103F0BB1101330E0501090000090000000000000000001D000160D53E0000FA3E00006A000000AC060000532F000000000000FA00000070170000C013000093000000|14842586|PE0SAT-11-JO21mr
2026-08-21 14:06:17|8AA68EA66062E0828486888A8CE103F0B6110180456E6475726F736174|14842594|PE0SAT-31-JO21mr
2026-08-21 14:06:17|8AA68EA66062E0828486888A8CE103F0B71101824332A47868000E010000080000008882282D240000000000493E00000000000000000000|14842586|PE0SAT-11-JO21mr
2026-08-21 14:05:55|8AA68EA66062E0828486888A8CE103F0B51101330B05016200010A0000000000001A2716446400010F010300FC626A1828064301D03EA04B|14842594|PE0SAT-31-JO21mr
2026-08-21 14:05:55|8AA68EA66062E0828486888A8CE103F0B51101330B05016200010A0000000000001A2716446400010F010300FC626A1828064301D03EA04B|14842586|PE0SAT-11-JO21mr
2026-08-21 14:05:54|8AA68EA66062E0828486888A8CE103F0B41101330A05015E00010501000040005F000110AD0FAB0FFFFFFFFFFFFFFFFFAB0FAE0F6000010F01030088312E0913038B00F83E1E416200010F0100000000|14842586|PE0SAT-11-JO21mr
2026-08-21 14:05:54|8AA68EA66062E0828486888A8CE103F0B31101330905014E00030D000000000000000000000000005900010DFEFFFFFFDA3E300023410000035B000108DA3E2E002A06B7005D000106A53D00007000|14842586|PE0SAT-11-JO21mr
2026-08-21 14:05:53|8AA68EA66062E0828486888A8CE103F0B21101330805014600011200000000000009090900000201017E0061C54E00032C00000000000000000000000000000000000000000000000000000000000000|14842594|PE0SAT-31-JO21mr
2026-08-21 14:05:53|8AA68EA66062E0828486888A8CE103F0B1110133070501460001470000000800000097280EDB0D55B6C0D37335E5C79D9EC0BB14BED77F8BB240175BB33E3CDFF63D50FB473E00000000000000000000|14842594|PE0SAT-31-JO21mr
2026-08-21 14:05:53|8AA68EA66062E0828486888A8CE103F0B21101330805014600011200000000000009090900000201017E0061C54E00032C00000000000000000000000000000000000000000000000000000000000000|14842586|PE0SAT-11-JO21mr
2026-08-21 14:05:53|8AA68EA66062E0828486888A8CE103F0B1110133070501460001470000000800000097280EDB0D55B6C0D37335E5C79D9EC0BB14BED77F8BB240175BB33E3CDFF63D50FB473E00000000000000000000|14842586|PE0SAT-11-JO21mr
2026-08-21 14:05:52|8AA68EA66062E0828486888A8CE103F0B01101330605014600017C48000002CF44FA43000000001000000021E593C9D1BE5041F61EEE9871C6F040DFC2AD7BF53254416F7CCD415B32F3402795374100|14842594|PE0SAT-31-JO21mr
2026-08-21 14:05:52|8AA68EA66062E0828486888A8CE103F0AF1101330505013A00011D23C17447BF0B7E273B9A4EE13E1B94E43E5D769E3C5705D2BD18B4213D46000190AA44121CF100002070000000B1B48009C07AC61C|14842594|PE0SAT-31-JO21mr
2026-08-21 14:05:52|8AA68EA66062E0828486888A8CE103F0B01101330605014600017C48000002CF44FA43000000001000000021E593C9D1BE5041F61EEE9871C6F040DFC2AD7BF53254416F7CCD415B32F3402795374100|14842586|PE0SAT-11-JO21mr
2026-08-21 14:05:52|8AA68EA66062E0828486888A8CE103F0AF1101330505013A00011D23C17447BF0B7E273B9A4EE13E1B94E43E5D769E3C5705D2BD18B4213D46000190AA44121CF100002070000000B1B48009C07AC61C|14842586|PE0SAT-11-JO21mr
2026-08-21 14:05:51|8AA68EA66062E0828486888A8CE103F0AE1101330405013900012A3F7B14AE47E17A743FFA7E6ABC7493683F000000000000000000000000000000000000000000000000063A0001243C5B886A4088D2|14842594|PE0SAT-31-JO21mr
2026-08-21 14:05:51|8AA68EA66062E0828486888A8CE103F0AE1101330405013900012A3F7B14AE47E17A743FFA7E6ABC7493683F000000000000000000000000000000000000000000000000063A0001243C5B886A4088D2|14842586|PE0SAT-11-JO21mr
2026-08-21 14:05:51|8AA68EA66062E0828486888A8CE103F0AD1101330305013900015FAEBF0000000000000000F7EC5BB3545B97B19808F9330000000000000000E19C11A5BDC1673FED0DBE30992A78BFFCA9F1D24D6260|14842586|PE0SAT-11-JO21mr
2026-08-21 14:05:50|8AA68EA66062E0828486888A8CE103F0AC11013302050139000194EC9E3C2CD48ABF20D26F5F07CE99BF7B14AE47E17A943F9A9999999999B9BF7B14AE47E17AA43F7B14AE47E17A84BFB81E85EB51B8|14842594|PE0SAT-31-JO21mr
2026-08-21 14:05:50|8AA68EA66062E0828486888A8CE103F0AB110133010501390001C9F5D85AC0EC51B81E8563624003098A1F63EEE8BF95F6065F984C653FEE0DBE30992ADC3F36CD3B4ED191DC3F7DD0B359F5B9AABFC0|14842594|PE0SAT-31-JO21mr
2026-08-21 14:05:50|8AA68EA66062E0828486888A8CE103F0AC11013302050139000194EC9E3C2CD48ABF20D26F5F07CE99BF7B14AE47E17A943F9A9999999999B9BF7B14AE47E17AA43F7B14AE47E17A84BFB81E85EB51B8|14842586|PE0SAT-11-JO21mr
2026-08-21 14:05:49|8AA68EA66062E0828486888A8CE103F0AA1101330005012A00011D4048E17A14AE3F66C04735B7FFAD3BEFFFC6912A002201310100000002390001DD3C5B886A4088D223E17A14AE472146C0295C8FC2|14842586|PE0SAT-11-JO21mr
2026-08-21 14:05:49|8AA68EA66062E0828486888A8CE103F0A9110133FF05012A000352285C8F8241405BD3BCE3141DD9BFCD5D4BC8073DE3BFF5DBD7817346E6BFD7A3703D0AF74640000000000000000067666666666659|14842586|PE0SAT-11-JO21mr
2026-08-21 14:05:48|8AA68EA66062E0828486888A8CE103F0A8110133FE05012A000187EB51B81EE54840C3F5285C8FC2F13FF6285C8FC20580400000000000000000000000006666666666263040D7A3703D0AD70B40C3F5|14842594|PE0SAT-31-JO21mr
2026-08-21 14:05:48|8AA68EA66062E0828486888A8CE103F0A7110133FD05011D00010317000021000107010DFFFF0605002A0001AA375B886A802B530BE07EBCFFAC81FDFFF55350001616CD06B8127B14AE47E1FA484085|14842594|PE0SAT-31-JO21mr
2026-08-21 14:05:48|8AA68EA66062E0828486888A8CE103F0A8110133FE05012A000187EB51B81EE54840C3F5285C8FC2F13FF6285C8FC20580400000000000000000000000006666666666263040D7A3703D0AD70B40C3F5|14842586|PE0SAT-11-JO21mr
2026-08-21 14:05:48|8AA68EA66062E0828486888A8CE103F0A7110133FD05011D00010317000021000107010DFFFF0605002A0001AA375B886A802B530BE07EBCFFAC81FDFFF55350001616CD06B8127B14AE47E1FA484085|14842586|PE0SAT-11-JO21mr
2026-08-21 14:05:47|8AA68EA66062E0828486888A8CE103F0A5110133FB0501090000090000000000000000001D000160D53E0000FA3E0000530000003A050000532F000000000000FA00000070170000C113000094000000|14842586|PE0SAT-11-JO21mr
2026-08-21 14:05:47|8AA68EA66062E0828486888A8CE103F0A6110133FC05011D0001385E03000070170000DF13000000000000010000007017000000000000000000000000000070170000040D0000F8020000410A000070|14842594|PE0SAT-31-JO21mr
2026-08-21 14:05:47|8AA68EA66062E0828486888A8CE103F0A6110133FC05011D0001385E03000070170000DF13000000000000010000007017000000000000000000000000000070170000040D0000F8020000410A000070|14842586|PE0SAT-11-JO21mr
2026-08-21 14:05:46|8AA68EA66062E0828486888A8CE103F0A4110133FA05010700010A010000010000013F000008000116AB2868007500000D00000000010000010000015800000900001600000000000000000000000000|14842586|PE0SAT-11-JO21mr
2026-08-21 14:05:46|8AA68EA66062E0828486888A8CE103F0A3110133F905010100010B0592C81F000100100000000600011648286800C909000F000000000100000100000163020007000116AE2868007F04000E00000000|14842586|PE0SAT-11-JO21mr
2026-08-21 14:05:46|8AA68EA66062E0828486888A8CE103F0A4110133FA05010700010A010000010000013F000008000116AB2868007500000D00000000010000010000015800000900001600000000000000000000000000|14842594|PE0SAT-31-JO21mr
2026-08-21 14:05:46|8AA68EA66062E0828486888A8CE103F0A3110133F905010100010B0592C81F000100100000000600011648286800C909000F000000000100000100000163020007000116AE2868007F04000E00000000|14842594|PE0SAT-31-JO21mr
2026-08-21 14:05:17|8AA68EA66062E0828486888A8CE103F0A21101834332A9E703000000000000000000000051030000000000000000000000000000000000000000000000000000|14842586|PE0SAT-11-JO21mr
2026-08-21 14:05:17|8AA68EA66062E0828486888A8CE103F0A111018243326878680009010000080000008882122D240000000000493E00000000000000000000|14842586|PE0SAT-11-JO21mr
2026-08-21 14:05:17|8AA68EA66062E0828486888A8CE103F0A0110180456E6475726F736174|14842586|PE0SAT-11-JO21mr
2026-08-21 14:05:17|8AA68EA66062E0828486888A8CE103F0A111018243326878680009010000080000008882122D240000000000493E00000000000000000000|14842594|PE0SAT-31-JO21mr
2026-08-21 14:04:55|8AA68EA66062E0828486888A8CE103F09F110133F805016200010A0000000000001A2766446400010F010300105E4826DA050A02D03E6649|14842586|PE0SAT-11-JO21mr
2026-08-21 14:04:54|8AA68EA66062E0828486888A8CE103F09E110133F705015E00010501000040005F000110AD0FA90FFFFFFFFFFFFFFFFFAD0FAB0F6000010F010300EE34140A49039800F83E5E426200010F0100000000|14842586|PE0SAT-11-JO21mr
2026-08-21 14:04:52|8AA68EA66062E0828486888A8CE103F09A110133F305014600017C48000002CF44FA43000000001000000024ADC4879B045241888E86DAE4F006416065D3E471105341E8CA914147B39440DDC7F04000|14842586|PE0SAT-11-JO21mr
2026-08-21 14:04:52|8AA68EA66062E0828486888A8CE103F099110133F205013A00011D0B3BAB4EBF3968453B59BCC53ED875E43E3135613C2DB9CCBD2015063D46000190AA44121CF100002070000000B2B480096090C51C|14842586|PE0SAT-11-JO21mr
2026-08-21 14:04:51|8AA68EA66062E0828486888A8CE103F098110133F105013900012A3F7B14AE47E17A743FFA7E6ABC7493683F000000000000000000000000000000000000000000000000063A000124FF5A886A4004FB|14842586|PE0SAT-11-JO21mr
2026-08-21 14:04:49|8AA68EA66062E0828486888A8CE103F093110133EC05012A000152AE47E19A4040E8FBA9F1D24DD6BFCD5D4BC8073DE3BF18B7D100DE02E7BFCDCCCCCCCC0C4640000000000000000085EB51B81E3559|14842586|PE0SAT-11-JO21mr
2026-08-21 14:04:48|8AA68EA66062E0828486888A8CE103F091110133EA05011D00010317000021000107010DFFFF0605002A0001AAFF5A886A4004FB0B26CCB7FF4D06FCFFF8144C00DC14BE0618143E0AD7A3703D474048|14842586|PE0SAT-11-JO21mr
2026-08-21 14:04:47|8AA68EA66062E0828486888A8CE103F090110133E905011D0001385E03000070170000DF13000000000000010000007017000000000000000000000000000070170000040D0000F6020000410A000070|14842586|PE0SAT-11-JO21mr
2026-08-21 14:04:17|8AA68EA66062E0828486888A8CE103F08C1101834332A9E703000000000000000000000051030000000000000000000000000000000000000000000000000000|14842586|PE0SAT-11-JO21mr
2026-08-21 14:04:17|8AA68EA66062E0828486888A8CE103F08B11018243322C78680009010000080000008882FC2C240000000000493E00000000000000000000|14842586|PE0SAT-11-JO21mr
2026-08-21 14:04:16|8AA68EA66062E0828486888A8CE103F08A110180456E6475726F736174|14842586|PE0SAT-11-JO21mr
2026-08-21 14:02:55|8AA68EA66062E0828486888A8CE103F073110133D205016200010A0000000000001A27BC436400010F0103007670FC1CF9068101023F504B|14843021|EA4TA-IN80ck
2026-08-21 14:02:54|8AA68EA66062E0828486888A8CE103F071110133D005014E00030D000000000000000000000000005900010DFEFFFFFFD83E3B00CD3F0000035B000108D83E3E001707B2005D000106A53D00006B00|14843021|EA4TA-IN80ck
2026-08-21 14:02:53|8AA68EA66062E0828486888A8CE103F070110133CF05014600011200000000000012121200000201017C1D894B4E00032C00000000000000000000000000000000000000000000000000000000000000|14843021|EA4TA-IN80ck
2026-08-21 14:02:53|8AA68EA66062E0828486888A8CE103F06F110133CE050146000147000000080000005A6FBB01F2F5B1C01380D2AF8DE49FC0F6D7A57228B6B640BF9ED83D10DD413DD6908C3D00000000000000000000|14843021|EA4TA-IN80ck
2026-08-21 12:30:10|8AA68EA66062E0828486888A8CE103F0781101834332A9E703000000000000000000000051030000000000000000000000000000000000000000000000000000|14842454|Sofia SAT Club - Hadji Boby UHF-KN21lq
2026-08-21 12:30:10|8AA68EA66062E0828486888A8CE103F076110180456E6475726F736174|14842454|Sofia SAT Club - Hadji Boby UHF-KN21lq
2026-08-21 12:29:53|8AA68EA66062E0828486888A8CE103F071110133E705014600014700000000000000F2CBA4767C20ACC0D00628ADBFB4ADC0C3419696A3FBB5408C84A33F6705C03EEAB1293F00000000000000000000|14842429|Plyachka-KN12rl
2026-08-21 12:29:52|8AA68EA66062E0828486888A8CE103F070110133E605014600017C48004802CF44FA43010000000000000044A7504975765141FFBD1F9BF4554241CCC4F74FE45051411AD5B5421DC64E4200C4044201|14842429|Plyachka-KN12rl
2026-08-21 12:29:52|8AA68EA66062E0828486888A8CE103F06F110133E505013A00011D0B81774FBFD8011E3BAE2AC23E60A1E43E146F993C8AEDCCBD08B6433D46000190AA44121CF100002070000000B4828009C0966E1C|14842429|Plyachka-KN12rl
2026-08-21 12:29:51|8AA68EA66062E0828486888A8CE103F06D110133E305013900015FAEBF0000000000000000DA1F93B332C8C931E37DEB330000000000000000C7BAB88D06F0563FAED85F764F1E66BFFCA9F1D24D6250|14842429|Plyachka-KN12rl
2026-08-21 12:29:48|8AA68EA66062E0828486888A8CE103F068110133DE05012A000187703D0AD7C346409A99999999593A409A99999999FD7F40000000000000000000000000B81E85EB51383140295C8FC2F5281440295C|14842429|Plyachka-KN12rl
2026-08-21 12:29:47|8AA68EA66062E0828486888A8CE103F066110133DC05011D0001385E03000070170000DF13000000000000010000007017000000000000000000000000000070170000000D000034030000090B000070|14842429|Plyachka-KN12rl
2026-08-21 12:29:10|8AA68EA66062E0828486888A8CE103F0621101834332A9E703000000000000000000000051030000000000000000000000000000000000000000000000000000|14842429|Plyachka-KN12rl
2026-08-21 12:29:10|8AA68EA66062E0828486888A8CE103F0611101824332E761680007010000080000008882D224240000000000473E00000000000000000000|14842429|Plyachka-KN12rl
2026-08-21 12:29:10|8AA68EA66062E0828486888A8CE103F060110180456E6475726F736174|14842429|Plyachka-KN12rl
2026-08-21 12:29:10|8AA68EA66062E0828486888A8CE103F0621101834332A9E703000000000000000000000051030000000000000000000000000000000000000000000000000000|14842336|Sofia SAT Club - Bay Ivan-KN22lx
2026-08-21 12:29:10|8AA68EA66062E0828486888A8CE103F0611101824332E761680007010000080000008882D224240000000000473E00000000000000000000|14842336|Sofia SAT Club - Bay Ivan-KN22lx
2026-08-21 12:29:10|8AA68EA66062E0828486888A8CE103F060110180456E6475726F736174|14842336|Sofia SAT Club - Bay Ivan-KN22lx
2026-08-21 12:29:10|8AA68EA66062E0828486888A8CE103F0621101834332A9E703000000000000000000000051030000000000000000000000000000000000000000000000000000|14842454|Sofia SAT Club - Hadji Boby UHF-KN21lq
2026-08-21 12:29:10|8AA68EA66062E0828486888A8CE103F0611101824332E761680007010000080000008882D224240000000000473E00000000000000000000|14842454|Sofia SAT Club - Hadji Boby UHF-KN21lq
2026-08-21 12:28:55|8AA68EA66062E0828486888A8CE103F05F110133D805016200010A000000000000E82616446400010F010300E07E7E22E407CC01D03E004B|14842454|Sofia SAT Club - Hadji Boby UHF-KN21lq
2026-08-21 12:28:55|8AA68EA66062E0828486888A8CE103F05F110133D805016200010A000000000000E82616446400010F010300E07E7E22E407CC01D03E004B|14842429|Plyachka-KN12rl
2026-08-21 12:28:55|8AA68EA66062E0828486888A8CE103F05F110133D805016200010A000000000000E82616446400010F010300E07E7E22E407CC01D03E004B|14842336|Sofia SAT Club - Bay Ivan-KN22lx
2026-08-21 12:28:54|8AA68EA66062E0828486888A8CE103F05E110133D705015E00010501000040005F000110AD0FA90FFFFFFFFFFFFFFFFFAC0FAE0F6000010F0100000000000000000000D4260A506200010F0100000000|14842454|Sofia SAT Club - Hadji Boby UHF-KN21lq
2026-08-21 12:28:54|8AA68EA66062E0828486888A8CE103F05D110133D605014E00030D000000000000000000000000005900010DFEFFFFFFD93E3800DD3F0000035B000108D93E3700A006B2005D000106A53D00006B00|14842454|Sofia SAT Club - Hadji Boby UHF-KN21lq
2026-08-21 12:28:54|8AA68EA66062E0828486888A8CE103F05E110133D705015E00010501000040005F000110AD0FA90FFFFFFFFFFFFFFFFFAC0FAE0F6000010F0100000000000000000000D4260A506200010F0100000000|14842429|Plyachka-KN12rl
2026-08-21 12:28:54|8AA68EA66062E0828486888A8CE103F05D110133D605014E00030D000000000000000000000000005900010DFEFFFFFFD93E3800DD3F0000035B000108D93E3700A006B2005D000106A53D00006B00|14842429|Plyachka-KN12rl
2026-08-21 12:28:54|8AA68EA66062E0828486888A8CE103F05E110133D705015E00010501000040005F000110AD0FA90FFFFFFFFFFFFFFFFFAC0FAE0F6000010F0100000000000000000000D4260A506200010F0100000000|14842336|Sofia SAT Club - Bay Ivan-KN22lx
2026-08-21 12:28:54|8AA68EA66062E0828486888A8CE103F05D110133D605014E00030D000000000000000000000000005900010DFEFFFFFFD93E3800DD3F0000035B000108D93E3700A006B2005D000106A53D00006B00|14842336|Sofia SAT Club - Bay Ivan-KN22lx
2026-08-21 12:28:53|8AA68EA66062E0828486888A8CE103F05C110133D50501460001120000000080410200000000000000469AD78F4E00032C00000000000000000000000000000000000000000000000000000000000000|14842454|Sofia SAT Club - Hadji Boby UHF-KN21lq
2026-08-21 12:28:53|8AA68EA66062E0828486888A8CE103F05B110133D405014600014700000000000000F2CBA4767C20ACC0D00628ADBFB4ADC0C3419696A3FBB5408C84A33F6705C03EEAB1293F00000000000000000000|14842454|Sofia SAT Club - Hadji Boby UHF-KN21lq
2026-08-21 12:28:53|8AA68EA66062E0828486888A8CE103F05C110133D50501460001120000000080410200000000000000469AD78F4E00032C00000000000000000000000000000000000000000000000000000000000000|14842429|Plyachka-KN12rl
2026-08-21 12:28:53|8AA68EA66062E0828486888A8CE103F05B110133D405014600014700000000000000F2CBA4767C20ACC0D00628ADBFB4ADC0C3419696A3FBB5408C84A33F6705C03EEAB1293F00000000000000000000|14842429|Plyachka-KN12rl
2026-08-21 12:28:53|8AA68EA66062E0828486888A8CE103F05C110133D50501460001120000000080410200000000000000469AD78F4E00032C00000000000000000000000000000000000000000000000000000000000000|14842336|Sofia SAT Club - Bay Ivan-KN22lx
2026-08-21 12:28:53|8AA68EA66062E0828486888A8CE103F05B110133D405014600014700000000000000F2CBA4767C20ACC0D00628ADBFB4ADC0C3419696A3FBB5408C84A33F6705C03EEAB1293F00000000000000000000|14842336|Sofia SAT Club - Bay Ivan-KN22lx
2026-08-21 12:28:52|8AA68EA66062E0828486888A8CE103F05A110133D305014600017C48000802CF44FA43010000000000000044A7504975765141FFBD1F9BF4554241CCC4F74FE45051411AD5B5421DC64E4200C4044201|14842454|Sofia SAT Club - Hadji Boby UHF-KN21lq
2026-08-21 12:28:52|8AA68EA66062E0828486888A8CE103F059110133D205013A00011D00FF9555BFA997373B2EACA53EA783E43E80DDBB3C4A8DD1BD8374133D46000190AA44121CF100002070000000A8B4800960AC6D1C|14842454|Sofia SAT Club - Hadji Boby UHF-KN21lq
2026-08-21 12:28:52|8AA68EA66062E0828486888A8CE103F05A110133D305014600017C48000802CF44FA43010000000000000044A7504975765141FFBD1F9BF4554241CCC4F74FE45051411AD5B5421DC64E4200C4044201|14842429|Plyachka-KN12rl
2026-08-21 12:28:52|8AA68EA66062E0828486888A8CE103F059110133D205013A00011D00FF9555BFA997373B2EACA53EA783E43E80DDBB3C4A8DD1BD8374133D46000190AA44121CF100002070000000A8B4800960AC6D1C|14842429|Plyachka-KN12rl
2026-08-21 12:28:52|8AA68EA66062E0828486888A8CE103F05A110133D305014600017C48000802CF44FA43010000000000000044A7504975765141FFBD1F9BF4554241CCC4F74FE45051411AD5B5421DC64E4200C4044201|14842336|Sofia SAT Club - Bay Ivan-KN22lx
2026-08-21 12:28:52|8AA68EA66062E0828486888A8CE103F059110133D205013A00011D00FF9555BFA997373B2EACA53EA783E43E80DDBB3C4A8DD1BD8374133D46000190AA44121CF100002070000000A8B4800960AC6D1C|14842336|Sofia SAT Club - Bay Ivan-KN22lx
2026-08-21 12:28:51|8AA68EA66062E0828486888A8CE103F058110133D105013900012A3F7B14AE47E17A743FFA7E6ABC7493683F000000000000000000000000000000000000000000000000063A0001248144886A40420F|14842454|Sofia SAT Club - Hadji Boby UHF-KN21lq
2026-08-21 12:28:51|8AA68EA66062E0828486888A8CE103F057110133D005013900015FAEBF7B14AE47E17A84BF96EAB9B21DA0B9B2185EF233168C4AEA043461BF95F6065F984C553F168C4AEA043461BFFCA9F1D24D6250|14842454|Sofia SAT Club - Hadji Boby UHF-KN21lq
2026-08-21 12:28:51|8AA68EA66062E0828486888A8CE103F058110133D105013900012A3F7B14AE47E17A743FFA7E6ABC7493683F000000000000000000000000000000000000000000000000063A0001248144886A40420F|14842429|Plyachka-KN12rl
2026-08-21 12:28:51|8AA68EA66062E0828486888A8CE103F057110133D005013900015FAEBF7B14AE47E17A84BF96EAB9B21DA0B9B2185EF233168C4AEA043461BF95F6065F984C553F168C4AEA043461BFFCA9F1D24D6250|14842429|Plyachka-KN12rl
2026-08-21 12:28:51|8AA68EA66062E0828486888A8CE103F058110133D105013900012A3F7B14AE47E17A743FFA7E6ABC7493683F000000000000000000000000000000000000000000000000063A0001248144886A40420F|14842336|Sofia SAT Club - Bay Ivan-KN22lx
2026-08-21 12:28:51|8AA68EA66062E0828486888A8CE103F057110133D005013900015FAEBF7B14AE47E17A84BF96EAB9B21DA0B9B2185EF233168C4AEA043461BF95F6065F984C553F168C4AEA043461BFFCA9F1D24D6250|14842336|Sofia SAT Club - Bay Ivan-KN22lx
2026-08-21 12:28:50|8AA68EA66062E0828486888A8CE103F056110133CF0501390001945D4BC8073D8BBF312AA913D04498BF7B14AE47E17A943F9A9999999999B9BF7B14AE47E17AA43F0000000000000000B81E85EB51B8|14842454|Sofia SAT Club - Hadji Boby UHF-KN21lq
2026-08-21 12:28:50|8AA68EA66062E0828486888A8CE103F055110133CE0501390001C9AE875FC0D7A3703D0A5763408AB0E1E995B2EABFC7BAB88D06F0663F12143FC6DCB5D43F721B0DE02D90DC3FC0EC9E3C2CD4AABFCD|14842454|Sofia SAT Club - Hadji Boby UHF-KN21lq
2026-08-21 12:28:50|8AA68EA66062E0828486888A8CE103F056110133CF0501390001945D4BC8073D8BBF312AA913D04498BF7B14AE47E17A943F9A9999999999B9BF7B14AE47E17AA43F0000000000000000B81E85EB51B8|14842429|Plyachka-KN12rl
2026-08-21 12:28:50|8AA68EA66062E0828486888A8CE103F055110133CE0501390001C9AE875FC0D7A3703D0A5763408AB0E1E995B2EABFC7BAB88D06F0663F12143FC6DCB5D43F721B0DE02D90DC3FC0EC9E3C2CD4AABFCD|14842429|Plyachka-KN12rl
2026-08-21 12:28:50|8AA68EA66062E0828486888A8CE103F056110133CF0501390001945D4BC8073D8BBF312AA913D04498BF7B14AE47E17A943F9A9999999999B9BF7B14AE47E17AA43F0000000000000000B81E85EB51B8|14842336|Sofia SAT Club - Bay Ivan-KN22lx
2026-08-21 12:28:50|8AA68EA66062E0828486888A8CE103F055110133CE0501390001C9AE875FC0D7A3703D0A5763408AB0E1E995B2EABFC7BAB88D06F0663F12143FC6DCB5D43F721B0DE02D90DC3FC0EC9E3C2CD4AABFCD|14842336|Sofia SAT Club - Bay Ivan-KN22lx
2026-08-21 12:28:49|8AA68EA66062E0828486888A8CE103F054110133CD05012A00011D4048E17A14AEF765C0B650CFFF33A7C9FF7B922800B000470100000002390001DD7B44886A4088D223B81E85EB513848C0295C8FC2|14842454|Sofia SAT Club - Hadji Boby UHF-KN21lq
2026-08-21 12:28:49|8AA68EA66062E0828486888A8CE103F053110133CC05012A000152D7A3703D40404CA60A462575D2BFEB043411363CE3BF7EAEB6627FD9E7BFD7A3703D0AF744400000000000000000713D0AD7A30059|14842454|Sofia SAT Club - Hadji Boby UHF-KN21lq
2026-08-21 12:28:49|8AA68EA66062E0828486888A8CE103F054110133CD05012A00011D4048E17A14AEF765C0B650CFFF33A7C9FF7B922800B000470100000002390001DD7B44886A4088D223B81E85EB513848C0295C8FC2|14842429|Plyachka-KN12rl
2026-08-21 12:28:49|8AA68EA66062E0828486888A8CE103F053110133CC05012A000152D7A3703D40404CA60A462575D2BFEB043411363CE3BF7EAEB6627FD9E7BFD7A3703D0AF744400000000000000000713D0AD7A30059|14842429|Plyachka-KN12rl
2026-08-21 12:28:49|8AA68EA66062E0828486888A8CE103F054110133CD05012A00011D4048E17A14AEF765C0B650CFFF33A7C9FF7B922800B000470100000002390001DD7B44886A4088D223B81E85EB513848C0295C8FC2|14842336|Sofia SAT Club - Bay Ivan-KN22lx
2026-08-21 12:28:49|8AA68EA66062E0828486888A8CE103F053110133CC05012A000152D7A3703D40404CA60A462575D2BFEB043411363CE3BF7EAEB6627FD9E7BFD7A3703D0AF744400000000000000000713D0AD7A30059|14842336|Sofia SAT Club - Bay Ivan-KN22lx
2026-08-21 12:28:48|8AA68EA66062E0828486888A8CE103F052110133CB05012A00018714AE47E1DA444052B81E85EB913B403E0AD7A370F17F40000000000000000000000000E17A14AE47E1324085EB51B81E8514403E0A|14842454|Sofia SAT Club - Hadji Boby UHF-KN21lq
2026-08-21 12:28:48|8AA68EA66062E0828486888A8CE103F051110133CA05011D00010317000021000107010DFFFF0605002A0001AA7B44886A4088D2232D07B2FF982FFAFF1C0C460023139C06C915713D0AD7A3F044407B|14842454|Sofia SAT Club - Hadji Boby UHF-KN21lq
2026-08-21 12:28:48|8AA68EA66062E0828486888A8CE103F052110133CB05012A00018714AE47E1DA444052B81E85EB913B403E0AD7A370F17F40000000000000000000000000E17A14AE47E1324085EB51B81E8514403E0A|14842429|Plyachka-KN12rl
2026-08-21 12:28:48|8AA68EA66062E0828486888A8CE103F051110133CA05011D00010317000021000107010DFFFF0605002A0001AA7B44886A4088D2232D07B2FF982FFAFF1C0C460023139C06C915713D0AD7A3F044407B|14842429|Plyachka-KN12rl
2026-08-21 12:28:48|8AA68EA66062E0828486888A8CE103F052110133CB05012A00018714AE47E1DA444052B81E85EB913B403E0AD7A370F17F40000000000000000000000000E17A14AE47E1324085EB51B81E8514403E0A|14842336|Sofia SAT Club - Bay Ivan-KN22lx
2026-08-21 12:28:48|8AA68EA66062E0828486888A8CE103F051110133CA05011D00010317000021000107010DFFFF0605002A0001AA7B44886A4088D2232D07B2FF982FFAFF1C0C460023139C06C915713D0AD7A3F044407B|14842336|Sofia SAT Club - Bay Ivan-KN22lx
2026-08-21 12:28:47|8AA68EA66062E0828486888A8CE103F050110133C905011D0001385E03000070170000DF13000000000000010000007017000000000000000000000000000070170000020D0000360300002E0B000070|14842454|Sofia SAT Club - Hadji Boby UHF-KN21lq
2026-08-21 12:28:47|8AA68EA66062E0828486888A8CE103F04F110133C80501090000090000000000000000001D000160D53E0000FA3E0000620000002B060000532F000000000000FA00000070170000C013000093000000|14842454|Sofia SAT Club - Hadji Boby UHF-KN21lq
2026-08-21 12:28:47|8AA68EA66062E0828486888A8CE103F050110133C905011D0001385E03000070170000DF13000000000000010000007017000000000000000000000000000070170000020D0000360300002E0B000070|14842429|Plyachka-KN12rl
2026-08-21 12:28:47|8AA68EA66062E0828486888A8CE103F04F110133C80501090000090000000000000000001D000160D53E0000FA3E0000620000002B060000532F000000000000FA00000070170000C013000093000000|14842429|Plyachka-KN12rl
2026-08-21 12:28:47|8AA68EA66062E0828486888A8CE103F050110133C905011D0001385E03000070170000DF13000000000000010000007017000000000000000000000000000070170000020D0000360300002E0B000070|14842336|Sofia SAT Club - Bay Ivan-KN22lx
2026-08-21 12:28:47|8AA68EA66062E0828486888A8CE103F04F110133C80501090000090000000000000000001D000160D53E0000FA3E0000620000002B060000532F000000000000FA00000070170000C013000093000000|14842336|Sofia SAT Club - Bay Ivan-KN22lx
2026-08-21 12:28:46|8AA68EA66062E0828486888A8CE103F04E110133C705010700010A010000010000013F000008000116091268006700000D00000000010000010000015A00000900001600000000000000000000000000|14842454|Sofia SAT Club - Hadji Boby UHF-KN21lq
2026-08-21 12:28:46|8AA68EA66062E0828486888A8CE103F04D110133C605010100010B05D6B11F0001001000000006000116A6116800C909000F0000000001000001000001520200070001160C1268001402000E00000000|14842454|Sofia SAT Club - Hadji Boby UHF-KN21lq
2026-08-21 12:28:46|8AA68EA66062E0828486888A8CE103F04E110133C705010700010A010000010000013F000008000116091268006700000D00000000010000010000015A00000900001600000000000000000000000000|14842429|Plyachka-KN12rl
2026-08-21 12:28:46|8AA68EA66062E0828486888A8CE103F04D110133C605010100010B05D6B11F0001001000000006000116A6116800C909000F0000000001000001000001520200070001160C1268001402000E00000000|14842429|Plyachka-KN12rl
2026-08-21 12:28:46|8AA68EA66062E0828486888A8CE103F04E110133C705010700010A010000010000013F000008000116091268006700000D00000000010000010000015A00000900001600000000000000000000000000|14842336|Sofia SAT Club - Bay Ivan-KN22lx
2026-08-21 12:28:46|8AA68EA66062E0828486888A8CE103F04D110133C605010100010B05D6B11F0001001000000006000116A6116800C909000F0000000001000001000001520200070001160C1268001402000E00000000|14842336|Sofia SAT Club - Bay Ivan-KN22lx
2026-08-21 12:28:10|8AA68EA66062E0828486888A8CE103F04C1101834332A9E703000000000000000000000051030000000000000000000000000000000000000000000000000000|14842336|Sofia SAT Club - Bay Ivan-KN22lx
2026-08-21 12:28:10|8AA68EA66062E0828486888A8CE103F04B1101824332AB61680005010000080000008882BC24240000000000473E00000000000000000000|14842336|Sofia SAT Club - Bay Ivan-KN22lx
2026-08-21 12:28:10|8AA68EA66062E0828486888A8CE103F04A110180456E6475726F736174|14842336|Sofia SAT Club - Bay Ivan-KN22lx
2026-08-21 12:28:10|8AA68EA66062E0828486888A8CE103F04C1101834332A9E703000000000000000000000051030000000000000000000000000000000000000000000000000000|14842429|Plyachka-KN12rl
2026-08-21 12:28:10|8AA68EA66062E0828486888A8CE103F04B1101824332AB61680005010000080000008882BC24240000000000473E00000000000000000000|14842429|Plyachka-KN12rl
2026-08-21 12:28:10|8AA68EA66062E0828486888A8CE103F04A110180456E6475726F736174|14842429|Plyachka-KN12rl
2026-08-21 12:27:55|8AA68EA66062E0828486888A8CE103F049110133C505016200010A000000000000E82B1C436400010F0103001E82A221AF07BF01D03E504B|14842336|Sofia SAT Club - Bay Ivan-KN22lx
2026-08-21 12:27:55|8AA68EA66062E0828486888A8CE103F049110133C505016200010A000000000000E82B1C436400010F0103001E82A221AF07BF01D03E504B|14842454|Sofia SAT Club - Hadji Boby UHF-KN21lq
2026-08-21 12:27:55|8AA68EA66062E0828486888A8CE103F049110133C505016200010A000000000000E82B1C436400010F0103001E82A221AF07BF01D03E504B|14842429|Plyachka-KN12rl
2026-08-21 12:27:54|8AA68EA66062E0828486888A8CE103F048110133C405015E00010501000040005F000110AD0FAB0FFFFFFFFFFFFFFFFFAC0FAD0F6000010F0100000000000000000000D42B5A506200010F0100000000|14842336|Sofia SAT Club - Bay Ivan-KN22lx
2026-08-21 12:27:54|8AA68EA66062E0828486888A8CE103F047110133C305014E00030D000000000000000000000000005900010DFEFFFFFFD93E4400C43F0000035B000108D93E44007F07B1005D000106A53D00006600|14842336|Sofia SAT Club - Bay Ivan-KN22lx
2026-08-21 12:27:54|8AA68EA66062E0828486888A8CE103F048110133C405015E00010501000040005F000110AD0FAB0FFFFFFFFFFFFFFFFFAC0FAD0F6000010F0100000000000000000000D42B5A506200010F0100000000|14842429|Plyachka-KN12rl
2026-08-21 12:27:54|8AA68EA66062E0828486888A8CE103F047110133C305014E00030D000000000000000000000000005900010DFEFFFFFFD93E4400C43F0000035B000108D93E44007F07B1005D000106A53D00006600|14842429|Plyachka-KN12rl
2026-08-21 12:27:53|8AA68EA66062E0828486888A8CE103F046110133C205014600011200000000000009090900000201017942D90C4E00032C00000000000000000000000000000000000000000000000000000000000000|14842336|Sofia SAT Club - Bay Ivan-KN22lx
2026-08-21 12:27:53|8AA68EA66062E0828486888A8CE103F045110133C10501460001470000000800000076A5AC7DDBFAA9C0DAB4D43F83D5ACC0E7249B648AEBB6401C1D173F1FDE873EFD7F913E00000000000000000000|14842336|Sofia SAT Club - Bay Ivan-KN22lx
2026-08-21 12:27:53|8AA68EA66062E0828486888A8CE103F046110133C205014600011200000000000009090900000201017942D90C4E00032C00000000000000000000000000000000000000000000000000000000000000|14842429|Plyachka-KN12rl
2026-08-21 12:27:53|8AA68EA66062E0828486888A8CE103F045110133C10501460001470000000800000076A5AC7DDBFAA9C0DAB4D43F83D5ACC0E7249B648AEBB6401C1D173F1FDE873EFD7F913E00000000000000000000|14842429|Plyachka-KN12rl
2026-08-21 12:27:52|8AA68EA66062E0828486888A8CE103F044110133C005014600017C48000002CF44FA430000000010000000B1F4DACB880E5241ED8C85D8289F43415C9C9C1C2A5450412C2C4442D3D88641C724BA4100|14842429|Plyachka-KN12rl
2026-08-21 12:27:52|8AA68EA66062E0828486888A8CE103F043110133BF05013A00011D2F49BA5ABF030C403BC368883EB366E43E55E78E3C457AC1BDFEC41C3D46000190AA44121CF100002070000000B1B4800900C26C1C|14842429|Plyachka-KN12rl
2026-08-21 12:27:51|8AA68EA66062E0828486888A8CE103F042110133BE05013900012A3FFCA9F1D24D62703FFA7E6ABC7493683F000000000000000000000000000000000000000000000000063A0001244344886A404ABE|14842336|Sofia SAT Club - Bay Ivan-KN22lx
2026-08-21 12:27:51|8AA68EA66062E0828486888A8CE103F042110133BE05013900012A3FFCA9F1D24D62703FFA7E6ABC7493683F000000000000000000000000000000000000000000000000063A0001244344886A404ABE|14842429|Plyachka-KN12rl
2026-08-21 12:27:51|8AA68EA66062E0828486888A8CE103F041110133BD05013900015FAEBF7B14AE47E17A84BFFAB41BB2BD8370B23F71A1332D431CEBE2367ABF2D431CEBE2362A3FFCA9F1D24D6260BFFCA9F1D24D6250|14842429|Plyachka-KN12rl
2026-08-21 12:27:50|8AA68EA66062E0828486888A8CE103F040110133BC0501390001943FA4DFBE0E8CBF849ECDAACFD596BF7B14AE47E17A943F0AD7A3703D0AB7BF7B14AE47E17AA43F0000000000000000B81E85EB51B8|14842336|Sofia SAT Club - Bay Ivan-KN22lx
2026-08-21 12:27:50|8AA68EA66062E0828486888A8CE103F040110133BC0501390001943FA4DFBE0E8CBF849ECDAACFD596BF7B14AE47E17A943F0AD7A3703D0AB7BF7B14AE47E17AA43F0000000000000000B81E85EB51B8|14842429|Plyachka-KN12rl
2026-08-21 12:27:50|8AA68EA66062E0828486888A8CE103F03F110133BB0501390001C9B8EE60C0A4703D0AD7DB6340107A36AB3E57EBBFE19C11A5BDC1673FB1E1E995B20CD13FE9B7AF03E78CDC3F2597FF907EFBAABFE6|14842429|Plyachka-KN12rl
2026-08-21 12:27:49|8AA68EA66062E0828486888A8CE103F03E110133BA05012A00011D406766666666DE65C0F58DD3FF6C54C9FF3BD925008000470100000002390001DD4344886A404ABE2F48E17A14AEE748C01F85EB51|14842429|Plyachka-KN12rl
2026-08-21 12:27:49|8AA68EA66062E0828486888A8CE103F03D110133B905012A0001527A14AE473E40D881734694F6CEBFEB043411363CE3BF569FABADD85FE8BFA4703D0AD743444000000000000000000000000000E058|14842429|Plyachka-KN12rl
2026-08-21 12:27:48|8AA68EA66062E0828486888A8CE103F03B110133B705011D00010317000021000107010DFFFF0605002A0001AA3E44886A40C6E61782A2ADFFCB9EF8FFB4AE40009A117B06141748E17A14AE07434071|14842336|Sofia SAT Club - Bay Ivan-KN22lx
2026-08-21 12:27:48|8AA68EA66062E0828486888A8CE103F03C110133B805012A0001878FC2F5281C4340D7A3703D0A973C403333333333E77F400000000000000000000000006766666666663440D7A3703D0AD7144048E1|14842429|Plyachka-KN12rl
2026-08-21 12:27:48|8AA68EA66062E0828486888A8CE103F03B110133B705011D00010317000021000107010DFFFF0605002A0001AA3E44886A40C6E61782A2ADFFCB9EF8FFB4AE40009A117B06141748E17A14AE07434071|14842429|Plyachka-KN12rl
2026-08-21 12:27:47|8AA68EA66062E0828486888A8CE103F03A110133B605011D0001385E03000070170000DF13000000000000010000007017000000000000000000000000000070170000030D0000F6020000410A000070|14842429|Plyachka-KN12rl
2026-08-21 12:27:46|8AA68EA66062E0828486888A8CE103F037110133B305010100010B059AB11F00010010000000060001166A116800C909000F00000000010000010000014A020007000116CF1168002602000D00000000|14842429|Plyachka-KN12rl
2026-08-21 08:11:54|8AA68EA66062E0828486888A8CE103F080110133C505016200010A000000000000000000006400010F000000000000000000000000000000|14839684|Jim UHF-FM03kt
2026-08-21 08:11:54|8AA68EA66062E0828486888A8CE103F07F110133C405015E00010501000048005F0001109D0F990FFFFFFFFFFFFFFFFF9B0F9B0F6000010F0000000000000000000000000000006200010F0000000000|14839684|Jim UHF-FM03kt
2026-08-21 08:11:53|8AA68EA66062E0828486888A8CE103F07E110133C305014E00030D000000000000000000000000005900010DFEFFFFFF993E45FEC8480000035B000108983E45FE5A18C8005D0001066D3D9E008100|14839684|Jim UHF-FM03kt
2026-08-21 08:11:53|8AA68EA66062E0828486888A8CE103F07D110133C2050146000112000000000000161616000002010188AFCF6A4E00032C00000000000000000000000000000000000000000000000000000000000000|14839684|Jim UHF-FM03kt
2026-08-21 08:11:52|8AA68EA66062E0828486888A8CE103F07C110133C105014600014700000008000000B8AC5CD0F48B83C0352E52B1C1C6B0C056D664AE75CAB8C021424E3DE2ED7A3D33F8893D00000000000000000000|14839684|Jim UHF-FM03kt
2026-08-21 08:11:52|8AA68EA66062E0828486888A8CE103F07B110133C005014600017C48000002CF44FA430000000010000000C37E2D56235A344199F2CFCCC99355C164C7267FCF224C41630E4740E1BB8840D972A54000|14839684|Jim UHF-FM03kt
2026-08-21 08:11:51|8AA68EA66062E0828486888A8CE103F07A110133BF05013A00011D2F4E56C2BA04B47DB899C38EBAE4FF7F3FF7F2A83C2CD491BBAFCA163C46000190AA44121CF100002070000000B2B480093861821B|14839684|Jim UHF-FM03kt
2026-08-21 08:11:51|8AA68EA66062E0828486888A8CE103F079110133BE05013900012A3FFCA9F1D24D62503FFCA9F1D24D62503F000000000000000000000000000000000000000000000000063A0001244408886A404ABE|14839684|Jim UHF-FM03kt
2026-08-21 08:11:50|8AA68EA66062E0828486888A8CE103F078110133BD05013900015FB1BF7B14AE47E17A843F075AE1B3AFEA53B2C2D81F34E4839ECDAACF95BF623255302AA9533FFA7E6ABC749388BFFCA9F1D24D6250|14839684|Jim UHF-FM03kt
2026-08-21 08:11:50|8AA68EA66062E0828486888A8CE103F077110133BC05013900019475029A081B8EBF6BBC7493180496BF7B14AE47E17A943F00000000000000007B14AE47E17A843F7B14AE47E17A943FEC51B81E85EB|14839684|Jim UHF-FM03kt
2026-08-21 08:11:49|8AA68EA66062E0828486888A8CE103F076110133BB0501390001C9E17A84BFB81E85EB51B8BEBFFA7E6ABC749358BF2D431CEBE2361ABF2F6EA301BC0552BF000000000000F03FD734EF384547A2BF26|14839684|Jim UHF-FM03kt
2026-08-21 08:11:49|8AA68EA66062E0828486888A8CE103F075110133BA05012A00011DC0C3F5285C8F422F403E77FDFF1492A0FFF21656006D01F50200000102390001DD3F08886A40C6E61752B81E85EB51C8BF7B14AE47|14839684|Jim UHF-FM03kt
2026-08-21 08:11:48|8AA68EA66062E0828486888A8CE103F0741101834332A9E703000000000000000000000051030000000000000000000000000000000000000000000000000000|14839684|Jim UHF-FM03kt
2026-08-21 08:11:48|8AA68EA66062E0828486888A8CE103F0731101824332A52568002C010000080000008882E40E240000000000433E00000000000000000000|14839684|Jim UHF-FM03kt
2026-08-21 08:11:48|8AA68EA66062E0828486888A8CE103F072110180456E6475726F736174|14839684|Jim UHF-FM03kt
2026-08-21 08:11:48|8AA68EA66062E0828486888A8CE103F071110133B805012A000187285C8FC275404067666666662653C0CDCCCCCCCCF07F40000000000000000000000000A4703D0AD76331C0C3F5285C8FC21640EC51|14839684|Jim UHF-FM03kt
2026-08-21 08:11:47|8AA68EA66062E0828486888A8CE103F070110133B705011D00010317000021000107010DFFFF0605002A0001AA3F08886A40C6E617E4085500DFCB1700B3DB38009710E5FF54E70AD7A3703D8A4040F6|14839684|Jim UHF-FM03kt
2026-08-21 08:11:47|8AA68EA66062E0828486888A8CE103F06F110133B605011D0001385E03000070170000DF13000000000000010000007017000000000000000000000000000070170000020D0000140300008C0A000070|14839684|Jim UHF-FM03kt
2026-08-21 08:11:46|8AA68EA66062E0828486888A8CE103F06E110133B50501090000090000000000000000001D000160673E0000953E00006200000022060000532F000000000000FA00000070170000C113000092000000|14839684|Jim UHF-FM03kt
2026-08-21 08:11:46|8AA68EA66062E0828486888A8CE103F06D110133B405010700010A01000001000001A9FF00080001160BD667000C00000D0000000001000001000001BCFF000900001600000000000000000000000000|14839684|Jim UHF-FM03kt
2026-08-21 08:11:45|8AA68EA66062E0828486888A8CE103F06C110133B305010100010B059A751F0001001000000006000116A8D567000D00000F0000000001000001000001CB0100070001160ED667000C00000D00000000|14839684|Jim UHF-FM03kt
2026-08-21 08:10:54|8AA68EA66062E0828486888A8CE103F06B110133B205016200010A000000000000000000006400010F000000000000000000000000000000|14839684|Jim UHF-FM03kt
2026-08-21 08:10:54|8AA68EA66062E0828486888A8CE103F06A110133B105015E00010501000048005F0001109E0F9D0FFFFFFFFFFFFFFFFF9F0F9E0F6000010F0000000000000000000000000000006200010F0000000000|14839684|Jim UHF-FM03kt
2026-08-21 08:10:53|8AA68EA66062E0828486888A8CE103F069110133B005014E00030D000000000000000000000000005900010DFEFFFFFFA43E47FE69480000035B000108A43E45FE5518C8005D0001066D3DAF008100|14839684|Jim UHF-FM03kt
2026-08-21 08:10:53|8AA68EA66062E0828486888A8CE103F068110133AF0501460001120000000000001616160000020101B57592864E00032C00000000000000000000000000000000000000000000000000000000000000|14839684|Jim UHF-FM03kt
2026-08-21 08:10:52|8AA68EA66062E0828486888A8CE103F067110133AE05014600014700000008000000A828F8ACAE777EC018AE4D0FF55EB2C0B7522DFAEEADB7C09E7A513DA91E753D869B9A3D00000000000000000000|14839684|Jim UHF-FM03kt
2026-08-21 08:10:52|8AA68EA66062E0828486888A8CE103F066110133AD05014600017C48000002CF44FA430000000010000000E215B7FC59DC3441C8D41AF9D68B54C10A4D24B9CBF94E4195A14C40271D844011C7B24000|14839684|Jim UHF-FM03kt
2026-08-21 08:10:51|8AA68EA66062E0828486888A8CE103F065110133AC05013A00011D0BD78B4FBBAECEF7B8216A1B39ACFF7F3F3D49103D8DB017BB1CB337BB46000190AA44121CF100002070000000B3B48009D876811B|14839684|Jim UHF-FM03kt
2026-08-21 08:10:51|8AA68EA66062E0828486888A8CE103F064110133AB05013900012A3FFCA9F1D24D62503FFCA9F1D24D62503F000000000000000000000000000000000000000000000000063A0001240708886A4004FB|14839684|Jim UHF-FM03kt
2026-08-21 08:10:50|8AA68EA66062E0828486888A8CE103F063110133AA05013900015FB1BF000000000000000015D048B452F0E4B3F1810C34B459F5B9DA8AADBFCD5D4BC8073D8B3F76029A081B9E9EBFFCA9F1D24D6250|14839684|Jim UHF-FM03kt
2026-08-21 08:10:50|8AA68EA66062E0828486888A8CE103F062110133A905013900019493A98251498DBFE35817B7D1009EBF7B14AE47E17AA43F000000000000000000000000000000007B14AE47E17AA43FEC51B81E85EB|14839684|Jim UHF-FM03kt
2026-08-21 08:10:49|8AA68EA66062E0828486888A8CE103F061110133A80501390001C9E17A84BF7B14AE47E17A943F2D431CEBE2366ABF2D431CEBE2361ABF2D431CEBE2361A3F000000000000F03F0612143FC6DCA5BF0C|14839684|Jim UHF-FM03kt
2026-08-21 08:10:49|8AA68EA66062E0828486888A8CE103F060110133A705012A00011DC08FC2F5285C4F304057E3FEFF52A1A0FF7DA555003501F50200000102390001DD0708886A4004FB0B0AD7A3703D0AD7BF7B14AE47|14839684|Jim UHF-FM03kt
2026-08-21 08:10:48|8AA68EA66062E0828486888A8CE103F05E1101824332692568002C010000080000008882CF0E240000000000433E00000000000000000000|14839684|Jim UHF-FM03kt
2026-08-21 08:10:48|8AA68EA66062E0828486888A8CE103F05D110180456E6475726F736174|14839684|Jim UHF-FM03kt
2026-08-21 08:10:48|8AA68EA66062E0828486888A8CE103F05C110133A505012A0001871E85EB51384240EC51B81E85EB52C0713D0AD7A3F87F40000000000000000000000000295C8FC2F56830C00AD7A3703D0A1740CDCC|14839684|Jim UHF-FM03kt
2026-08-21 08:10:47|8AA68EA66062E0828486888A8CE103F05B110133A405011D00010317000021000107010DFFFF0605002A0001AA0708886A4004FB0B043B510041C6170054293E000D124F0061E8AE47E17A144E4240B8|14839684|Jim UHF-FM03kt
2026-08-21 08:10:47|8AA68EA66062E0828486888A8CE103F05A110133A305011D0001385E03000070170000DF13000000000000010000007017000000000000000000000000000070170000030D0000FF020000280A000070|14839684|Jim UHF-FM03kt
2026-08-21 08:10:46|8AA68EA66062E0828486888A8CE103F059110133A20501090000090000000000000000001D000160833E0000A83E00005300000033050000512F000000000000FA00000070170000C013000093000000|14839684|Jim UHF-FM03kt
2026-08-21 08:10:46|8AA68EA66062E0828486888A8CE103F058110133A105010700010A01000001000001A6FF0008000116CED567000C00000D0000000001000001000001C3FF000900001600000000000000000000000000|14839684|Jim UHF-FM03kt
2026-08-21 08:10:45|8AA68EA66062E0828486888A8CE103F057110133A005010100010B055E751F00010010000000060001166BD567000D00000F000000000100000100000131020007000116D1D567000D00000E00000000|14839684|Jim UHF-FM03kt
2026-08-21 08:09:54|8AA68EA66062E0828486888A8CE103F0561101339F05016200010A000000000000000000006400010F0103001C70421DF9069A01D03E6649|14839684|Jim UHF-FM03kt
2026-08-21 08:09:53|8AA68EA66062E0828486888A8CE103F0541101339D05014E00030D000000000000000000000000005900010DFEFFFFFFDB3EFEFF09480000035B000108DA3EF2FFFC02C8005D000106973D23008100|14839684|Jim UHF-FM03kt
2026-08-21 08:09:53|8AA68EA66062E0828486888A8CE103F0531101339C05014600011200000000000017171700000201012324D5DF4E00032C00000000000000000000000000000000000000000000000000000000000000|14839684|Jim UHF-FM03kt
2026-08-21 08:09:52|8AA68EA66062E0828486888A8CE103F0521101339B050146000147000000080000008FB37625257E75C03D6728B941E1B3C0E46AC1AA9A76B6C075FF6D3DF57E813DE52D833D00000000000000000000|14839684|Jim UHF-FM03kt
2026-08-21 08:09:52|8AA68EA66062E0828486888A8CE103F0511101339A05014600017C48000002CF44FA4300000000100000004BED66528C3D354177462C499F6C53C14C0D0516EAD65041648161406B698E40DB85944000|14839684|Jim UHF-FM03kt
2026-08-21 08:09:51|8AA68EA66062E0828486888A8CE103F0501101339905013A00031D003D96D63E048D123B4C544A3F36CBE43E4E893F3D357BDFBD9E9CC3BC46000190AA44121CF100002070000000B4B48009788C801B|14839684|Jim UHF-FM03kt
2026-08-21 08:09:51|8AA68EA66062E0828486888A8CE103F04F1101339805013900012A3F7B14AE47E17A743FFA7E6ABC7493683F000000000000000000000000000000000000000000000000063A000124CA07886A00093D|14839684|Jim UHF-FM03kt
2026-08-21 08:09:50|8AA68EA66062E0828486888A8CE103F04E1101339705013900015FB1BF0000000000000000C468E0334FD46C3133E40EB479E9263108AC6CBF20D26F5F07CE793F6007CE1951DA5BBF79E9263108AC7C|14839684|Jim UHF-FM03kt
2026-08-21 08:09:50|8AA68EA66062E0828486888A8CE103F04D11013396050139000194643BDF4F8D87BFACADD85F764F9EBF9A9999999999A93F295C8FC2F528BCBF7B14AE47E17A94BF0000000000000000EC51B81E85EB|14839684|Jim UHF-FM03kt
2026-08-21 08:09:49|8AA68EA66062E0828486888A8CE103F04C110133950501390001C951D846409A99999999496040FC3A70CE88D2DA3F2F6EA301BC05623FEEEBC039234AE93F0B462575029ADC3F89635DDC4603A8BF5A|14839684|Jim UHF-FM03kt
2026-08-21 08:09:49|8AA68EA66062E0828486888A8CE103F04B1101339405012A00011DC0E17A14AE47213140447C000060B2A0FFA8485500F800F50200000002390001DDCA07886A00093D0048E17A14AEC73540B81E85EB|14839684|Jim UHF-FM03kt
2026-08-21 08:09:48|8AA68EA66062E0828486888A8CE103F04A1101339305012A00015251B81E2542409DA223B9FC87E6BF44FAEDEBC039E3BF97FF907EFB3AD83FEC51B81E85FB5B40000000000000000090C2F5285CEF58|14839684|Jim UHF-FM03kt
2026-08-21 08:09:48|8AA68EA66062E0828486888A8CE103F0491101834332A9E703000000000000000000000051030000000000000000000000000000000000000000000000000000|14839684|Jim UHF-FM03kt
2026-08-21 08:09:48|8AA68EA66062E0828486888A8CE103F04811018243322D25680029010000080000008882B90E240000000000433E00000000000000000000|14839684|Jim UHF-FM03kt
2026-08-21 08:09:48|8AA68EA66062E0828486888A8CE103F047110180456E6475726F736174|14839684|Jim UHF-FM03kt
2026-08-21 08:09:47|8AA68EA66062E0828486888A8CE103F0461101339105011D00010317000021000107010DFFFF0605002A0001AACA07886A00093D0076BB4C0072A5170080A943009013C300A0E9B81E85EB51384440E1|14839684|Jim UHF-FM03kt
2026-08-21 08:09:47|8AA68EA66062E0828486888A8CE103F0451101339005011D0001380E08000070170000DF13000000000000010000007017000000000000000000000000000070170000030D000017030000A50A000070|14839684|Jim UHF-FM03kt
2026-08-21 08:09:47|8AA68EA66062E0828486888A8CE103F0441101338F0501090000090000000000000000001D000160D53E0000FA3E00005A000000AA050000532F000000000000FA00000070170000B213000079010000|14839684|Jim UHF-FM03kt
2026-08-21 08:09:46|8AA68EA66062E0828486888A8CE103F0431101338E05010700010A01000001000001AEFF000800011692D567000E00000D0000000001000001000001C1FF000900001600000000000000000000000000|14839684|Jim UHF-FM03kt
2026-08-21 08:09:45|8AA68EA66062E0828486888A8CE103F0421101338D05010100010B0522751F00010010000000060001162FD56700C909000F0000000001000001000001A002000700011695D567000C00000D00000000|14839684|Jim UHF-FM03kt
2026-08-21 03:24:51|8AA68EA66062E0828486888A8CE103F0B01101337205013A00011D2371A1C83E4CB5E83A7BC54D3FDB2DE53EE32F6E3DF1E0CDBDD7FAB4BC46000190AA44121CF100002070000000B8B48009D09E7B1A|14838824|PE0SAT-31-JO21mr
2026-08-21 03:24:25|8AA68EA66062E0828486888A8CE103F0A31101834332A9E703000000000000000000000051030000000000000000000000000000000000000000000000000000|14838824|PE0SAT-31-JO21mr
2026-08-21 03:24:25|8AA68EA66062E0828486888A8CE103F0A211018243325CE267002701000008000000888213F8230000000000F43D00000000000000000000|14838824|PE0SAT-31-JO21mr
2026-08-21 03:24:25|8AA68EA66062E0828486888A8CE103F0A1110180456E6475726F736174|14838824|PE0SAT-31-JO21mr
2026-08-21 03:23:54|8AA68EA66062E0828486888A8CE103F0A01101336505016200010A000000000000000000006400010F0103000CBC7837A90B0F03D03EDC46|14838824|PE0SAT-31-JO21mr
2026-08-21 03:23:53|8AA68EA66062E0828486888A8CE103F09D11013362050146000112000000801D4403000000000000003E6000EE4E00032C00000000000000000000000000000000000000000000000000000000000000|14838824|PE0SAT-31-JO21mr
2026-08-21 03:23:25|8AA68EA66062E0828486888A8CE103F08D1101834332A9E703000000000000000000000051030000000000000000000000000000000000000000000000000000|14838824|PE0SAT-31-JO21mr
2026-08-21 03:23:25|8AA68EA66062E0828486888A8CE103F08C110182433220E2670029010000080000008882FDF7230000000000F43D00000000000000000000|14838824|PE0SAT-31-JO21mr
2026-08-21 03:23:25|8AA68EA66062E0828486888A8CE103F08B110180456E6475726F736174|14838824|PE0SAT-31-JO21mr
2026-08-21 03:22:25|8AA68EA66062E0828486888A8CE103F0771101834332A9E703000000000000000000000051030000000000000000000000000000000000000000000000000000|14838824|PE0SAT-31-JO21mr
2026-08-21 03:22:25|8AA68EA66062E0828486888A8CE103F0761101824332E4E1670029010000080000008882E7F7230000000000F43D00000000000000000000|14838824|PE0SAT-31-JO21mr
2026-08-21 03:22:25|8AA68EA66062E0828486888A8CE103F075110180456E6475726F736174|14838824|PE0SAT-31-JO21mr
2026-08-21 03:21:52|8AA68EA66062E0828486888A8CE103F06F1101333A05014600017C48004802CF44FA4301000000000000005098CB9858F8214107BCFFFC533D2941C3C0FFC7ABF05941AB38FF41E0E94042C7F8984201|14838824|PE0SAT-31-JO21mr
2026-08-21 03:21:51|8AA68EA66062E0828486888A8CE103F06D1101333805013900012A3FFCA9F1D24D62703FFA7E6ABC7493783F000000000000000000000000000000000000000000000000063A0001244CC4876A40C6E6|14838824|PE0SAT-31-JO21mr
2026-08-21 01:50:18|8AA68EA66062E0828486888A8CE103F08F1101834332A9E703000000000000000000000051030000000000000000000000000000000000000000000000000000|14838711|Plyachka-KN12rl
2026-08-21 01:50:18|8AA68EA66062E0828486888A8CE103F08E110182433253CC670029010000080000008882FFEF230000000000EF3D00000000000000000000|14838711|Plyachka-KN12rl
2026-08-21 01:50:18|8AA68EA66062E0828486888A8CE103F08D110180456E6475726F736174|14838711|Plyachka-KN12rl
2026-08-21 01:49:54|8AA68EA66062E0828486888A8CE103F08B1101336A05015E00010501000040005F000110AC0FAB0FFFFFFFFFFFFFFFFFAC0FAB0F6000010F0000000000000000000000000000006200010F0000000000|14838720|Sofia SAT Club - Bay Ivan-KN22lx
2026-08-21 01:49:54|8AA68EA66062E0828486888A8CE103F08C1101336B05016200010A000000000000000000006400010F01030076BB9E2A2D078F01D03EB649|14838711|Plyachka-KN12rl
2026-08-21 01:49:54|8AA68EA66062E0828486888A8CE103F08B1101336A05015E00010501000040005F000110AC0FAB0FFFFFFFFFFFFFFFFFAC0FAB0F6000010F0000000000000000000000000000006200010F0000000000|14838711|Plyachka-KN12rl
2026-08-21 01:49:53|8AA68EA66062E0828486888A8CE103F08A1101336905014E00030D000000000000000000000000005900010DFEFFFFFFDA3EFAFF47470000035B000108DA3EFBFF0903C6005D000106B43D00008100|14838720|Sofia SAT Club - Bay Ivan-KN22lx
2026-08-21 01:49:53|8AA68EA66062E0828486888A8CE103F08A1101336905014E00030D000000000000000000000000005900010DFEFFFFFFDA3EFAFF47470000035B000108DA3EFBFF0903C6005D000106B43D00008100|14838711|Plyachka-KN12rl
2026-08-21 01:49:53|8AA68EA66062E0828486888A8CE103F08911013368050146000112000000C010440000000000000000EE2A05094E00032C00000000000000000000000000000000000000000000000000000000000000|14838711|Plyachka-KN12rl
2026-08-21 01:49:52|8AA68EA66062E0828486888A8CE103F08811013367050146000147000000000000003164FF520798BC405DD1775E00469D4061D0CAC9A85295C05EB1803EAA57403FBB9FE33E00000000000000000000|14838720|Sofia SAT Club - Bay Ivan-KN22lx
2026-08-21 01:49:52|8AA68EA66062E0828486888A8CE103F0871101336605014600017C48004802CF44FA43010000000000000032FE47C75DED2C4143CDB0F1533D324198A0D2C12993594129B95F415C58434223D6124201|14838720|Sofia SAT Club - Bay Ivan-KN22lx
2026-08-21 01:49:52|8AA68EA66062E0828486888A8CE103F08811013367050146000147000000000000003164FF520798BC405DD1775E00469D4061D0CAC9A85295C05EB1803EAA57403FBB9FE33E00000000000000000000|14838711|Plyachka-KN12rl
2026-08-21 01:49:52|8AA68EA66062E0828486888A8CE103F0871101336605014600017C48004802CF44FA43010000000000000032FE47C75DED2C4143CDB0F1533D324198A0D2C12993594129B95F415C58434223D6124201|14838711|Plyachka-KN12rl
2026-08-21 01:49:51|8AA68EA66062E0828486888A8CE103F0861101336505013A00011D17E1A4C43E0CC9E23A0AB24E3FEE4EE53E6B1F3B3D16A3CABD83C264BC46000190AA44121CF100002070000000BB82800930A5241A|14838720|Sofia SAT Club - Bay Ivan-KN22lx
2026-08-21 01:49:51|8AA68EA66062E0828486888A8CE103F0851101336405013900012A3F7B14AE47E17A743FFA7E6ABC7493683F000000000000000000000000000000000000000000000000063A000124BCAE876A8008F6|14838720|Sofia SAT Club - Bay Ivan-KN22lx
2026-08-21 01:49:51|8AA68EA66062E0828486888A8CE103F0861101336505013A00011D17E1A4C43E0CC9E23A0AB24E3FEE4EE53E6B1F3B3D16A3CABD83C264BC46000190AA44121CF100002070000000BB82800930A5241A|14838711|Plyachka-KN12rl
2026-08-21 01:49:51|8AA68EA66062E0828486888A8CE103F0851101336405013900012A3F7B14AE47E17A743FFA7E6ABC7493683F000000000000000000000000000000000000000000000000063A000124BCAE876A8008F6|14838711|Plyachka-KN12rl
2026-08-21 01:49:50|8AA68EA66062E0828486888A8CE103F08311013362050139000194643BDF4F8D87BF3F575BB1BFEC9EBF9A9999999999A93F9A9999999999B9BF7B14AE47E17A84BF0000000000000000B81E85EB51B8|14838720|Sofia SAT Club - Bay Ivan-KN22lx
2026-08-21 01:49:50|8AA68EA66062E0828486888A8CE103F0841101336305013900015FAEBF7B14AE47E17A843F7ED3373367D369B270D8E5B3ACADD85F764F6EBF3CDF4F8D976E723FC7BAB88D06F046BFFA7E6ABC749378|14838711|Plyachka-KN12rl
2026-08-21 01:49:50|8AA68EA66062E0828486888A8CE103F08311013362050139000194643BDF4F8D87BF3F575BB1BFEC9EBF9A9999999999A93F9A9999999999B9BF7B14AE47E17A84BF0000000000000000B81E85EB51B8|14838711|Plyachka-KN12rl
2026-08-21 01:49:49|8AA68EA66062E0828486888A8CE103F082110133610501390001C97AB444400AD7A3703D326040BE30992A1895D83F6007CE1951DA5B3FF54A598638D6E93FB537F8C264AADC3FED0DBE30992AA8BF5A|14838711|Plyachka-KN12rl
2026-08-21 01:49:49|8AA68EA66062E0828486888A8CE103F0811101336005012A00011DC0EC51B81E856B3140D7BF4200FC5E1700BC2226001B01410000000002390001DDBCAE876A8008F6173333333333F3334015AE47E1|14838711|Plyachka-KN12rl
2026-08-21 01:49:48|8AA68EA66062E0828486888A8CE103F07F1101335E05012A0001870AD7A3707D4540CDCCCCCCCC0C354085EB51B81E058040000000000000000000000000D7A3703D0AD732C048E17A14AE47FD3F7B14|14838720|Sofia SAT Club - Bay Ivan-KN22lx
2026-08-21 01:49:48|8AA68EA66062E0828486888A8CE103F0801101335F05012A000152AE47E15A40401F85EB51B81EE7BF168C4AEA0434E3BF492EFF21FDF6D53F713D0AD7A3705B4000000000000000007B14AE47E10A59|14838711|Plyachka-KN12rl
2026-08-21 01:49:48|8AA68EA66062E0828486888A8CE103F07F1101335E05012A0001870AD7A3707D4540CDCCCCCCCC0C354085EB51B81E058040000000000000000000000000D7A3703D0AD732C048E17A14AE47FD3F7B14|14838711|Plyachka-KN12rl
2026-08-21 01:49:47|8AA68EA66062E0828486888A8CE103F07E1101335D05011D00010317000021000107010DFFFF0605002A0001AAB7AE876A80841E008B6C49003A281700296347009714FD0093EA15AE47E17A9445403E|14838720|Sofia SAT Club - Bay Ivan-KN22lx
2026-08-21 01:49:47|8AA68EA66062E0828486888A8CE103F07D1101335C05011D0001385E03000070170000DF13000000000000010000007017000000000000000000000000000070170000000D00006A030000D10B000070|14838720|Sofia SAT Club - Bay Ivan-KN22lx
2026-08-21 01:49:47|8AA68EA66062E0828486888A8CE103F07E1101335D05011D00010317000021000107010DFFFF0605002A0001AAB7AE876A80841E008B6C49003A281700296347009714FD0093EA15AE47E17A9445403E|14838711|Plyachka-KN12rl
2026-08-21 01:49:47|8AA68EA66062E0828486888A8CE103F07D1101335C05011D0001385E03000070170000DF13000000000000010000007017000000000000000000000000000070170000000D00006A030000D10B000070|14838711|Plyachka-KN12rl
2026-08-21 01:49:46|8AA68EA66062E0828486888A8CE103F07C1101335B0501090000090000000000000000001D000160D53E0000FA3E00005B000000BB050000562F000000000000FA00000070170000C113000093000000|14838711|Plyachka-KN12rl
2026-08-21 01:49:46|8AA68EA66062E0828486888A8CE103F07B1101335A05010700010A01000001000001A9FF0008000116DE7C67001000000D0000000001000001000001BFFF000900001600000000000000000000000000|14838711|Plyachka-KN12rl
2026-08-21 01:49:45|8AA68EA66062E0828486888A8CE103F07A1101335905010100010B05121C1F00010010000000060001167B7C6700C90900100000000001000001000001A0020007000116E17C67000C00000E00000000|14838720|Sofia SAT Club - Bay Ivan-KN22lx
2026-08-21 01:49:45|8AA68EA66062E0828486888A8CE103F07A1101335905010100010B05121C1F00010010000000060001167B7C6700C90900100000000001000001000001A0020007000116E17C67000C00000E00000000|14838711|Plyachka-KN12rl
2026-08-21 01:49:18|8AA68EA66062E0828486888A8CE103F0791101834332A9E703000000000000000000000051030000000000000000000000000000000000000000000000000000|14838711|Plyachka-KN12rl
2026-08-21 01:49:18|8AA68EA66062E0828486888A8CE103F078110182433217CC670029010000080000008882E9EF230000000000EF3D00000000000000000000|14838711|Plyachka-KN12rl
2026-08-21 01:49:18|8AA68EA66062E0828486888A8CE103F0791101834332A9E703000000000000000000000051030000000000000000000000000000000000000000000000000000|14838720|Sofia SAT Club - Bay Ivan-KN22lx
2026-08-21 01:48:18|8AA68EA66062E0828486888A8CE103F0621101824332DBCB670029010000080000008882D3EF230000000000EF3D00000000000000000000|14838711|Plyachka-KN12rl
2026-08-20 14:25:22|8AA68EA66062E0828486888A8CE103F056110180456E6475726F736174|14834372|PE0SAT-11-JO21mr
2026-08-20 14:24:54|8AA68EA66062E0828486888A8CE103F0551101339405016200010A0000000000001A27BC436400010F010300C6AC4A33BF0AC402D03E7648|14834372|PE0SAT-11-JO21mr
2026-08-20 14:24:53|8AA68EA66062E0828486888A8CE103F0541101339305015E00010501000040005F000110AD0FAB0FFFFFFFFFFFFFFFFFAD0FA90F6000010F010300422C0C08C2027200F83E82466200010F0100000000|14834372|PE0SAT-11-JO21mr
2026-08-20 14:24:53|8AA68EA66062E0828486888A8CE103F0531101339205014E00030D000000000000000000000000005900010DFEFFFFFFD93E240093410000035B000108D93E21005305B8005D000106A53D00007000|14834372|PE0SAT-11-JO21mr
2026-08-20 14:24:52|8AA68EA66062E0828486888A8CE103F052110133910501460001120000CDCCAE420300000000000000D29BC3874E00032C00000000000000000000000000000000000000000000000000000000000000|14834372|PE0SAT-11-JO21mr
2026-08-20 14:24:52|8AA68EA66062E0828486888A8CE103F0511101339005014600014700000000000000DF46F148EBDEB6C089AC6EB37CAF97C0065055588288B2405E2EE23F0AC3933E3499043F00000000000000000000|14834372|PE0SAT-11-JO21mr
2026-08-20 14:24:51|8AA68EA66062E0828486888A8CE103F0501101338F05014600017C48004802CF44FA43010000000000000056B93A949FB250418E141CC70B6310C1F49E58D00F37544126532243119C394153FD434201|14834372|PE0SAT-11-JO21mr
2026-08-20 14:24:51|8AA68EA66062E0828486888A8CE103F04F1101338E05013A00011D2F7B063CBFC9CF123B3587023FA74CE53E06E5E73CFD94BBBD28342F3D46000190AA44121CF1000020700000009C828009C080B117|14834372|PE0SAT-11-JO21mr
2026-08-20 14:24:50|8AA68EA66062E0828486888A8CE103F04E1101338D05013900012A3F7B14AE47E17A743FFCA9F1D24D62603F000000000000000000000000000000000000000000000000063A000124310E876A404ABE|14834372|PE0SAT-11-JO21mr
2026-08-20 14:24:50|8AA68EA66062E0828486888A8CE103F04D1101338C05013900035FAEBF00000000000000000B018FB33343BB31038022342F6EA301BC05723FC58F31772D215FBF168C4AEA043461BFFA7E6ABC749368|14834372|PE0SAT-11-JO21mr
2026-08-20 14:24:49|8AA68EA66062E0828486888A8CE103F04C1101338B0501390001942B6519E25887BFF797DD9387859ABFB81E85EB51B89E3F9A9999999999B9BF7B14AE47E17AA43F0000000000000000B81E85EB51B8|14834372|PE0SAT-11-JO21mr
2026-08-20 14:24:48|8AA68EA66062E0828486888A8CE103F04A1101338905012A00011D405C8FC2F528646640FC43B0FF7822F7FF20D931000D03730100000002390001DD2C0E876A40C6E617E17A14AE47C144C01F85EB51|14834372|PE0SAT-11-JO21mr
2026-08-20 14:24:48|8AA68EA66062E0828486888A8CE103F0491101338805012A0001525C8FC2B542408D28ED0DBE30DDBF7C613255302AE3BF1B9E5E29CB10E5BFEC51B81E856B484000000000000000003E0AD7A370CD59|14834372|PE0SAT-11-JO21mr
2026-08-20 14:24:47|8AA68EA66062E0828486888A8CE103F0481101338705012A000187D7A3703DAA4B409A999999999916C0EC51B81E850F8040000000000000000000000000295C8FC2F5282C40295C8FC2F5280640F628|14834372|PE0SAT-11-JO21mr
2026-08-20 14:24:47|8AA68EA66062E0828486888A8CE103F0471101338605011D00010317000021000107010DFFFF0605002A0001AA2C0E876A40C6E6171B88C4FF65E8000090765600F9176E0661101F85EB51B8BE4B400A|14834372|PE0SAT-11-JO21mr
2026-08-20 14:24:46|8AA68EA66062E0828486888A8CE103F0461101338505011D0001385E03000070170000DF13000000000000010000007017000000000000000000000000000070170000000D000063030000F00A000070|14834372|PE0SAT-11-JO21mr
2026-08-20 14:24:45|8AA68EA66062E0828486888A8CE103F0431101338205010100010B05867B1E000100100000000600011691DC6600C909000F00000000010000010000016B020007000116F6DC6600BC03000E00000000|14834372|PE0SAT-11-JO21mr
2026-08-20 14:24:23|8AA68EA66062E0828486888A8CE103F0421101834332A9E703000000000000000000000051030000000000000000000000000000000000000000000000000000|14834372|PE0SAT-11-JO21mr
2026-08-20 14:24:23|8AA68EA66062E0828486888A8CE103F0411101824332B92B67000C010000080000008882B2B6230000000000963D00000000000000000000|14834372|PE0SAT-11-JO21mr
2026-08-20 14:24:22|8AA68EA66062E0828486888A8CE103F040110180456E6475726F736174|14834372|PE0SAT-11-JO21mr
2026-08-20 14:23:51|8AA68EA66062E0828486888A8CE103F0391101337B05013A00011D23C87644BF195E393B24FAEA3EB234E53E16F7B83C3332CABD1374023D46000190AA44121CF1000020700000009B8280096096B017|14834381|PE0SAT-31-JO21mr
2026-08-20 14:23:50|8AA68EA66062E0828486888A8CE103F0381101337A05013900012A3F7B14AE47E17A743FFA7E6ABC7493683F000000000000000000000000000000000000000000000000063A000124F40D876A4088D2|14834381|PE0SAT-31-JO21mr
2026-08-20 14:23:50|8AA68EA66062E0828486888A8CE103F0371101337905013900015FAEBF7B14AE47E17A84BF6610FDB28590D2B2C0CE0E34623255302AA933BF93CB7F48BF7D5DBF168C4AEA0434713FFCA9F1D24D6260|14834381|PE0SAT-31-JO21mr
2026-08-20 14:23:49|8AA68EA66062E0828486888A8CE103F036110133780501390001940DBE30992A88BF2D431CEBE2369ABF7B14AE47E17A943F9A9999999999B9BFB81E85EB51B89E3F0000000000000000B81E85EB51B8|14834381|PE0SAT-31-JO21mr
2026-08-20 14:23:48|8AA68EA66062E0828486888A8CE103F0341101337605012A00011D40AE47E17A146E66C0AA3EB4FF1AB5F6FFEF902C000D03730100000002390001DDEF0D876A4004FB0B48E17A14AEE745C0AE47E17A|14834381|PE0SAT-31-JO21mr
2026-08-20 14:23:48|8AA68EA66062E0828486888A8CE103F0331101337505012A000152C2F528DC41404FD1915CFE43DABF7C613255302AE3BFE25817B7D100E6BFEC51B81E854B47400000000000000000A4703D0AD78359|14834381|PE0SAT-31-JO21mr
2026-08-20 14:23:46|8AA68EA66062E0828486888A8CE103F02F110133710501090000090000000000000000001D000160D53E0000033F0000720000002E070000542F000000000000FA00000070170000BF13000093000000|14834381|PE0SAT-31-JO21mr
2026-08-20 14:23:46|8AA68EA66062E0828486888A8CE103F02F110133710501090000090000000000000000001D000160D53E0000033F0000720000002E070000542F000000000000FA00000070170000BF13000093000000|14834372|PE0SAT-11-JO21mr
2026-08-20 14:23:45|8AA68EA66062E0828486888A8CE103F02E1101337005010700010A0100000100000149000008000116BBDC66007000000E00000000010000010000015800000900001600000000000000000000000000|14834381|PE0SAT-31-JO21mr
2026-08-20 14:23:45|8AA68EA66062E0828486888A8CE103F02D1101336F05010100010B054A7B1E000100100000000600011659DC6600C909000F000000000100000100000168020007000116BEDC6600F803000E00000000|14834381|PE0SAT-31-JO21mr
2026-08-20 14:23:45|8AA68EA66062E0828486888A8CE103F02E1101337005010700010A0100000100000149000008000116BBDC66007000000E00000000010000010000015800000900001600000000000000000000000000|14834372|PE0SAT-11-JO21mr
2026-08-20 14:23:45|8AA68EA66062E0828486888A8CE103F02D1101336F05010100010B054A7B1E000100100000000600011659DC6600C909000F000000000100000100000168020007000116BEDC6600F803000E00000000|14834372|PE0SAT-11-JO21mr
2026-08-20 14:23:22|8AA68EA66062E0828486888A8CE103F02B11018243327D2B67000C0100000800000088829CB6230000000000963D00000000000000000000|14834372|PE0SAT-11-JO21mr
2026-08-20 14:23:22|8AA68EA66062E0828486888A8CE103F02A110180456E6475726F736174|14834372|PE0SAT-11-JO21mr
2026-08-20 14:22:54|8AA68EA66062E0828486888A8CE103F0291101336E05016200010A000000000000882C6C436400010F01030018ABB031A40AAB02D03EC648|14834372|PE0SAT-11-JO21mr
2026-08-20 14:22:53|8AA68EA66062E0828486888A8CE103F0281101336D05015E00010501000040005F000110AD0FAB0FFFFFFFFFFFFFFFFFAD0FAC0F6000010F010300222E0C08F8027200F83E22476200010F0100000000|14834372|PE0SAT-11-JO21mr
2026-08-20 14:22:53|8AA68EA66062E0828486888A8CE103F0271101336C05014E00030D000000000000000000000000005900010DFEFFFFFFDA3E3400B2400000035B000108DA3E3800B106B5005D000106A53D00007000|14834372|PE0SAT-11-JO21mr
2026-08-20 14:22:52|8AA68EA66062E0828486888A8CE103F0261101336B050146000112000000000000060606000002010198A2928F4E00032C00000000000000000000000000000000000000000000000000000000000000|14834372|PE0SAT-11-JO21mr
2026-08-20 14:22:52|8AA68EA66062E0828486888A8CE103F0251101336A05014600014700000008000000469B6CD90425B6C0C490559AB54598C05B406961845BB340B600B53F2D0B803E4D66E23E00000000000000000000|14834372|PE0SAT-11-JO21mr
2026-08-20 14:22:51|8AA68EA66062E0828486888A8CE103F0241101336905014600017C48000802CF44FA430000000010000000BB399FF35A6F514135880AA6CD7B0AC143112C20D69753410DF19D4388554043F53ACB4200|14834372|PE0SAT-11-JO21mr
2026-08-20 14:22:51|8AA68EA66062E0828486888A8CE103F0231101336805013A00011D1729EE4BBF5189253BBCEBCF3E0843E53EC3759F3CEF99C4BD868B2E3D46000190AA44121CF1000020700000009BB4800900ACAF17|14834372|PE0SAT-11-JO21mr
2026-08-20 14:22:50|8AA68EA66062E0828486888A8CE103F0211101336605013900015FAEBF0000000000000000B07C48B3A7B92BB1E479E933DF718A8EE4F26F3F6007CE1951DA6BBF091B9E5E29CB703FFCA9F1D24D6250|14834372|PE0SAT-11-JO21mr
2026-08-20 14:22:49|8AA68EA66062E0828486888A8CE103F01F110133640501390001C93D2A5CC0713D0AD7A3A0624093CB7F48BF7DE9BF7B14AE47E17A643F5AF5B9DA8AFDD93FF185C954C1A8DC3FD50968226C78AABFFA|14828773|DEOS_RALF-JN03rn
2026-08-20 14:22:49|8AA68EA66062E0828486888A8CE103F020110133650501390001947E6ABC749388BFD044D8F0F44A99BF7B14AE47E17A943F9A9999999999B9BF7B14AE47E17AA43F0000000000000000B81E85EB51B8|14834372|PE0SAT-11-JO21mr
2026-08-20 14:22:49|8AA68EA66062E0828486888A8CE103F01F110133640501390001C93D2A5CC0713D0AD7A3A0624093CB7F48BF7DE9BF7B14AE47E17A643F5AF5B9DA8AFDD93FF185C954C1A8DC3FD50968226C78AABFFA|14834372|PE0SAT-11-JO21mr
2026-08-20 14:22:48|8AA68EA66062E0828486888A8CE103F01D1101336205012A000152AE47E1FA4040752497FF907ED7BF7C613255302AE3BFBC0512143FC6E6BFB81E85EB515846400000000000000000CDCCCCCCCC4C59|14834381|PE0SAT-31-JO21mr
2026-08-20 14:22:48|8AA68EA66062E0828486888A8CE103F01E1101336305012A00011D40C3F5285C8F4A66C0F731B8FF0351F6FFE9FB2700EC02730100000002390001DDB70D876A40BDA917D7A3703D0AD746C00AD7A370|14834372|PE0SAT-11-JO21mr
2026-08-20 14:22:48|8AA68EA66062E0828486888A8CE103F01D1101336205012A000152AE47E1FA4040752497FF907ED7BF7C613255302AE3BFBC0512143FC6E6BFB81E85EB515846400000000000000000CDCCCCCCCC4C59|14834372|PE0SAT-11-JO21mr
2026-08-20 14:22:47|8AA68EA66062E0828486888A8CE103F01C1101336105012A0001870AD7A370DD474000000000000004C0295C8FC2F50280400000000000000000000000009A99999999193140EC51B81E85EB0940A470|14834381|PE0SAT-31-JO21mr
2026-08-20 14:22:47|8AA68EA66062E0828486888A8CE103F01C1101336105012A0001870AD7A370DD474000000000000004C0295C8FC2F50280400000000000000000000000009A99999999193140EC51B81E85EB0940A470|14828773|DEOS_RALF-JN03rn
2026-08-20 14:22:47|8AA68EA66062E0828486888A8CE103F01B1101336005011D00010317000021000107010DFFFF0605002A0001AAB10D876A404ABE2F2EA1B9FF2BD4FDFF01D94D007B1568068B133333333333F347403E|14828773|DEOS_RALF-JN03rn
2026-08-20 14:22:47|8AA68EA66062E0828486888A8CE103F01C1101336105012A0001870AD7A370DD474000000000000004C0295C8FC2F50280400000000000000000000000009A99999999193140EC51B81E85EB0940A470|14834372|PE0SAT-11-JO21mr
2026-08-20 14:22:47|8AA68EA66062E0828486888A8CE103F01B1101336005011D00010317000021000107010DFFFF0605002A0001AAB10D876A404ABE2F2EA1B9FF2BD4FDFF01D94D007B1568068B133333333333F347403E|14834372|PE0SAT-11-JO21mr
2026-08-20 14:22:46|8AA68EA66062E0828486888A8CE103F01A1101335F05011D0001385E03000070170000DF13000000000000010000007017000000000000000000000000000070170000030D0000010300004D0A000070|14834372|PE0SAT-11-JO21mr
2026-08-20 14:22:46|8AA68EA66062E0828486888A8CE103F0191101335E0501090000090000000000000000001D000160D53E0000033F0000690000009D060000532F000000000000FA00000070170000C013000093000000|14834372|PE0SAT-11-JO21mr
2026-08-20 14:22:45|8AA68EA66062E0828486888A8CE103F0181101335D05010700010A010000010000014B0000080001167FDC66006C00000E00000000010000010000016400000900001600000000000000000000000000|14828773|DEOS_RALF-JN03rn
2026-08-20 14:22:45|8AA68EA66062E0828486888A8CE103F0181101335D05010700010A010000010000014B0000080001167FDC66006C00000E00000000010000010000016400000900001600000000000000000000000000|14834372|PE0SAT-11-JO21mr
2026-08-20 14:22:23|8AA68EA66062E0828486888A8CE103F0161101834332A9E703000000000000000000000051030000000000000000000000000000000000000000000000000000|14828773|DEOS_RALF-JN03rn
2026-08-20 14:22:23|8AA68EA66062E0828486888A8CE103F0161101834332A9E703000000000000000000000051030000000000000000000000000000000000000000000000000000|14834372|PE0SAT-11-JO21mr
2026-08-20 14:22:22|8AA68EA66062E0828486888A8CE103F014110180456E6475726F736174|14834381|PE0SAT-31-JO21mr
2026-08-20 14:22:22|8AA68EA66062E0828486888A8CE103F0151101824332412B67000901000008000000888286B6230000000000963D00000000000000000000|14828773|DEOS_RALF-JN03rn
2026-08-20 14:22:22|8AA68EA66062E0828486888A8CE103F014110180456E6475726F736174|14828773|DEOS_RALF-JN03rn
2026-08-20 14:22:22|8AA68EA66062E0828486888A8CE103F014110180456E6475726F736174|14834372|PE0SAT-11-JO21mr
2026-08-20 14:21:54|8AA68EA66062E0828486888A8CE103F0131101335B05016200010A0000000000001A27B6446400010F010300F0646A180E062A01023FA04B|14828773|DEOS_RALF-JN03rn
2026-08-20 14:21:53|8AA68EA66062E0828486888A8CE103F0121101335A05015E00010501000040005F000110AD0FA90FFFFFFFFFFFFFFFFFAC0FA90F6000010F010300A636960A64039800F83E92456200010F0100000000|14828773|DEOS_RALF-JN03rn
2026-08-20 14:21:53|8AA68EA66062E0828486888A8CE103F0111101335905014E00030D000000000000000000000000005900010DFEFFFFFFD93E350040400000035B000108D93E34007706B3005D000106A53D00007000|14828773|DEOS_RALF-JN03rn
2026-08-20 14:21:52|8AA68EA66062E0828486888A8CE103F010110133580501460001120000000000000C0C0C000002010137121FA64E00032C00000000000000000000000000000000000000000000000000000000000000|14828773|DEOS_RALF-JN03rn
2026-08-20 14:21:52|8AA68EA66062E0828486888A8CE103F00F11013357050146000147000000080000003D6572AB2ABBB4C03EB4C74E5D3899C0994009609DC9B440B06F8A3E1064BD3D1200E53D00000000000000000000|14828773|DEOS_RALF-JN03rn
2026-08-20 14:21:51|8AA68EA66062E0828486888A8CE103F00E1101335605014600017C48000002CF44FA430000000010000000163ACA58B5B05241392C9FFE33BAFDC015DD73A0736A5241D663994184A2BE407AD7EC4000|14828773|DEOS_RALF-JN03rn
2026-08-20 14:21:51|8AA68EA66062E0828486888A8CE103F00D1101335505013A00011D002B9452BF695B313B6D9BB33E5F26E53EB5EF993CEC69CEBD12E9FC3C46000190AA44121CF100002070000000AFB48009A0C1AE17|14828773|DEOS_RALF-JN03rn
2026-08-20 14:21:50|8AA68EA66062E0828486888A8CE103F00C1101335405013900012A3F7B14AE47E17A743FFA7E6ABC7493683F000000000000000000000000000000000000000000000000063A0001247A0D876A000000|14828773|DEOS_RALF-JN03rn
2026-08-20 14:21:50|8AA68EA66062E0828486888A8CE103F00B1101335305013900015FB1BF0000000000000000DEC644B3DDEF1DB24EF5FE33C58F31772D215FBF623255302AA953BF2F6EA301BC05623FFCA9F1D24D6250|14828773|DEOS_RALF-JN03rn
2026-08-20 14:21:49|8AA68EA66062E0828486888A8CE103F00A11013352050139000194F0164850FC88BF3D9B559FABAD98BF7B14AE47E17A943F9A9999999999B9BF7B14AE47E17AA43F0000000000000000EC51B81E85EB|14828773|DEOS_RALF-JN03rn
2026-08-20 14:21:49|8AA68EA66062E0828486888A8CE103F009110133510501390001C90A675EC067666666661663403411363CBD52EABFAED85F764F1E663F00917EFB3A70D63F68226C787AA5DC3FD50968226C78AABF07|14828773|DEOS_RALF-JN03rn
2026-08-20 14:21:48|8AA68EA66062E0828486888A8CE103F0081101335005012A00011D40713D0AD7A32866C0EAD7BCFF54E3F5FFDD422300AF02730100000002390001DD790D876A404ABE2F0AD7A3703DCA47C0D7A3703D|14828773|DEOS_RALF-JN03rn
2026-08-20 14:21:48|8AA68EA66062E0828486888A8CE103F0071101334F05012A0001527A14AEC73F40637FD93D7958D4BF7C613255302AE3BF85EB51B81E85E7BF85EB51B81E65454000000000000000005C8FC2F5281C59|14828773|DEOS_RALF-JN03rn
2026-08-20 14:21:47|8AA68EA66062E0828486888A8CE103F0061101334E05012A00018785EB51B81E4640F6285C8FC2F5F4BF1F85EB51B8FA7F40000000000000000000000000C3F5285C8F823240713D0AD7A3700B4048E1|14828773|DEOS_RALF-JN03rn
2026-08-20 14:21:47|8AA68EA66062E0828486888A8CE103F0051101334D05011D00010317000021000107010DFFFF0605002A0001AA790D876A404ABE2F6211B5FFA76EFCFFFA6C490035145B06DF1415AE47E17A3446401F|14828773|DEOS_RALF-JN03rn
2026-08-20 14:21:46|8AA68EA66062E0828486888A8CE103F0041101334C05011D0001385E03000070170000DF13000000000000020000007017000000000000000000000000000070170000040D0000FB0200004D0A000070|14828773|DEOS_RALF-JN03rn
2026-08-20 14:21:46|8AA68EA66062E0828486888A8CE103F0031101334B0501090000090000000000000000001D000160D53E0000033F0000530000003A050000542F000000000000FA00000070170000C013000093000000|14828773|DEOS_RALF-JN03rn
2026-08-20 14:21:45|8AA68EA66062E0828486888A8CE103F0021101334A05010700010A010000010000014B00000800011642DC66008F00000D00000000010000010000017000000900001600000000000000000000000000|14828773|DEOS_RALF-JN03rn
2026-08-20 14:21:45|8AA68EA66062E0828486888A8CE103F0011101334905010100010B05D27A1E0001001000000006000116E1DB6600C909000F00000000010000010000016602000700011645DC6600F104000E00000000|14828773|DEOS_RALF-JN03rn
2026-08-20 14:21:22|8AA68EA66062E0828486888A8CE103F0FF1101824332052B67000701000008000000888270B6230000000000953D00000000000000000000|14834372|PE0SAT-11-JO21mr
2026-08-20 14:21:22|8AA68EA66062E0828486888A8CE103F0FE110180456E6475726F736174|14834372|PE0SAT-11-JO21mr
2026-08-20 14:21:22|8AA68EA66062E0828486888A8CE103F0001101834332A9E703000000000000000000000051030000000000000000000000000000000000000000000000000000|14828773|DEOS_RALF-JN03rn
2026-08-20 14:21:22|8AA68EA66062E0828486888A8CE103F0FF1101824332052B67000701000008000000888270B6230000000000953D00000000000000000000|14828773|DEOS_RALF-JN03rn
2026-08-20 14:21:22|8AA68EA66062E0828486888A8CE103F0FE110180456E6475726F736174|14828773|DEOS_RALF-JN03rn
2026-08-20 14:20:54|8AA68EA66062E0828486888A8CE103F0FD1101334805016200010A0000000000001A2756456400010F01030028A0BE2DEE096D02D03EB649|14828773|DEOS_RALF-JN03rn
2026-08-20 14:20:53|8AA68EA66062E0828486888A8CE103F0FC1101334705015E00010501000040005F000110AC0FAB0FFFFFFFFFFFFFFFFFAC0FAB0F6000010F010300883BEA0BB503A400BC3EBC486200010F0100000000|14828773|DEOS_RALF-JN03rn
2026-08-20 14:20:53|8AA68EA66062E0828486888A8CE103F0FB1101334605014E00030D000000000000000000000000005900010DFEFFFFFFD93E4000CD3F0000035B000108D93E3C00FC06B2005D000106A53D00006B00|14828773|DEOS_RALF-JN03rn
2026-08-20 14:20:52|8AA68EA66062E0828486888A8CE103F0FA110133450501460001120000000000001515150000020101DA2619194E00032C00000000000000000000000000000000000000000000000000000000000000|14828773|DEOS_RALF-JN03rn
2026-08-20 14:20:52|8AA68EA66062E0828486888A8CE103F0F91101334405014600014700000008000000E258B72BA63BB3C0D097A335D3009AC0E8C8FD990421B6402885E33D3E7E523D80836C3D00000000000000000000|14828773|DEOS_RALF-JN03rn
2026-08-20 14:20:51|8AA68EA66062E0828486888A8CE103F0F81101334305014600017C48000002CF44FA430000000010000000E71E2EED50DC5341F557AEBA94C8D6C08CA97E10412851417202C640678F3B4009F7844000|14828773|DEOS_RALF-JN03rn
2026-08-20 14:20:51|8AA68EA66062E0828486888A8CE103F0F71101334205013A00011D2F81D257BFF04D2F3B12DC983E100AE53E35E1C13C1500E3BD5F91333D46000190AA44121CF100002070000000B2B4800940D7AD17|14828773|DEOS_RALF-JN03rn
2026-08-20 14:20:50|8AA68EA66062E0828486888A8CE103F0F61101334105013900012A3FFCA9F1D24D62703FFA7E6ABC7493683F000000000000000000000000000000000000000000000000063A000124410D876A808CCD|14828773|DEOS_RALF-JN03rn
2026-08-20 14:20:22|8AA68EA66062E0828486888A8CE103F0F51101834332A9E703000000000000000000000051030000000000000000000000000000000000000000000000000000|14828773|DEOS_RALF-JN03rn
2026-08-20 14:20:22|8AA68EA66062E0828486888A8CE103F0F41101824332C92A67000201000008000000888265B6230000000000943D00000000000000000000|14828773|DEOS_RALF-JN03rn
2026-08-20 14:20:22|8AA68EA66062E0828486888A8CE103F0F3110180456E6475726F736174|14828773|DEOS_RALF-JN03rn
2026-08-20 14:19:54|8AA68EA66062E0828486888A8CE103F0F21101333505016200010A000000000000E826A6456400010F0103005E9CE82BBA095402D03EB649|14828773|DEOS_RALF-JN03rn
2026-08-20 14:19:53|8AA68EA66062E0828486888A8CE103F0F01101333305014E00030D000000000000000000000000005900010DFEFFFFFFD93E4900153F0000035B000108D93E4800B307B0005D000106B43D00006600|14828773|DEOS_RALF-JN03rn
2026-08-20 14:19:52|8AA68EA66062E0828486888A8CE103F0EF110133320501460001120000000000001717170000020101F48B129E4E00032C00000000000000000000000000000000000000000000000000000000000000|14828773|DEOS_RALF-JN03rn
2026-08-20 14:19:52|8AA68EA66062E0828486888A8CE103F0EE1101333105014600014700000008000000EAEB38E97FA6B1C0C7BE2C2F899E9AC092480AEE3F5FB740F9FFEC3DDE612E3D6766613D00000000000000000000|14828773|DEOS_RALF-JN03rn
2026-08-20 14:19:51|8AA68EA66062E0828486888A8CE103F0ED1101333005014600017C48000002CF44FA430000000010000000FA662A08CEF054412149E34D64FDF240EA6FA3785FA54F41380CD240A34F3040483E754000|14828773|DEOS_RALF-JN03rn
2026-08-20 14:19:51|8AA68EA66062E0828486888A8CE103F0EC1101332F05013A00011D1725775CBF9EE43D3B5929773ED504E53EDC56323C3182D3BDA6E83E3D46000190AA44121CF100002070000000B1B48009E0ECAC17|14828773|DEOS_RALF-JN03rn
2026-08-20 14:19:50|8AA68EA66062E0828486888A8CE103F0EB1101332E05013900012A3FFCA9F1D24D62703FFA7E6ABC7493683F000000000000000000000000000000000000000000000000063A000124040D876A40C6E6|14828773|DEOS_RALF-JN03rn
2026-08-20 14:19:50|8AA68EA66062E0828486888A8CE103F0EA1101332D05013900015FB1BF000000000000000077AAFEB2146A14B095864833E19C11A5BDC167BF168C4AEA043471BF623255302AA9733FFCA9F1D24D6260|14828773|DEOS_RALF-JN03rn
2026-08-20 14:19:49|8AA68EA66062E0828486888A8CE103F0E91101332C05013900019428ED0DBE3089BF910F7A36AB3E97BF7B14AE47E17A843F9A9999999999B9BF9A9999999999A93F0000000000000000EC51B81E85EB|14828773|DEOS_RALF-JN03rn
2026-08-20 14:19:48|8AA68EA66062E0828486888A8CE103F0E71101332A05012A00011D40713D0AD7A3F065C07E0DC7FFF507F5FF0ED61A003502730100000002390001DDFF0C876A40548900713D0AD7A35049C052B81E85|14828773|DEOS_RALF-JN03rn
2026-08-20 14:19:48|8AA68EA66062E0828486888A8CE103F0E61101332905012A00015285EB51783A40A779C7293A92CBBF7C613255302AE3BF1FF46C567DAEE8BFB81E85EB51D843400000000000000000C3F5285C8FD258|14828773|DEOS_RALF-JN03rn
2026-08-20 14:19:22|8AA68EA66062E0828486888A8CE103F0DF1101834332A9E703000000000000000000000051030000000000000000000000000000000000000000000000000000|14828773|DEOS_RALF-JN03rn
2026-08-20 14:19:22|8AA68EA66062E0828486888A8CE103F0DE11018243328D2A6700000100000800000088824FB6230000000000943D00000000000000000000|14828773|DEOS_RALF-JN03rn
2026-08-20 14:19:22|8AA68EA66062E0828486888A8CE103F0DD110180456E6475726F736174|14828773|DEOS_RALF-JN03rn
2026-08-20 12:46:54|8AA68EA66062E0828486888A8CE103F0551101334E05016200010A000000000000E82666446400010F0103003C7D8421CA07BF01D03E004B|14828776|Plyachka-KN12rl
2026-08-20 12:46:54|8AA68EA66062E0828486888A8CE103F0551101334E05016200010A000000000000E82666446400010F0103003C7D8421CA07BF01D03E004B|14834229|Sofia SAT Club - Bay Ivan-KN22lx
2026-08-20 12:46:53|8AA68EA66062E0828486888A8CE103F0531101334C05014E00030D000000000000000000000000005900010DFEFFFFFFD83E3400CD3F0000035B000108D83E31004F06B3005D000106A53D00006B00|14828776|Plyachka-KN12rl
2026-08-20 12:46:53|8AA68EA66062E0828486888A8CE103F0531101334C05014E00030D000000000000000000000000005900010DFEFFFFFFD83E3400CD3F0000035B000108D83E31004F06B3005D000106A53D00006B00|14834229|Sofia SAT Club - Bay Ivan-KN22lx
2026-08-20 12:46:52|8AA68EA66062E0828486888A8CE103F0521101334B0501460001120000333333410300000000000000601417784E00032C00000000000000000000000000000000000000000000000000000000000000|14828776|Plyachka-KN12rl
2026-08-20 12:46:52|8AA68EA66062E0828486888A8CE103F0511101334A050146000147000000000000001D2E368167E8AFC02034B10213F0ABC00599695D8244B54080E6134071A14F3FB8D7D43F00000000000000000000|14828776|Plyachka-KN12rl
2026-08-20 12:46:52|8AA68EA66062E0828486888A8CE103F0511101334A050146000147000000000000001D2E368167E8AFC02034B10213F0ABC00599695D8244B54080E6134071A14F3FB8D7D43F00000000000000000000|14834229|Sofia SAT Club - Bay Ivan-KN22lx
2026-08-20 12:46:51|8AA68EA66062E0828486888A8CE103F0501101334905014600017C48000802CF44FA430100000000000000FCD159D4319F5141CB71E12D7D793D41A2F4E95D8CFF51413CC7544330D53442C6F2154301|14828776|Plyachka-KN12rl
2026-08-20 12:46:51|8AA68EA66062E0828486888A8CE103F04F1101334805013A00031D17A8A153BFFCE7313BC57AAE3E753BE53EC7A0AF3C6BB0D7BD7FA11D3D46000190AA44121CF100002070000000A5B4800938C75717|14828776|Plyachka-KN12rl
2026-08-20 12:46:51|8AA68EA66062E0828486888A8CE103F0501101334905014600017C48000802CF44FA430100000000000000FCD159D4319F5141CB71E12D7D793D41A2F4E95D8CFF51413CC7544330D53442C6F2154301|14834229|Sofia SAT Club - Bay Ivan-KN22lx
2026-08-20 12:46:51|8AA68EA66062E0828486888A8CE103F04F1101334805013A00031D17A8A153BFFCE7313BC57AAE3E753BE53EC7A0AF3C6BB0D7BD7FA11D3D46000190AA44121CF100002070000000A5B4800938C75717|14834229|Sofia SAT Club - Bay Ivan-KN22lx
2026-08-20 12:46:50|8AA68EA66062E0828486888A8CE103F04E1101334705013900012A3F7B14AE47E17A743FFA7E6ABC7493683F000000000000000000000000000000000000000000000000063A00012435F7866A40C6E6|14828776|Plyachka-KN12rl
2026-08-20 12:46:50|8AA68EA66062E0828486888A8CE103F04D1101334605013900015FB1BF7B14AE47E17A84BF956330B35A118DB29A4AFC332D431CEBE2366A3F623255302AA963BF93CB7F48BF7D6D3FFCA9F1D24D6250|14828776|Plyachka-KN12rl
2026-08-20 12:46:50|8AA68EA66062E0828486888A8CE103F04E1101334705013900012A3F7B14AE47E17A743FFA7E6ABC7493683F000000000000000000000000000000000000000000000000063A00012435F7866A40C6E6|14834229|Sofia SAT Club - Bay Ivan-KN22lx
2026-08-20 12:46:50|8AA68EA66062E0828486888A8CE103F04D1101334605013900015FB1BF7B14AE47E17A84BF956330B35A118DB29A4AFC332D431CEBE2366A3F623255302AA963BF93CB7F48BF7D6D3FFCA9F1D24D6250|14834229|Sofia SAT Club - Bay Ivan-KN22lx
2026-08-20 12:46:49|8AA68EA66062E0828486888A8CE103F04C110133450501390001940A462575028ABFB7627FD93D7998BF7B14AE47E17A943F295C8FC2F528BCBF7B14AE47E17AA43F0000000000000000EC51B81E85EB|14828776|Plyachka-KN12rl
2026-08-20 12:46:49|8AA68EA66062E0828486888A8CE103F04B110133440501390001C985CB5EC033333333332B63406A4DF38E5374EABFAED85F764F1E663FE4839ECDAACFD53F2DD49AE61DA7DC3FC0EC9E3C2CD4AABFA7|14828776|Plyachka-KN12rl
2026-08-20 12:46:49|8AA68EA66062E0828486888A8CE103F04C110133450501390001940A462575028ABFB7627FD93D7998BF7B14AE47E17A943F295C8FC2F528BCBF7B14AE47E17AA43F0000000000000000EC51B81E85EB|14834229|Sofia SAT Club - Bay Ivan-KN22lx
2026-08-20 12:46:49|8AA68EA66062E0828486888A8CE103F04B110133440501390001C985CB5EC033333333332B63406A4DF38E5374EABFAED85F764F1E663FE4839ECDAACFD53F2DD49AE61DA7DC3FC0EC9E3C2CD4AABFA7|14834229|Sofia SAT Club - Bay Ivan-KN22lx
2026-08-20 12:46:48|8AA68EA66062E0828486888A8CE103F04A1101334305012A00011D403E0AD7A3702566C0C4C5C9FF8517D0FF97E327002901530100000002390001DD35F7866A40C6E61715AE47E17AF447C0EC51B81E|14828776|Plyachka-KN12rl
2026-08-20 12:46:48|8AA68EA66062E0828486888A8CE103F0491101334205012A0001520AD7A3904040F263CC5D4BC8D3BF9A081B9E5E29E3BFF775E09C11A5E7BF7B14AE47E13A4540000000000000000015AE47E17A1459|14828776|Plyachka-KN12rl
2026-08-20 12:46:48|8AA68EA66062E0828486888A8CE103F04A1101334305012A00011D403E0AD7A3702566C0C4C5C9FF8517D0FF97E327002901530100000002390001DD35F7866A40C6E61715AE47E17AF447C0EC51B81E|14834229|Sofia SAT Club - Bay Ivan-KN22lx
2026-08-20 12:46:48|8AA68EA66062E0828486888A8CE103F0491101334205012A0001520AD7A3904040F263CC5D4BC8D3BF9A081B9E5E29E3BFF775E09C11A5E7BF7B14AE47E13A4540000000000000000015AE47E17A1459|14834229|Sofia SAT Club - Bay Ivan-KN22lx
2026-08-20 12:46:47|8AA68EA66062E0828486888A8CE103F0481101334105012A000187D7A3703DCA45409A99999999993640713D0AD7A3F87F40000000000000000000000000EC51B81E852B3240B81E85EB51B81340713D|14828776|Plyachka-KN12rl
2026-08-20 12:46:47|8AA68EA66062E0828486888A8CE103F0471101334005011D00010317000021000107010DFFFF0605002A0001AA35F7866A40C6E617593DB4FF0D42FCFF92904800F81352061C15E17A14AE47E145400A|14828776|Plyachka-KN12rl
2026-08-20 12:46:47|8AA68EA66062E0828486888A8CE103F0481101334105012A000187D7A3703DCA45409A99999999993640713D0AD7A3F87F40000000000000000000000000EC51B81E852B3240B81E85EB51B81340713D|14834229|Sofia SAT Club - Bay Ivan-KN22lx
2026-08-20 12:46:47|8AA68EA66062E0828486888A8CE103F0471101334005011D00010317000021000107010DFFFF0605002A0001AA35F7866A40C6E617593DB4FF0D42FCFF92904800F81352061C15E17A14AE47E145400A|14834229|Sofia SAT Club - Bay Ivan-KN22lx
2026-08-20 12:46:46|8AA68EA66062E0828486888A8CE103F0461101333F05011D0001385E03000070170000DF13000000000000010000007017000000000000EEFFFFFF0000000070170000020D0000300300002E0B000070|14828776|Plyachka-KN12rl
2026-08-20 12:46:46|8AA68EA66062E0828486888A8CE103F0451101333E0501090000090000000000000000001D000160D53E0000033F0000620000002C060000552F000000000000FA00000070170000C013000093000000|14828776|Plyachka-KN12rl
2026-08-20 12:46:46|8AA68EA66062E0828486888A8CE103F0461101333F05011D0001385E03000070170000DF13000000000000010000007017000000000000EEFFFFFF0000000070170000020D0000300300002E0B000070|14834229|Sofia SAT Club - Bay Ivan-KN22lx
2026-08-20 12:46:46|8AA68EA66062E0828486888A8CE103F0451101333E0501090000090000000000000000001D000160D53E0000033F0000620000002C060000552F000000000000FA00000070170000C013000093000000|14834229|Sofia SAT Club - Bay Ivan-KN22lx
2026-08-20 12:46:45|8AA68EA66062E0828486888A8CE103F0441101333D05010700010A010000010000013C00000800011616C666007300000D00000000010000010000015500000900001600000000000000000000000000|14828776|Plyachka-KN12rl
2026-08-20 12:46:45|8AA68EA66062E0828486888A8CE103F0431101333C05010100010B058E641E0001001000000006000116B5C56600C909000F00000000010000010000014F02000700011619C666005A02000E00000000|14828776|Plyachka-KN12rl
2026-08-20 12:46:45|8AA68EA66062E0828486888A8CE103F0441101333D05010700010A010000010000013C00000800011616C666007300000D00000000010000010000015500000900001600000000000000000000000000|14834229|Sofia SAT Club - Bay Ivan-KN22lx
2026-08-20 12:46:45|8AA68EA66062E0828486888A8CE103F0431101333C05010100010B058E641E0001001000000006000116B5C56600C909000F00000000010000010000014F02000700011619C666005A02000E00000000|14834229|Sofia SAT Club - Bay Ivan-KN22lx
2026-08-20 12:46:15|8AA68EA66062E0828486888A8CE103F0421101834332A9E703000000000000000000000051030000000000000000000000000000000000000000000000000000|14834229|Sofia SAT Club - Bay Ivan-KN22lx
2026-08-20 12:46:15|8AA68EA66062E0828486888A8CE103F0411101824332C014670005010000080000008882B2AE230000000000933D00000000000000000000|14834229|Sofia SAT Club - Bay Ivan-KN22lx
2026-08-20 12:46:15|8AA68EA66062E0828486888A8CE103F040110180456E6475726F736174|14834229|Sofia SAT Club - Bay Ivan-KN22lx
2026-08-20 12:46:15|8AA68EA66062E0828486888A8CE103F0421101834332A9E703000000000000000000000051030000000000000000000000000000000000000000000000000000|14828776|Plyachka-KN12rl
2026-08-20 12:46:15|8AA68EA66062E0828486888A8CE103F0411101824332C014670005010000080000008882B2AE230000000000933D00000000000000000000|14828776|Plyachka-KN12rl
2026-08-20 12:46:15|8AA68EA66062E0828486888A8CE103F040110180456E6475726F736174|14828776|Plyachka-KN12rl
2026-08-20 12:45:54|8AA68EA66062E0828486888A8CE103F03F1101333B05016200010A0000000000001A27BC436400010F010300A2767C3861070F03D03E2648|14834229|Sofia SAT Club - Bay Ivan-KN22lx
2026-08-20 12:45:54|8AA68EA66062E0828486888A8CE103F03F1101333B05016200010A0000000000001A27BC436400010F010300A2767C3861070F03D03E2648|14828776|Plyachka-KN12rl
2026-08-20 12:45:53|8AA68EA66062E0828486888A8CE103F03E1101333A05015E00010501000040005F000110AD0FAB0FFFFFFFFFFFFFFFFFAC0FAC0F6000010F0100000000000000000000D4260A506200010F0100000000|14834229|Sofia SAT Club - Bay Ivan-KN22lx
2026-08-20 12:45:53|8AA68EA66062E0828486888A8CE103F03E1101333A05015E00010501000040005F000110AD0FAB0FFFFFFFFFFFFFFFFFAC0FAC0F6000010F0100000000000000000000D4260A506200010F0100000000|14828776|Plyachka-KN12rl
2026-08-20 12:45:53|8AA68EA66062E0828486888A8CE103F03D1101333905014E00030D000000000000000000000000005900010DFEFFFFFFD83E3600AB3F0000035B000108D83E31005206B1005D000106A53D00006B00|14828776|Plyachka-KN12rl
2026-08-20 12:45:53|8AA68EA66062E0828486888A8CE103F03E1101333A05015E00010501000040005F000110AD0FAB0FFFFFFFFFFFFFFFFFAC0FAC0F6000010F0100000000000000000000D4260A506200010F0100000000|14834363|Sofia SAT Club - Hadji Boby UHF-KN21lq
2026-08-20 12:45:53|8AA68EA66062E0828486888A8CE103F03D1101333905014E00030D000000000000000000000000005900010DFEFFFFFFD83E3600AB3F0000035B000108D83E31005206B1005D000106A53D00006B00|14834363|Sofia SAT Club - Hadji Boby UHF-KN21lq
2026-08-20 12:45:52|8AA68EA66062E0828486888A8CE103F03B11013337050146000147000000080000008DF26642187BADC040AB27E15135ABC02BF320056E59B6402677143FC41D9B3E8539A53E00000000000000000000|14834229|Sofia SAT Club - Bay Ivan-KN22lx
2026-08-20 12:45:52|8AA68EA66062E0828486888A8CE103F03C11013338050146000112000000000000080808000002010138989D944E00032C00000000000000000000000000000000000000000000000000000000000000|14828776|Plyachka-KN12rl
2026-08-20 12:45:52|8AA68EA66062E0828486888A8CE103F03B11013337050146000147000000080000008DF26642187BADC040AB27E15135ABC02BF320056E59B6402677143FC41D9B3E8539A53E00000000000000000000|14828776|Plyachka-KN12rl
2026-08-20 12:45:52|8AA68EA66062E0828486888A8CE103F03C11013338050146000112000000000000080808000002010138989D944E00032C00000000000000000000000000000000000000000000000000000000000000|14834363|Sofia SAT Club - Hadji Boby UHF-KN21lq
2026-08-20 12:45:52|8AA68EA66062E0828486888A8CE103F03B11013337050146000147000000080000008DF26642187BADC040AB27E15135ABC02BF320056E59B6402677143FC41D9B3E8539A53E00000000000000000000|14834363|Sofia SAT Club - Hadji Boby UHF-KN21lq
2026-08-20 12:45:51|8AA68EA66062E0828486888A8CE103F03A1101333605014600017C48000002CF44FA430000000010000000BD1ACAE20A5E52416B89249AF2134041C67AEE0EEAEF5041F5EC1D421711B6418388884100|14828776|Plyachka-KN12rl
2026-08-20 12:45:51|8AA68EA66062E0828486888A8CE103F0391101333505013A00011D23BCA258BFDA2A1F3BB6DE933E7C3EE53E5602C23C561CCDBD8AB2473D46000190AA44121CF100002070000000B2B48009D8DC5617|14828776|Plyachka-KN12rl
2026-08-20 12:45:51|8AA68EA66062E0828486888A8CE103F03A1101333605014600017C48000002CF44FA430000000010000000BD1ACAE20A5E52416B89249AF2134041C67AEE0EEAEF5041F5EC1D421711B6418388884100|14834363|Sofia SAT Club - Hadji Boby UHF-KN21lq
2026-08-20 12:45:50|8AA68EA66062E0828486888A8CE103F0381101333405013900012A3F7B14AE47E17A743FFA7E6ABC7493683F000000000000000000000000000000000000000000000000063A000124FDF6866A4088D2|14828776|Plyachka-KN12rl
2026-08-20 12:45:50|8AA68EA66062E0828486888A8CE103F0371101333305013900035FB1BF7B14AE47E17A84BFA4F441B33DC38BB2C97EE9337B14AE47E17A64BF22FDF675E09C713FACADD85F764F7EBFFCA9F1D24D6250|14828776|Plyachka-KN12rl
2026-08-20 12:45:49|8AA68EA66062E0828486888A8CE103F036110133320501390001947BF2B0506B8ABF9E8026C286A797BF7B14AE47E17A943F295C8FC2F528BCBF7B14AE47E17AA43F7B14AE47E17A843FEC51B81E85EB|14828776|Plyachka-KN12rl
2026-08-20 12:45:49|8AA68EA66062E0828486888A8CE103F035110133310501390001C9AE8F60C0A4703D0AD7AB63406C9A779CA223EBBF623255302AA9633FBF9F1A2FDD24D23F2DD49AE61DA7DC3FE27A14AE47E1AABFB3|14828776|Plyachka-KN12rl
2026-08-20 12:45:49|8AA68EA66062E0828486888A8CE103F036110133320501390001947BF2B0506B8ABF9E8026C286A797BF7B14AE47E17A943F295C8FC2F528BCBF7B14AE47E17AA43F7B14AE47E17A843FEC51B81E85EB|14834363|Sofia SAT Club - Hadji Boby UHF-KN21lq
2026-08-20 12:45:49|8AA68EA66062E0828486888A8CE103F035110133310501390001C9AE8F60C0A4703D0AD7AB63406C9A779CA223EBBF623255302AA9633FBF9F1A2FDD24D23F2DD49AE61DA7DC3FE27A14AE47E1AABFB3|14834363|Sofia SAT Club - Hadji Boby UHF-KN21lq
2026-08-20 12:45:48|8AA68EA66062E0828486888A8CE103F0341101333005012A00011D40713D0AD7A30866C04C7ACEFF29B8CFFF41832400FA00530100000002390001DDF8F6866A4004FB0BC3F5285C8FC248C048E17A14|14834229|Sofia SAT Club - Bay Ivan-KN22lx
2026-08-20 12:45:48|8AA68EA66062E0828486888A8CE103F0341101333005012A00011D40713D0AD7A30866C04C7ACEFF29B8CFFF41832400FA00530100000002390001DDF8F6866A4004FB0BC3F5285C8FC248C048E17A14|14828776|Plyachka-KN12rl
2026-08-20 12:45:48|8AA68EA66062E0828486888A8CE103F0331101332F05012A000152703D0AD73E409DA223B9FC87D0BF9A081B9E5E29E3BF8A1F63EE5A42E8BF0AD7A3703D6A44400000000000000000AE47E17A14EE58|14828776|Plyachka-KN12rl
2026-08-20 12:45:48|8AA68EA66062E0828486888A8CE103F0331101332F05012A000152703D0AD73E409DA223B9FC87D0BF9A081B9E5E29E3BF8A1F63EE5A42E8BF0AD7A3703D6A44400000000000000000AE47E17A14EE58|14834363|Sofia SAT Club - Hadji Boby UHF-KN21lq
2026-08-20 12:45:47|8AA68EA66062E0828486888A8CE103F0321101332E05012A0001877A14AE47E14340C3F5285C8FC2374085EB51B81EED7F4000000000000000000000000052B81E85EBD133403333333333331440D7A3|14828776|Plyachka-KN12rl
2026-08-20 12:45:47|8AA68EA66062E0828486888A8CE103F0311101332D05011D00010317000021000107010DFFFF0605002A0001AAF8F6866A4004FB0B79A4AFFF9EC1FAFFD15A430079123C067416B81E85EB51F84340E1|14828776|Plyachka-KN12rl
2026-08-20 12:45:47|8AA68EA66062E0828486888A8CE103F0321101332E05012A0001877A14AE47E14340C3F5285C8FC2374085EB51B81EED7F4000000000000000000000000052B81E85EBD133403333333333331440D7A3|14834363|Sofia SAT Club - Hadji Boby UHF-KN21lq
2026-08-20 12:45:47|8AA68EA66062E0828486888A8CE103F0311101332D05011D00010317000021000107010DFFFF0605002A0001AAF8F6866A4004FB0B79A4AFFF9EC1FAFFD15A430079123C067416B81E85EB51F84340E1|14834363|Sofia SAT Club - Hadji Boby UHF-KN21lq
2026-08-20 12:45:46|8AA68EA66062E0828486888A8CE103F0301101332C05011D000138D51B000070170000DF13000000000000000000007017000000000000000000000000000070170000040D0000F3020000410A000070|14828776|Plyachka-KN12rl
2026-08-20 12:45:46|8AA68EA66062E0828486888A8CE103F02F1101332B0501090000090000000000000000001D000160D53E0000FA3E0000690000009C060000512F000000000000FA000000701700008A1300006C050000|14828776|Plyachka-KN12rl
2026-08-20 12:45:46|8AA68EA66062E0828486888A8CE103F0301101332C05011D000138D51B000070170000DF13000000000000000000007017000000000000000000000000000070170000040D0000F3020000410A000070|14834363|Sofia SAT Club - Hadji Boby UHF-KN21lq
2026-08-20 12:45:46|8AA68EA66062E0828486888A8CE103F02F1101332B0501090000090000000000000000001D000160D53E0000FA3E0000690000009C060000512F000000000000FA000000701700008A1300006C050000|14834363|Sofia SAT Club - Hadji Boby UHF-KN21lq
2026-08-20 12:45:45|8AA68EA66062E0828486888A8CE103F02D1101332905010100010B0552641E000100100000000600011678C56600C909000F00000000010000010000014F020007000116DCC566000802000E00000000|14827570|Apomahon-KM18ub
2026-08-20 12:45:45|8AA68EA66062E0828486888A8CE103F02E1101332A05010700010A010000010000013F000008000116DAC566005F00000D00000000010000010000015A00000900001600000000000000000000000000|14828776|Plyachka-KN12rl
2026-08-20 12:45:45|8AA68EA66062E0828486888A8CE103F02D1101332905010100010B0552641E000100100000000600011678C56600C909000F00000000010000010000014F020007000116DCC566000802000E00000000|14828776|Plyachka-KN12rl
2026-08-20 12:45:15|8AA68EA66062E0828486888A8CE103F02C1101834332A9E703000000000000000000000051030000000000000000000000000000000000000000000000000000|14834363|Sofia SAT Club - Hadji Boby UHF-KN21lq
2026-08-20 12:45:15|8AA68EA66062E0828486888A8CE103F02B110182433284146700000100000800000088829CAE230000000000933D00000000000000000000|14834363|Sofia SAT Club - Hadji Boby UHF-KN21lq
2026-08-20 12:45:15|8AA68EA66062E0828486888A8CE103F02A110180456E6475726F736174|14834363|Sofia SAT Club - Hadji Boby UHF-KN21lq
2026-08-20 12:45:15|8AA68EA66062E0828486888A8CE103F02C1101834332A9E703000000000000000000000051030000000000000000000000000000000000000000000000000000|14828776|Plyachka-KN12rl
2026-08-20 12:45:15|8AA68EA66062E0828486888A8CE103F02B110182433284146700000100000800000088829CAE230000000000933D00000000000000000000|14828776|Plyachka-KN12rl
2026-08-20 12:45:15|8AA68EA66062E0828486888A8CE103F02A110180456E6475726F736174|14828776|Plyachka-KN12rl
2026-08-20 12:44:54|8AA68EA66062E0828486888A8CE103F0291101332805016200010A000000000000E826C0356400010F010300847BA221AF07CC01D03E004B|14828776|Plyachka-KN12rl
2026-08-20 12:44:53|8AA68EA66062E0828486888A8CE103F0281101332705015E00010501000040005F000110AC0FAB0FFFFFFFFFFFFFFFFFAD0FAB0F6000010F0100000000000000000000D426BA4F6200010F0100000000|14827570|Apomahon-KM18ub
2026-08-20 12:44:53|8AA68EA66062E0828486888A8CE103F0271101332605014E00030D000000000000000000000000005900010DFEFFFFFFD83E4900E33E0000035B000108D83E46009E07B0005D000106B43D00006B00|14827570|Apomahon-KM18ub
2026-08-20 12:44:53|8AA68EA66062E0828486888A8CE103F0281101332705015E00010501000040005F000110AC0FAB0FFFFFFFFFFFFFFFFFAD0FAB0F6000010F0100000000000000000000D426BA4F6200010F0100000000|14828776|Plyachka-KN12rl
2026-08-20 12:44:53|8AA68EA66062E0828486888A8CE103F0271101332605014E00030D000000000000000000000000005900010DFEFFFFFFD83E4900E33E0000035B000108D83E46009E07B0005D000106B43D00006B00|14828776|Plyachka-KN12rl
2026-08-20 12:44:52|8AA68EA66062E0828486888A8CE103F026110133250501460001120000000000000E0E0E00000201018EED9D634E00032C00000000000000000000000000000000000000000000000000000000000000|14827570|Apomahon-KM18ub
2026-08-20 12:44:52|8AA68EA66062E0828486888A8CE103F025110133240501460001470000000800000066E0FFEA7270AAC0B9305E667C31AAC07D62F2057793B7405866163E3094F63D9591F03D00000000000000000000|14827570|Apomahon-KM18ub
2026-08-20 12:44:52|8AA68EA66062E0828486888A8CE103F026110133250501460001120000000000000E0E0E00000201018EED9D634E00032C00000000000000000000000000000000000000000000000000000000000000|14828776|Plyachka-KN12rl
2026-08-20 12:44:52|8AA68EA66062E0828486888A8CE103F025110133240501460001470000000800000066E0FFEA7270AAC0B9305E667C31AAC07D62F2057793B7405866163E3094F63D9591F03D00000000000000000000|14828776|Plyachka-KN12rl
2026-08-20 12:44:51|8AA68EA66062E0828486888A8CE103F0241101332305014600017C48000002CF44FA430000000010000000D6DFE20AA52F53416842440A87A44141A6667336712E4F41688F1F41019E0441B18DF74000|14827570|Apomahon-KM18ub
2026-08-20 12:44:51|8AA68EA66062E0828486888A8CE103F0231101332205013A00011D1759255DBF57C9263BF6886C3E7533E53E5950943C3C22CDBD9B42403D46000190AA44121CF100002070000000B2B4800978F25517|14827570|Apomahon-KM18ub
2026-08-20 12:44:51|8AA68EA66062E0828486888A8CE103F0241101332305014600017C48000002CF44FA430000000010000000D6DFE20AA52F53416842440A87A44141A6667336712E4F41688F1F41019E0441B18DF74000|14828776|Plyachka-KN12rl
2026-08-20 12:44:51|8AA68EA66062E0828486888A8CE103F0231101332205013A00011D1759255DBF57C9263BF6886C3E7533E53E5950943C3C22CDBD9B42403D46000190AA44121CF100002070000000B2B4800978F25517|14828776|Plyachka-KN12rl
2026-08-20 12:44:50|8AA68EA66062E0828486888A8CE103F0221101332105013900012A3FFCA9F1D24D62703FFA7E6ABC7493683F000000000000000000000000000000000000000000000000063A000124C0F6866A40C6E6|14827570|Apomahon-KM18ub
2026-08-20 12:44:50|8AA68EA66062E0828486888A8CE103F0221101332105013900012A3FFCA9F1D24D62703FFA7E6ABC7493683F000000000000000000000000000000000000000000000000063A000124C0F6866A40C6E6|14828776|Plyachka-KN12rl
2026-08-20 12:44:50|8AA68EA66062E0828486888A8CE103F0211101332005013900015FAEBF000000000000000035C42AB32638CDB1928F9F332D431CEBE2363ABFFCA9F1D24D6250BFFA7E6ABC7493583FFCA9F1D24D6260|14828776|Plyachka-KN12rl
2026-08-20 12:44:49|8AA68EA66062E0828486888A8CE103F0201101331F050139000194431CEBE2368ABFD42B6519E25897BF7B14AE47E17A943F9A9999999999B9BF9A9999999999A93F7B14AE47E17A843FB81E85EB51B8|14828776|Plyachka-KN12rl
2026-08-20 12:44:49|8AA68EA66062E0828486888A8CE103F01F1101331E0501390001C97AA461C0C3F5285C8F2A6440F775E09C11A5EBBF7B14AE47E17A643FC520B0726891CD3F2DD49AE61DA7DC3F462575029A08ABBF2D|14828776|Plyachka-KN12rl
2026-08-20 12:44:48|8AA68EA66062E0828486888A8CE103F01D1101331C05012A000152E17A142E3C40B37BF2B0506BCABF9A081B9E5E29E3BF16FBCBEEC9C3E8BF5C8FC2F528BC43400000000000000000AE47E17A14CE58|14827570|Apomahon-KM18ub
2026-08-20 12:44:48|8AA68EA66062E0828486888A8CE103F01E1101331D05012A00011D401F85EB51B8EE65C03064D3FF0659CFFF1C7A2100C000530100000002390001DDBBF6866A001BB700713D0AD7A37049C000000000|14828776|Plyachka-KN12rl
2026-08-20 12:44:47|8AA68EA66062E0828486888A8CE103F01C1101331B05012A000187A3703D0AF7414015AE47E17AD43840C3F5285C8FE27F40000000000000000000000000713D0AD7A37035409A99999999991440AE47|14827570|Apomahon-KM18ub
2026-08-20 12:44:47|8AA68EA66062E0828486888A8CE103F01C1101331B05012A000187A3703D0AF7414015AE47E17AD43840C3F5285C8FE27F40000000000000000000000000713D0AD7A37035409A99999999991440AE47|14828776|Plyachka-KN12rl
2026-08-20 12:44:46|8AA68EA66062E0828486888A8CE103F01A1101331905011D0001385E03000070170000DF13000000000000010000007017000000000000000000000000000070170000030D0000FA020000410A000070|14827570|Apomahon-KM18ub
2026-08-20 12:44:46|8AA68EA66062E0828486888A8CE103F019110133180501090000090000000000000000001D000160D53E0000FA3E0000720000002D070000532F000000000000FA00000070170000C013000094000000|14827570|Apomahon-KM18ub
2026-08-20 12:44:15|8AA68EA66062E0828486888A8CE103F0161101834332A9E703000000000000000000000051030000000000000000000000000000000000000000000000000000|14828776|Plyachka-KN12rl
2026-08-20 12:44:15|8AA68EA66062E0828486888A8CE103F015110182433248146700FD00000008000000888286AE230000000000933D00000000000000000000|14828776|Plyachka-KN12rl
2026-08-20 12:44:15|8AA68EA66062E0828486888A8CE103F014110180456E6475726F736174|14828776|Plyachka-KN12rl
2026-08-20 12:44:15|8AA68EA66062E0828486888A8CE103F015110182433248146700FD00000008000000888286AE230000000000933D00000000000000000000|14827570|Apomahon-KM18ub
2026-08-20 12:43:51|8AA68EA66062E0828486888A8CE103F00E1101331005014600017C48000002CF44FA430000000010000000FA5B3D440AEA53417FC9434CD12443415538B0E9DA594C4198362F41AF3D0141ABD0E54000|14828776|Plyachka-KN12rl
2026-08-20 12:43:51|8AA68EA66062E0828486888A8CE103F00D1101330F05013A00011D0B59A660BF068A253B2732303E1B27E53E28B8513C1677D2BDC27A4C3D46000190AA44121CF100002070000000B2B4800918085517|14828776|Plyachka-KN12rl
2026-08-20 12:43:50|8AA68EA66062E0828486888A8CE103F00C1101330E05013900012A3FFCA9F1D24D62703FFCA9F1D24D62603F000000000000000000000000000000000000000000000000063A00012483F6866A4004FB|14828776|Plyachka-KN12rl
2026-08-20 12:43:50|8AA68EA66062E0828486888A8CE103F00B1101330D05013900015FAEBF0000000000000000642252B379ED28B1D3BF5733865AD3BCE3147DBF2D431CEBE2366ABF2F6EA301BC0552BFFA7E6ABC749368|14828776|Plyachka-KN12rl
2026-08-20 12:43:48|8AA68EA66062E0828486888A8CE103F0081101330A05012A00011D40295C8FC2F5D865C0EF08D8FF7002CFFFEA031F008900530100000002390001DD83F6866A4004FB0BCDCCCCCCCCEC49C0D7A3703D|14828776|Plyachka-KN12rl
2026-08-20 12:43:48|8AA68EA66062E0828486888A8CE103F0071101330905012A000152B81E856B39406C787AA52C43C4BF9A081B9E5E29E3BF01DE02098A1FE9BF5C8FC2F5283C43400000000000000000F6285C8FC2B558|14828776|Plyachka-KN12rl
2026-08-20 12:43:47|8AA68EA66062E0828486888A8CE103F0061101330805012A000187CCCCCCCC0C404052B81E85EBD1394085EB51B81ED97F400000000000000000000000003E0AD7A370FD3640E17A14AE47E11440E17A|14828776|Plyachka-KN12rl
2026-08-20 12:43:46|8AA68EA66062E0828486888A8CE103F0041101330605011D0001385E03000070170000DF13000000000000010000007017000000000000000000000000000070170000000D0000550300004D0A000070|14828776|Plyachka-KN12rl
2026-08-20 12:43:46|8AA68EA66062E0828486888A8CE103F003110133050501090000090000000000000000001D000160D53E0000FA3E0000810000001F080000532F000000000000FA00000070170000C113000093000000|14828776|Plyachka-KN12rl
2026-08-20 12:43:45|8AA68EA66062E0828486888A8CE103F0021101330405010700010A010000010000013C00000800011661C566007000000D00000000010000010000016100000900001600000000000000000000000000|14828776|Plyachka-KN12rl
2026-08-20 11:36:54|8AA68EA66062E0828486888A8CE103F0511101331C05016200010A000000000000000000006400010F0103007670421D13078D01D03EB649|14828778|PISTATION-1000-CN99cf
2026-08-20 11:36:10|8AA68EA66062E0828486888A8CE103F03C110180456E6475726F736174|14828778|PISTATION-1000-CN99cf
2026-08-20 11:35:53|8AA68EA66062E0828486888A8CE103F03A1101330805015E00010501000040005F000110AC0FAC0FFFFFFFFFFFFFFFFFAD0FAC0F6000010F0000000000000000000000000000006200010F0000000000|14828778|PISTATION-1000-CN99cf
2026-08-20 11:18:53|8AA68EA66062E0828486888A8CE103F0C3110133C405014E00030D000000000000000000000000005900010DFEFFFFFFDA3E2500DC420000035B000108DA3E2400EB05BA005D000106A53D00007600|14828775|SPUTNIX-VHF/UHF-Murmansk-KP68mw
2026-08-20 11:18:52|8AA68EA66062E0828486888A8CE103F0C2110133C3050146000112000033B3ED4300000000000000005B6EBF0E4E00032C00000000000000000000000000000000000000000000000000000000000000|14828775|SPUTNIX-VHF/UHF-Murmansk-KP68mw
2026-08-20 11:18:52|8AA68EA66062E0828486888A8CE103F0C1110133C2050146000147000000000000003632B63978BC9FC0B5A1AA650A4CB2C0C16A83588674B6407114BF3F757D393FE313883F00000000000000000000|14828775|SPUTNIX-VHF/UHF-Murmansk-KP68mw
2026-08-20 11:18:48|8AA68EA66062E0828486888A8CE103F0BA110133BB05012A00011D4015AE47E17A446540E5C4CAFF7433B4FFBD0A4B00E701110100000002390001DD95E2866A4088D2230AD7A3703D2A40C015AE47E1|14828775|SPUTNIX-VHF/UHF-Murmansk-KP68mw
2026-08-20 11:17:52|8AA68EA66062E0828486888A8CE103F0AC110133B0050146000112000033B3CF430000000000000000D78204144E00032C00000000000000000000000000000000000000000000000000000000000000|14828775|SPUTNIX-VHF/UHF-Murmansk-KP68mw
2026-08-20 11:17:48|8AA68EA66062E0828486888A8CE103F0A3110133A705012A000152333333534540AAF1D24D6210E2BFD656EC2FBB27E3BF1C7C61325530E2BF48E17A14AEA74B40000000000000000052B81E85EB015B|14828775|SPUTNIX-VHF/UHF-Murmansk-KP68mw
2026-08-20 11:17:47|8AA68EA66062E0828486888A8CE103F0A2110133A605012A000187666666664650408FC2F5285CCF4140CDCCCCCCCC1E8040000000000000000000000000295C8FC2F5282140AE47E17A14AE14403333|14828775|SPUTNIX-VHF/UHF-Murmansk-KP68mw
2026-08-20 11:17:09|8AA68EA66062E0828486888A8CE103F09B1101824332E3FF6600110100000800000088820CA7230000000000923D00000000000000000000|14828775|SPUTNIX-VHF/UHF-Murmansk-KP68mw
2026-08-20 11:16:54|8AA68EA66062E0828486888A8CE103F099110133A005016200010A000000000000E8266C436400010F010300A064203042069302023F1649|14828775|SPUTNIX-VHF/UHF-Murmansk-KP68mw
2026-08-20 11:16:52|8AA68EA66062E0828486888A8CE103F0961101339D050146000112000033B3B14300000000000000006F3181D84E00032C00000000000000000000000000000000000000000000000000000000000000|14828775|SPUTNIX-VHF/UHF-Murmansk-KP68mw
2026-08-20 11:16:52|8AA68EA66062E0828486888A8CE103F0951101339C050146000147000000000000003632B63978BC9FC0B5A1AA650A4CB2C0C16A83588674B6407114BF3F757D393FE313883F00000000000000000000|14828775|SPUTNIX-VHF/UHF-Murmansk-KP68mw
2026-08-20 11:16:51|8AA68EA66062E0828486888A8CE103F0941101339B05014600017C48804802CF44FA430100000000000000AC75E31A8A3D4B4130A56DB8F1A64D41D89C14CAE7D6504126A80D43B3B647421CA8AF4201|14828775|SPUTNIX-VHF/UHF-Murmansk-KP68mw
2026-08-20 11:16:51|8AA68EA66062E0828486888A8CE103F0931101339A05013A00031D0BACB82DBF7C59383BB301153F6260E53E2275D83CD9B1C5BD92E31D3D46000190AA44121CF100002070000000AB82800978610517|14828775|SPUTNIX-VHF/UHF-Murmansk-KP68mw
2026-08-20 11:16:50|8AA68EA66062E0828486888A8CE103F0921101339905013900032A3FFA7E6ABC7493783FFCA9F1D24D62503F000000000000000000000000000000000000000000000000063A0003241BE2866A4004FB|14828775|SPUTNIX-VHF/UHF-Murmansk-KP68mw
2026-08-20 11:16:50|8AA68EA66062E0828486888A8CE103F0911101339805013900035FAEBF0000000000000000D5D20AB32784453156A02F34FCA9F1D24D62603F6007CE1951DA5BBFFA7E6ABC7493683FFCA9F1D24D6270|14828775|SPUTNIX-VHF/UHF-Murmansk-KP68mw
2026-08-20 11:16:49|8AA68EA66062E0828486888A8CE103F090110133970501390003942B6519E25887BFA323B9FC87F49BBFB81E85EB51B89E3F9A9999999999B9BF7B14AE47E17AA43F7B14AE47E17A84BFB81E85EB51B8|14828775|SPUTNIX-VHF/UHF-Murmansk-KP68mw
2026-08-20 11:16:49|8AA68EA66062E0828486888A8CE103F08F110133960501390003C9471155C015AE47E17A6461406519E25817B7E5BFC7BAB88D06F0663F1C0DE02D90A0E23F79E9263108ACDC3F5396218E7571ABBFD4|14828775|SPUTNIX-VHF/UHF-Murmansk-KP68mw
2026-08-20 11:16:48|8AA68EA66062E0828486888A8CE103F08E1101339505012A00011D400000000000006640D4EDCFFF59ACB3FF7E644400E701110100000002390001DD1BE2866A4004FB0BD7A3703D0AD742C0E17A14AE|14828775|SPUTNIX-VHF/UHF-Murmansk-KP68mw
2026-08-20 11:16:48|8AA68EA66062E0828486888A8CE103F08D1101339405012A000152703D0AF7444027C286A757CAE0BFD656EC2FBB27E3BF039A081B9E5EE3BF5C8FC2F5285C4A400000000000000000E17A14AE47715A|14828775|SPUTNIX-VHF/UHF-Murmansk-KP68mw
2026-08-20 11:16:47|8AA68EA66062E0828486888A8CE103F08B1101339205011D00010317000021000107010DFFFF0605002A0001AA1BE2866A4004FB0BB91BCEFF157D0300EE3E5C00AD194E069D0D85EB51B81EC54E4052|14828775|SPUTNIX-VHF/UHF-Murmansk-KP68mw
2026-08-20 11:16:46|8AA68EA66062E0828486888A8CE103F089110133900501090000090000000000000000001D000160D53E0000FA3E00004C000000C9040000552F000000000000E100000070170000C013000093000000|14828775|SPUTNIX-VHF/UHF-Murmansk-KP68mw
2026-08-20 11:16:45|8AA68EA66062E0828486888A8CE103F0881101338F05010700010A010000010000013700000800011613B166005D00000D00000000010000010000013D00000900001600000000000000000000000000|14828775|SPUTNIX-VHF/UHF-Murmansk-KP68mw
2026-08-20 11:16:45|8AA68EA66062E0828486888A8CE103F0871101338E05010100010B05764F1E0001001000000006000116B2B06600C909000F00000000010000010000016602000700011616B16600E703000E00000000|14828775|SPUTNIX-VHF/UHF-Murmansk-KP68mw
2026-08-20 10:04:03|8AA68EA66062E0828486888A8CE103F0551101824332C6EE66002C010000080000008882C6A0230000000000923D00000000000000000000|14826468|dm43-DM43bl
2026-08-20 10:04:03|8AA68EA66062E0828486888A8CE103F054110180456E6475726F736174|14826468|dm43-DM43bl
2026-08-20 10:04:03|8AA68EA66062E0828486888A8CE103F0561101834332A9E703000000000000000000000051030000000000000000000000000000000000000000000000000000|14826468|dm43-DM43bl
2026-08-20 10:03:54|8AA68EA66062E0828486888A8CE103F0531101333505016200010A000000000000000000006400010F000000000000000000000000000000|14826468|dm43-DM43bl
2026-08-20 10:03:53|8AA68EA66062E0828486888A8CE103F0521101333405015E00010501000048005F0001109B0F9B0FFFFFFFFFFFFFFFFF9D0F9D0F6000010F0000000000000000000000000000006200010F0000000000|14826468|dm43-DM43bl
2026-08-20 10:03:53|8AA68EA66062E0828486888A8CE103F0511101333305014E00030D000000000000000000000000005900010DFEFFFFFF9D3E3DFE1F490000035B0001089D3E3CFEDE18C9005D0001065F3D8C008100|14826468|dm43-DM43bl
2026-08-20 10:03:52|8AA68EA66062E0828486888A8CE103F050110133320501460001120000000000001818180000020101D70BDB1E4E00032C00000000000000000000000000000000000000000000000000000000000000|14826468|dm43-DM43bl
2026-08-20 10:03:52|8AA68EA66062E0828486888A8CE103F04F1101333105014600014700000008000000288984D1DF54A4C0FBA00A62DF8DACC0B414BEAC6063B8C0ED5D4D3D3DDC7B3D0585773D00000000000000000000|14826468|dm43-DM43bl
2026-08-20 10:03:51|8AA68EA66062E0828486888A8CE103F04E1101333005014600017C48000002CF44FA43000000001000000012875CFDABCD35C10C6E65ADED1F55C1CA6496F670364D41BCBE4B400B1A88409C4A7B4000|14826468|dm43-DM43bl
2026-08-20 10:03:51|8AA68EA66062E0828486888A8CE103F04D1101332F05013A00031D23F05331BB8EA3DDB6891A6EBABCFF7F3FC0190E3D2E35583B6B5F1D3C46000190AA44121CF100002070000000B2B48009188CC216|14826468|dm43-DM43bl
2026-08-20 10:03:50|8AA68EA66062E0828486888A8CE103F04C1101332E05013900012A3FFCA9F1D24D62503FFCA9F1D24D62503F000000000000000000000000000000000000000000000000063A00012400D1866A4088D2|14826468|dm43-DM43bl
2026-08-20 10:03:50|8AA68EA66062E0828486888A8CE103F04B1101332D05013900015FAEBF7B14AE47E17A843F380FEFB3A3DB42B37545053487A757CA32C4A1BF07F0164850FC883F55C1A8A44E4093BFFCA9F1D24D6250|14826468|dm43-DM43bl
2026-08-20 10:03:49|8AA68EA66062E0828486888A8CE103F04A1101332C050139000194E6AE25E4838EBF81B74082E2C798BFB81E85EB51B89E3F00000000000000007B14AE47E17A843FB81E85EB51B89E3FB81E85EB51B8|14826468|dm43-DM43bl
2026-08-20 10:03:49|8AA68EA66062E0828486888A8CE103F0491101332B0501390001C9000000009A9999999999B9BFAED85F764F1E66BF000000000000000093CB7F48BF7D4DBF000000000000F03FF0164850FC18A3BF32|14826468|dm43-DM43bl
2026-08-20 10:03:48|8AA68EA66062E0828486888A8CE103F0481101332A05012A00011DC0EC51B81E85EB2D408CCBE3FF1A05A5FF28FD7C00C701FD0200000102390001DD00D1866A4088D223D7A3703D0AD7D3BF00000000|14826468|dm43-DM43bl
2026-08-20 10:03:48|8AA68EA66062E0828486888A8CE103F0471101332905012A000152CCCCCCAC404008AC1C5A643BE5BFD656EC2FBB27E3BF9B779CA223B9DC3FF6285C8FC2155D40000000000000000090C2F5285CBF58|14826468|dm43-DM43bl
2026-08-20 10:03:47|8AA68EA66062E0828486888A8CE103F0461101332805012A00018799999999194140D7A3703D0A175AC06766666666F27F4000000000000000000000000015AE47E17AD431C0C3F5285C8FC2ED3FCDCC|14826468|dm43-DM43bl
2026-08-20 10:03:47|8AA68EA66062E0828486888A8CE103F0451101332705011D00010317000021000107010DFFFF0605002A0001AA00D1866A4088D2235C0F5400AD7716002FCE3A002011C5FFB2E7AE47E17A142E41409A|14826468|dm43-DM43bl
2026-08-20 10:03:46|8AA68EA66062E0828486888A8CE103F0441101332605011D0001385E03000070170000E013000000000000010000007017000000000000000000000000000070170000030D0000FB020000410A000070|14826468|dm43-DM43bl
2026-08-20 10:03:46|8AA68EA66062E0828486888A8CE103F043110133250501090000090000000000000000001D0001607A3E00009E3E00006200000022060000582F000000000000E100000070170000C013000093000000|14826468|dm43-DM43bl
2026-08-20 10:03:45|8AA68EA66062E0828486888A8CE103F0421101332405010700010A01000001000001AEFF000800011606A066000C00000D0000000001000001000001BCFF000900001600000000000000000000000000|14826468|dm43-DM43bl
2026-08-20 10:03:45|8AA68EA66062E0828486888A8CE103F0411101332305010100010B055A3E1E0001001000000006000116A59F66000E00000F0000000001000001000001F901000700011609A066000C00000D00000000|14826468|dm43-DM43bl
2026-08-20 10:03:03|8AA68EA66062E0828486888A8CE103F03E110180456E6475726F736174|14826468|dm43-DM43bl
2026-08-20 08:29:53|8AA68EA66062E0828486888A8CE103F03E1101333A05015E00010501000048005F000110940F930FFFFFFFFFFFFFFFFF960F900F6000010F0000000000000000000000000000006200010F0000000000|14831979|Jim UHF-FM03kt
2026-08-20 08:28:56|8AA68EA66062E0828486888A8CE103F02B110182433281D866002C0100000800000088829C98230000000000913D00000000000000000000|14831979|Jim UHF-FM03kt
2026-08-20 08:28:56|8AA68EA66062E0828486888A8CE103F02A110180456E6475726F736174|14831979|Jim UHF-FM03kt
2026-08-20 08:28:54|8AA68EA66062E0828486888A8CE103F0291101332805016200010A000000000000000000006400010F000000000000000000000000000000|14831979|Jim UHF-FM03kt
2026-08-20 08:28:53|8AA68EA66062E0828486888A8CE103F0271101332605014E00030D000000000000000000000000005900010DFEFFFFFF9F3E44FEC8480000035B0001089F3E44FE6318C8005D0001065F3D9E008100|14831979|Jim UHF-FM03kt
2026-08-20 08:28:52|8AA68EA66062E0828486888A8CE103F0251101332405014600014700000008000000F835339412FC8BC0EBF58E38646EB1C0053DE75F5634B8C0DA884D3D58EA843D9868723D00000000000000000000|14831979|Jim UHF-FM03kt
2026-08-20 08:28:51|8AA68EA66062E0828486888A8CE103F0231101332205013A00011D237ECD43BBF3960A392F1EBDBAA5FF7F3FD429163DF9C11BBC53D2843C46000190AA44121CF100002070000000B0B4800978926B16|14831979|Jim UHF-FM03kt
2026-08-20 08:28:50|8AA68EA66062E0828486888A8CE103F0211101332005013900035FAEBF7B14AE47E17A943FE6A3AEB3F0D9B0B215FFE8332C6519E25817A7BF4182E2C798BB863F3D9B559FABAD98BFFCA9F1D24D6250|14831979|Jim UHF-FM03kt
2026-08-20 08:28:48|8AA68EA66062E0828486888A8CE103F01D1101331C05012A000152AE47E1DA40409CC420B07268E5BF12A5BDC11726E3BF0F9C33A2B437DC3F85EB51B81EF55C400000000000000000A4703D0AD7C358|14831979|Jim UHF-FM03kt
2026-08-20 08:28:47|8AA68EA66062E0828486888A8CE103F01C1101331B05012A000187CCCCCCCC6C41408FC2F5285C1F54C048E17A14AEF37F40000000000000000000000000D7A3703D0AD730C000000000000014407B14|14831979|Jim UHF-FM03kt
2026-08-20 08:28:47|8AA68EA66062E0828486888A8CE103F01B1101331A05011D00010317000021000107010DFFFF0605002A0001AABCBA866A00A7340B756053008261160076CC3B006711D3FFE4E7C3F5285C8F824140CD|14831979|Jim UHF-FM03kt
2026-08-20 08:28:46|8AA68EA66062E0828486888A8CE103F01A1101331905011D000138DC05000070170000DF13000000000000010000007017000000000000000000000000000070170000030D000012030000A50A000070|14831979|Jim UHF-FM03kt
2026-08-20 08:27:56|8AA68EA66062E0828486888A8CE103F0161101834332A9E703000000000000000000000051030000000000000000000000000000000000000000000000000000|14831979|Jim UHF-FM03kt
2026-08-20 08:27:56|8AA68EA66062E0828486888A8CE103F015110182433245D866002C0100000800000088828698230000000000913D00000000000000000000|14831979|Jim UHF-FM03kt
2026-08-20 08:27:56|8AA68EA66062E0828486888A8CE103F014110180456E6475726F736174|14831979|Jim UHF-FM03kt
2026-08-20 08:27:51|8AA68EA66062E0828486888A8CE103F00D1101330F05013A00011D0BE6D1523D55BEB1BB24CBEA3D7BF77D3F173C5DBF8065AC3D8E2AD7BF46000190AA44121CF100002070000000B2B4800918A86A16|14831979|Jim UHF-FM03kt
2026-08-20 08:27:50|8AA68EA66062E0828486888A8CE103F00B1101330D05013900015F943FB81E85EB51B8FABFB9A805B7E4D2E2368E708F36295C8FC2F528ACBF09AC1C5A643B9F3F54E3A59BC420A0BFFCA9F1D24D6250|14831979|Jim UHF-FM03kt
2026-08-20 08:27:49|8AA68EA66062E0828486888A8CE103F00A1101330C0501390001947BF2B0506B8ABFD734EF384547A2BF85EB51B81E85EBBF7B14AE47E17AB43FE17A14AE47E1FABF295C8FC2F528ECBF7B14AE47E17A|14831979|Jim UHF-FM03kt
2026-08-20 08:27:49|8AA68EA66062E0828486888A8CE103F0091101330B0501390001C951B8AE3FE17A14AE47612A4092ED7C3F355EAA3FAED85F764F1E76BF2E211FF46C56BD3F3B92CB7F48BFEF3F7CF2B0506B9AA7BFB3|14831979|Jim UHF-FM03kt
2026-08-20 08:27:48|8AA68EA66062E0828486888A8CE103F0081101330A05012A00011DC01F85EB51B89E2F40D113FBFFE1CD9FFFF9145B009701170200000102390001DD7EBA866A4088D2231F85EB51B89E294067666666|14831979|Jim UHF-FM03kt
2026-08-20 08:27:47|8AA68EA66062E0828486888A8CE103F0051101330705011D00010317000021000107010DFFFF0605002A0001AA7EBA866A4088D22309004F00245F160097744100F71241001AE9713D0AD7A37043407B|14831979|Jim UHF-FM03kt
2026-08-20 08:27:46|8AA68EA66062E0828486888A8CE103F0041101330605011D0001388C0A000070170000DF13000000000000020000007017000000000000000000000000000070170000FF0C000038030000220B000070|14831979|Jim UHF-FM03kt
2026-08-20 08:27:46|8AA68EA66062E0828486888A8CE103F003110133050501090000090000000000000000001D0001607A3E00009E3E0000B6000000650B0000582F000000000000FA00000070170000AD130000FD010000|14831979|Jim UHF-FM03kt
2026-08-20 08:27:45|8AA68EA66062E0828486888A8CE103F0021101330405010700010A01000001000001B3FF0008000116A08966000C00000E0000000001000001000001BCFF000900001600000000000000000000000000|14831979|Jim UHF-FM03kt
2026-08-20 08:27:45|8AA68EA66062E0828486888A8CE103F0011101330305010100010B05DA271E00010010000000060001163F8966000D00000F000000000100000100000175020007000116A38966000D00000D00000000|14831979|Jim UHF-FM03kt
2026-08-20 08:26:51|8AA68EA66062E0828486888A8CE103F0F7110133FC05013A00011D23ADD6C53E90D1123B9B5B4E3FF87EE53EC9C9633D4B66CCBDBF9B9DBC46000190AA44121CF100002070000000B2B48009B8BD6916|14831979|Jim UHF-FM03kt
2026-08-20 03:40:53|8AA68EA66062E0828486888A8CE103F0D9110133C805016200010A000000000000000000006400010F010300FE7430207B07D801D03E8C46|14831275|PE0SAT-11-JO21mr
2026-08-20 03:40:53|8AA68EA66062E0828486888A8CE103F0D8110133C705015E00010501000040005F000110AE0FAC0FFFFFFFFFFFFFFFFFAD0FA90F6000010F0000000000000000000000000000006200010F0000000000|14831275|PE0SAT-11-JO21mr
2026-08-20 03:40:52|8AA68EA66062E0828486888A8CE103F0D7110133C605014E00030D000000000000000000000000005900010DFEFFFFFFDA3E0100A2470000035B000108DA3E01005C03C7005D000106A53D00007B00|14831275|PE0SAT-11-JO21mr
2026-08-20 03:40:52|8AA68EA66062E0828486888A8CE103F0D6110133C5050146000112000000C0164401000000000000000FB330A74E00032C00000000000000000000000000000000000000000000000000000000000000|14831275|PE0SAT-11-JO21mr
2026-08-20 03:40:51|8AA68EA66062E0828486888A8CE103F0D5110133C4050146000147000000000000006A22CC645148BD40458C3DE167D298C0BF529D22C1727EC0B710083FCE835E3F0564A83E00000000000000000000|14831275|PE0SAT-11-JO21mr
2026-08-20 03:40:51|8AA68EA66062E0828486888A8CE103F0D4110133C305014600017C48004802CF44FA4301000000000000009B88925BB8A222412A430E531E0D28413CF1FC3333F35941E5DE1A4245234A42084A774201|14831275|PE0SAT-11-JO21mr
2026-08-20 03:40:50|8AA68EA66062E0828486888A8CE103F0D3110133C205013A00011D23A8849C3E92A6113B5102573FE5A0E53EA81E523DD127CFBDF0B9AFBC46000190AA44121CF100002070000000BB828009B0E56315|14831275|PE0SAT-11-JO21mr
2026-08-20 03:40:50|8AA68EA66062E0828486888A8CE103F0D2110133C105013900012A3FFCA9F1D24D62703FFCA9F1D24D62703F000000000000000000000000000000000000000000000000063A0001244177866A80CAE1|14831275|PE0SAT-11-JO21mr
2026-08-20 03:40:49|8AA68EA66062E0828486888A8CE103F0D1110133C005013900035FB1BF000000000000000023E2CA33AEF68132D17D85B3623255302AA973BF22FDF675E09C713F7B14AE47E17A643FFA7E6ABC749378|14831275|PE0SAT-11-JO21mr
2026-08-20 03:40:49|8AA68EA66062E0828486888A8CE103F0D0110133BF050139000194D5E76A2BF687BF8FE4F21FD26F9FBFB81E85EB51B8AE3F9A9999999999B9BF7B14AE47E17A94BF7B14AE47E17A843FEC51B81E85EB|14831275|PE0SAT-11-JO21mr
2026-08-20 03:40:48|8AA68EA66062E0828486888A8CE103F0CF110133BE0501390001C95CCF3F400AD7A3703D0A6040CD5D4BC8073DD33F2F6EA301BC05623FE561A1D634EFEA3F4E62105839B4DC3FA245B6F3FDD4A8BF67|14831275|PE0SAT-11-JO21mr
2026-08-20 03:40:48|8AA68EA66062E0828486888A8CE103F0CE110133BD05012A00011DC0AE47E17A14EE3140AFD944003D1DE9FF491C28000000000000000002390001DD3C77866A80460A0CD7A3703D0AD72E4090C2F528|14831275|PE0SAT-11-JO21mr
2026-08-20 03:40:47|8AA68EA66062E0828486888A8CE103F0CD110133BC05012A00015247E17AF440402675029A081BE8BF894160E5D022E3BF2CF697DD9387D13F6766666666665A40000000000000000048E17A14AE4759|14831275|PE0SAT-11-JO21mr
2026-08-20 03:40:47|8AA68EA66062E0828486888A8CE103F0CC110133BB05012A0001870AD7A370FD4740713D0AD7A37015C0E17A14AE470B80400000000000000000000000003E0AD7A370BD30C085EB51B81E850D4015AE|14831275|PE0SAT-11-JO21mr
2026-08-20 03:40:46|8AA68EA66062E0828486888A8CE103F0CB110133BA05011D00010317000021000107010DFFFF0605002A0001AA3C77866A80460A0C740B43001EB215003ACF4D005F16350173EC33333333331348403E|14831275|PE0SAT-11-JO21mr
2026-08-20 03:40:46|8AA68EA66062E0828486888A8CE103F0CA110133B905011D0001384503000070170000DF13000000000000010000007017000000000000000000000000000070170000000D00008F030000860B000070|14831275|PE0SAT-11-JO21mr
2026-08-20 03:40:46|8AA68EA66062E0828486888A8CE103F0C9110133B80501090000090000000000000000001D000160D53E0000033F0000690000009D060000562F000000000000FA00000070170000C013000093000000|14831275|PE0SAT-11-JO21mr
2026-08-20 03:40:45|8AA68EA66062E0828486888A8CE103F0C8110133B705010700010A01000001000001B5FF0008000116A14666001100000D0000000001000001000001C3FF000900001600000000000000000000000000|14831275|PE0SAT-11-JO21mr
2026-08-20 03:40:44|8AA68EA66062E0828486888A8CE103F0C7110133B605010100010B0595E41D00010010000000060001163F466600C909000F000000000100000100000198020007000116A34666000D00000E00000000|14831275|PE0SAT-11-JO21mr
2026-08-20 03:39:53|8AA68EA66062E0828486888A8CE103F0C3110133B505016200010A000000000000000000006400010F010300DCB9DC3213078D01D03E104A|14831275|PE0SAT-11-JO21mr
2026-08-20 03:39:53|8AA68EA66062E0828486888A8CE103F0C2110133B405015E00010501000040005F000110AD0FA90FFFFFFFFFFFFFFFFFAD0FA90F6000010F0000000000000000000000000000006200010F0000000000|14831275|PE0SAT-11-JO21mr
2026-08-20 03:39:52|8AA68EA66062E0828486888A8CE103F0C1110133B305014E00030D000000000000000000000000005900010DFEFFFFFFDA3EFBFF47470000035B000108DA3EFBFFD902C6005D000106B43D00007B00|14831275|PE0SAT-11-JO21mr
2026-08-20 03:39:52|8AA68EA66062E0828486888A8CE103F0C0110133B2050146000112000000C007440000000000000000EC4D02B24E00032C00000000000000000000000000000000000000000000000000000000000000|14831275|PE0SAT-11-JO21mr
2026-08-20 03:39:52|8AA68EA66062E0828486888A8CE103F0BF110133B1050146000147000000000000006A22CC645148BD40458C3DE167D298C0BF529D22C1727EC0B710083FCE835E3F0564A83E00000000000000000000|14831275|PE0SAT-11-JO21mr
2026-08-20 03:39:51|8AA68EA66062E0828486888A8CE103F0BE110133B005014600017C48004802CF44FA4301000000000000009B88925BB8A222412A430E531E0D28413CF1FC3333F35941E5DE1A4245234A42084A774201|14831275|PE0SAT-11-JO21mr
2026-08-20 03:39:50|8AA68EA66062E0828486888A8CE103F0BD110133AF05013A00011D178F087E3E0D751E3B42DF5B3FF06BE53E287B623D9B86D5BDB16297BC46000190AA44121CF1000020700000009982800950FB6215|14831275|PE0SAT-11-JO21mr
2026-08-20 03:39:50|8AA68EA66062E0828486888A8CE103F0BC110133AE05013900012A3FFCA9F1D24D62703FFA7E6ABC7493783F000000000000000000000000000000000000000000000000063A0001240477866A8008F6|14831275|PE0SAT-11-JO21mr
2026-08-20 03:39:49|8AA68EA66062E0828486888A8CE103F0BB110133AD05013900015FB1BF0000000000000000A6E2043458098C3244D384B35396218E75717BBF2F6EA301BC05723FC58F31772D216F3F7B14AE47E17A74|14831275|PE0SAT-11-JO21mr
2026-08-20 03:39:49|8AA68EA66062E0828486888A8CE103F0BA110133AC050139000194BAB88D06F086BF82734694F6069FBFB81E85EB51B8AE3F9A9999999999B9BF7B14AE47E17A94BF7B14AE47E17A843FEC51B81E85EB|14831275|PE0SAT-11-JO21mr
2026-08-20 03:39:48|8AA68EA66062E0828486888A8CE103F0B9110133AB0501390003C951783940E17A14AE47F15F402C6519E25817CF3F623255302AA9633F2CF697DD9387EB3F3D9B559FABADDC3F4A0C022B8716A9BF41|14831275|PE0SAT-11-JO21mr
2026-08-20 03:39:48|8AA68EA66062E0828486888A8CE103F0B8110133AA05012A00011DC0A4703D0AD72333402D3249000E88E9FF9AE32C000000000000000002390001DDFF76866A80841E00295C8FC2F5A82840B81E85EB|14831275|PE0SAT-11-JO21mr
2026-08-20 03:39:47|8AA68EA66062E0828486888A8CE103F0B7110133A905012A000152333333F3414086C954C1A8A4E8BF894160E5D022E3BF6A4DF38E5374CC3FA4703D0AD7A35940000000000000000033333333338359|14831275|PE0SAT-11-JO21mr
2026-08-20 03:39:47|8AA68EA66062E0828486888A8CE103F0B6110133A805012A000187703D0AD7E349401F85EB51B81E0FC0295C8FC2F510804000000000000000000000000052B81E85EB512EC06766666666660C403333|14831275|PE0SAT-11-JO21mr
2026-08-20 03:39:46|8AA68EA66062E0828486888A8CE103F0B5110133A705011D00010317000021000107010DFFFF0605002A0001AAFF76866A80841E00188C3D00775B15004D4D52009A179F01FCED9A99999999F94940A4|14831275|PE0SAT-11-JO21mr
2026-08-20 03:39:46|8AA68EA66062E0828486888A8CE103F0B4110133A605011D0001384503000070170000DF13000000000000010000007017000000000000000000000000000070170000FF0C00007F030000670C000070|14831275|PE0SAT-11-JO21mr
2026-08-20 03:39:45|8AA68EA66062E0828486888A8CE103F0B3110133A50501090000090000000000000000001D000160D53E0000FA3E0000710000001D070000532F000000000000FA00000070170000C113000092000000|14831275|PE0SAT-11-JO21mr
2026-08-20 03:39:45|8AA68EA66062E0828486888A8CE103F0B2110133A405010700010A01000001000001B8FF0008000116644666001100000D0000000001000001000001C8FF000900001600000000000000000000000000|14831275|PE0SAT-11-JO21mr
2026-08-20 03:39:44|8AA68EA66062E0828486888A8CE103F0B1110133A305010100010B0559E41D000100100000000600011603466600C909000F000000000100000100000196020007000116674666000D00000E00000000|14831275|PE0SAT-11-JO21mr
2026-08-20 03:39:31|8AA68EA66062E0828486888A8CE103F0B01101834332A9E703000000000000000000000051030000000000000000000000000000000000000000000000000000|14831275|PE0SAT-11-JO21mr
2026-08-20 03:39:31|8AA68EA66062E0828486888A8CE103F0AF1101824332BD9466002901000008000000888220802300000000002B3D00000000000000000000|14831275|PE0SAT-11-JO21mr
2026-08-20 03:39:30|8AA68EA66062E0828486888A8CE103F0AE110180456E6475726F736174|14831282|PE0SAT-31-JO21mr
2026-08-20 03:39:30|8AA68EA66062E0828486888A8CE103F0AE110180456E6475726F736174|14831275|PE0SAT-11-JO21mr
2026-08-20 03:38:53|8AA68EA66062E0828486888A8CE103F0AD110133A205016200010A000000000000000000006400010F01030076BB9C36A90B0303D03E2C47|14831275|PE0SAT-11-JO21mr
2026-08-20 03:38:53|8AA68EA66062E0828486888A8CE103F0AC110133A105015E00010501000040005F000110AC0FAB0FFFFFFFFFFFFFFFFFAC0FA90F6000010F0000000000000000000000000000006200010F0000000000|14831275|PE0SAT-11-JO21mr
2026-08-20 03:38:52|8AA68EA66062E0828486888A8CE103F0AB110133A005014E00030D000000000000000000000000005900010DFEFFFFFFD93EF8FFF3460000035B000108DA3EFDFF0703C5005D000106A53D00008100|14831275|PE0SAT-11-JO21mr
2026-08-20 03:38:52|8AA68EA66062E0828486888A8CE103F0AA1101339F05014600011200000080F1430000000000000000AB4C1C344E00032C00000000000000000000000000000000000000000000000000000000000000|14831275|PE0SAT-11-JO21mr
2026-08-20 03:38:51|8AA68EA66062E0828486888A8CE103F0A91101339E050146000147000000000000006A22CC645148BD40458C3DE167D298C0BF529D22C1727EC0B710083FCE835E3F0564A83E00000000000000000000|14831275|PE0SAT-11-JO21mr
2026-08-20 03:38:51|8AA68EA66062E0828486888A8CE103F0A81101339D05014600017C48004802CF44FA4301000000000000009B88925BB8A222412A430E531E0D28413CF1FC3333F35941E5DE1A4245234A42084A774201|14831275|PE0SAT-11-JO21mr
2026-08-20 03:38:50|8AA68EA66062E0828486888A8CE103F0A71101339C05013A00011D0C9BF6413E351D163B4EA15F3F1B8EE53E6A475E3D32FCD6BD60C554BC46000190AA44121CF1000020700000009C828009F0106215|14831275|PE0SAT-11-JO21mr
2026-08-20 03:38:50|8AA68EA66062E0828486888A8CE103F0A61101339B05013900012A3FFA7E6ABC7493683F79E9263108AC7C3F000000000000000000000000000000000000000000000000063A000124C776866A80460A|14831275|PE0SAT-11-JO21mr
2026-08-20 03:38:49|8AA68EA66062E0828486888A8CE103F0A51101339A05013900015FB1BF0000000000000000C8D10C34B6392E32DAFA12B3DF718A8EE4F26FBF3CDF4F8D976E723F623255302AA9433F7B14AE47E17A74|14831275|PE0SAT-11-JO21mr
2026-08-20 03:38:49|8AA68EA66062E0828486888A8CE103F0A411013399050139000194F6065F984C85BFB91E85EB51B89EBF9A9999999999A93F9A9999999999B9BF7B14AE47E17A84BF0000000000000000EC51B81E85EB|14831275|PE0SAT-11-JO21mr
2026-08-20 03:38:48|8AA68EA66062E0828486888A8CE103F0A3110133980501390001C9E1BA334085EB51B81ED55F402063EE5A423EC83F4850FC1873D7623FA323B9FC87F4EB3FC6FEB27BF2B0DC3FF2D24D621058A9BF95|14831275|PE0SAT-11-JO21mr
2026-08-20 03:38:48|8AA68EA66062E0828486888A8CE103F0A21101339705012A00011DC0AE47E17A146E344015DE4C0084E9E9FF8C8031000000000000000002390001DDC776866A80460A0C9A999999991923407B14AE47|14831275|PE0SAT-11-JO21mr
2026-08-20 03:38:47|8AA68EA66062E0828486888A8CE103F0A11101339605012A000152EB51B8BE4240462575029A08E9BF894160E5D022E3BFACADD85F764FC63FE17A14AE47F15840000000000000000085EB51B81EC559|14831275|PE0SAT-11-JO21mr
2026-08-20 03:38:47|8AA68EA66062E0828486888A8CE103F0A01101339505012A000187E17A14AEC74B4085EB51B81E8501C0C3F5285C8F1680400000000000000000000000003E0AD7A3703D2BC048E17A14AE470B40713D|14831275|PE0SAT-11-JO21mr
2026-08-20 03:38:46|8AA68EA66062E0828486888A8CE103F09E1101339305011D0001385E03000070170000DF13000000000000010000007017000000000000000000000000000070170000FE0C0000830300009F0B000070|14831275|PE0SAT-11-JO21mr
2026-08-20 03:38:45|8AA68EA66062E0828486888A8CE103F09D110133920501090000090000000000000000001D000160D53E0000FA3E0000030100004F100000562F000000000000FA00000070170000C113000094000000|14831275|PE0SAT-11-JO21mr
2026-08-20 03:38:45|8AA68EA66062E0828486888A8CE103F09C1101339105010700010A01000001000001C4FF0008000116274666001100000D0000000001000001000001CDFF000900001600000000000000000000000000|14831275|PE0SAT-11-JO21mr
2026-08-20 03:38:44|8AA68EA66062E0828486888A8CE103F09B1101339005010100010B051DE41D0001001000000006000116C6456600C909000F0000000001000001000001930200070001162A4666000D00000D00000000|14831275|PE0SAT-11-JO21mr
2026-08-20 02:08:52|8AA68EA66062E0828486888A8CE103F0F3110133F1050146000112000000002D440000000000000000F03D1E124E00032C00000000000000000000000000000000000000000000000000000000000000|14830962|Plyachka-KN12rl
2026-08-20 02:07:53|8AA68EA66062E0828486888A8CE103F0E0110133E105016200010A000000000000000000006400010F010300BE73421D13079A01023FB649|14830962|Plyachka-KN12rl
2026-08-20 02:07:52|8AA68EA66062E0828486888A8CE103F0DE110133DF05014E00030D000000000000000000000000005900010DFEFFFFFFDA3EFAFF09480000035B000108DA3EF9FFBC02C7005D000106A53D00008100|14830962|Plyachka-KN12rl
2026-08-20 02:07:51|8AA68EA66062E0828486888A8CE103F0DC110133DD050146000147000000000000006AC8D547172ABD406BA5E884EE699540B6763DF4871392C07730873EBF73123FFA6A353F00000000000000000000|14830962|Plyachka-KN12rl
2026-08-20 02:07:50|8AA68EA66062E0828486888A8CE103F0DA110133DB05013A00011D005FA0CF3E21BEA63AEBC14B3FEE24E63E3E13643D734AB9BD63C695BC46000190AA44121CF10000207000000099828009D0C00E15|14830962|Plyachka-KN12rl
2026-08-20 02:07:49|8AA68EA66062E0828486888A8CE103F0D8110133D905013900015FA9BF7B14AE47E17A843FA03ED2320DF72731675D36B3ED0DBE30992A78BFD200DE02098A7F3F79E9263108AC6CBFFA7E6ABC749378|14830962|Plyachka-KN12rl
2026-08-20 02:07:49|8AA68EA66062E0828486888A8CE103F0D7110133D805013900019428ED0DBE3089BF32E6AE25E4839EBFB81E85EB51B8AE3F0AD7A3703D0AB7BF7B14AE47E17A94BF7B14AE47E17A943F9A9999999999|14830962|Plyachka-KN12rl
2026-08-20 02:07:48|8AA68EA66062E0828486888A8CE103F0D5110133D605012A00011DC015AE47E17A143040CB33410093F90F00588822002701480100000002390001DD7061866A4088D2233E0AD7A370FD34408FC2F528|14830962|Plyachka-KN12rl
2026-08-20 02:07:47|8AA68EA66062E0828486888A8CE103F0D4110133D505012A000152703D0A173F405917B7D100DEE6BFC58F31772D21E3BF1973D712F241D73F90C2F5285CBF5B40000000000000000048E17A14AEF758|14830962|Plyachka-KN12rl
2026-08-20 02:07:47|8AA68EA66062E0828486888A8CE103F0D3110133D405012A000187CCCCCCCC8C4440D7A3703D0A1730403E0AD7A370018040000000000000000000000000713D0AD7A3B033C00AD7A3703D0A0140D7A3|14830962|Plyachka-KN12rl
2026-08-20 02:07:46|8AA68EA66062E0828486888A8CE103F0D2110133D305011D00010317000021000107010DFFFF0605002A0001AA7061866A4088D2234C304C00DDF7150050D34400E6136E00E9E9A4703D0AD7A34440CD|14830962|Plyachka-KN12rl
2026-08-20 02:07:46|8AA68EA66062E0828486888A8CE103F0D1110133D205011D0001385E03000070170000DF13000000000000010000007017000000000000000000000000000070170000FE0C000091030000280C000070|14830962|Plyachka-KN12rl
2026-08-20 02:07:45|8AA68EA66062E0828486888A8CE103F0D0110133D10501090000090000000000000000001D000160D53E0000FA3E00005B000000BB050000582F000000000000FA00000070170000C213000093000000|14830962|Plyachka-KN12rl
2026-08-20 02:07:45|8AA68EA66062E0828486888A8CE103F0CF110133D005010700010A01000001000001AEFF0008000116E93066001000000D0000000001000001000001C3FF000900001600000000000000000000000000|14830962|Plyachka-KN12rl
2026-08-20 02:07:44|8AA68EA66062E0828486888A8CE103F0CE110133CF05010100010B05C9CE1D000100100000000600011688306600C909000F0000000001000001000001A0020007000116EC3066000D00000E00000000|14830962|Plyachka-KN12rl
2026-08-20 02:07:24|8AA68EA66062E0828486888A8CE103F0CD1101834332A9E703000000000000000000000051030000000000000000000000000000000000000000000000000000|14830962|Plyachka-KN12rl
2026-08-20 02:07:24|8AA68EA66062E0828486888A8CE103F0CC11018243322C7F6600290100000800000088823D78230000000000263D00000000000000000000|14830962|Plyachka-KN12rl
2026-08-20 02:07:23|8AA68EA66062E0828486888A8CE103F0CB110180456E6475726F736174|14830962|Plyachka-KN12rl
2026-08-20 02:06:53|8AA68EA66062E0828486888A8CE103F0CA110133CE05016200010A000000000000000000006400010F010300C4BD3C37C40B0F03023FDC46|14830962|Plyachka-KN12rl
2026-08-20 02:06:52|8AA68EA66062E0828486888A8CE103F0C7110133CB050146000112000000000F4400000000000000004D767C5C4E00032C00000000000000000000000000000000000000000000000000000000000000|14830962|Plyachka-KN12rl
2026-08-20 02:06:51|8AA68EA66062E0828486888A8CE103F0C5110133C905014600017C48804802CF44FA430100000000000000C78854069CE12941F2475AA8D7903041D4AEE8E744B25941E2D2BE411B6D3E42CB6F9A4201|14830962|Plyachka-KN12rl
2026-08-20 02:06:50|8AA68EA66062E0828486888A8CE103F0C4110133C805013A00011D23FC68B33E68A5043BDA71523F3CCCE53E5A00593D5563CEBD05F2B2BC46000190AA44121CF1000020700000009B82800970D60D15|14830962|Plyachka-KN12rl
2026-08-20 02:06:50|8AA68EA66062E0828486888A8CE103F0C3110133C705013900012A3F7B14AE47E17A743FFCA9F1D24D62703F000000000000000000000000000000000000000000000000063A0001243861866A4088D2|14830962|Plyachka-KN12rl
2026-08-20 02:06:49|8AA68EA66062E0828486888A8CE103F0C2110133C605013900015FAEBF00000000000000005A2C9E333B863832F241E4B3C58F31772D216FBFE19C11A5BDC1773F168C4AEA043461BFFA7E6ABC749378|14830962|Plyachka-KN12rl
2026-08-20 02:06:49|8AA68EA66062E0828486888A8CE103F0C1110133C5050139000194B74082E2C788BFC58F31772D219FBF9A9999999999A93F9A9999999999B9BF7B14AE47E17A94BF7B14AE47E17A843FB81E85EB51B8|14830962|Plyachka-KN12rl
2026-08-20 02:06:48|8AA68EA66062E0828486888A8CE103F0C0110133C40501390003C9A37042407B14AE47E11A6040EA263108AC1CD63FC58F31772D215F3F744694F6065FEA3F5F29CB10C7BADC3FE561A1D634EFA8BFFA|14830962|Plyachka-KN12rl
2026-08-20 02:06:48|8AA68EA66062E0828486888A8CE103F0BF110133C305012A00011DC085EB51B81E05314083D2450053661000563327002701480100000002390001DD3361866A4004FB0BE17A14AE47E13140713D0AD7|14830962|Plyachka-KN12rl
2026-08-20 02:06:45|8AA68EA66062E0828486888A8CE103F0BA110133BE0501090000090000000000000000001D000160D53E0000FA3E0000790000009E070000552F000000000000FA00000070170000C113000093000000|14830962|Plyachka-KN12rl
2026-08-20 02:06:45|8AA68EA66062E0828486888A8CE103F0B9110133BD05010700010A01000001000001B3FF0008000116AD3066001000000D0000000001000001000001C6FF000900001600000000000000000000000000|14830962|Plyachka-KN12rl
2026-08-20 02:06:44|8AA68EA66062E0828486888A8CE103F0B8110133BC05010100010B058DCE1D00010010000000060001164C306600C909000F0000000001000001000001A0020007000116AF3066000D00000E00000000|14830962|Plyachka-KN12rl
